TCAGCCAGTCCGAATCCGGGTCCGCAGAAAACCCCGCCAC,DMT ON,Unnamed sequence_Oligo0,CUSTOMER
CCCGGATTCGGACTGGCTGA,DMT ON,Unnamed sequence_Oligo1,CUSTOMER
GGGACACTTTTTTCACTGCCAGTGGCGGGGTTTTCTGCGGA,DMT ON,Unnamed sequence_Oligo2,CUSTOMER
TGGCAGTGAAAAAAGTGTCCCAGTATGCGTGCCAGCGCCGCA,DMT ON,Unnamed sequence_Oligo3,CUSTOMER
AGATTTTATTACAGTTATTCAACGTGGTGCGGCGCTGGCACGCATACT,DMT ON,Unnamed sequence_Oligo4,CUSTOMER
CCACGTTGAATAACTGTAATAAAATCTTTACCGATGCCTTCGAAGTGC,DMT ON,Unnamed sequence_Oligo5,CUSTOMER
CGGAATTCATAGTTCTCGGCCAGCACTTCGAAGGCATCGGTAA,DMT ON,Unnamed sequence_Oligo6,CUSTOMER
TGGCCGAGAACTATGAATTCCGCGAAAATGAAGGTTCTTGCTTGG,DMT ON,Unnamed sequence_Oligo7,CUSTOMER
AGATGCCGCACGCATGAAGGCCAAGCAAGAACCTTCATTTTCG,DMT ON,Unnamed sequence_Oligo8,CUSTOMER
CCTTCATGCGTGCGGCATCTGTCCTCAAGAGCCTGCCATT,DMT ON,Unnamed sequence_Oligo9,CUSTOMER
TCTGTATCCTTCATGGAAATAATGGTAAATGGCAGGCTCTTGAGGAC,DMT ON,Unnamed sequence_Oligo10,CUSTOMER
TACCATTATTTCCATGAAGGATACAGAAGGTTTGATCGAGGAGATTATTGAAG,DMT ON,Unnamed sequence_Oligo11,CUSTOMER
AACTTCTGAGGATTCGCCGTCTTCAATAATCTCCTCGATCAAACCT,DMT ON,Unnamed sequence_Oligo12,CUSTOMER
ACGGCGAATCCTCAGAAGTTAAAGCAGTGTTGAACGATGAGC,DMT ON,Unnamed sequence_Oligo13,CUSTOMER
TGTAAAAAGCTTGAATGACTGGTAGCGCTCATCGTTCAACACTGCTTT,DMT ON,Unnamed sequence_Oligo14,CUSTOMER
GCTACCAGTCATTCAAGCTTTTTACATCTGTTTTCGGTGTTGGTCTGA,DMT ON,Unnamed sequence_Oligo15,CUSTOMER
CGAAACCATTTCTCGGAGGTTTTCAGACCAACACCGAAAACAGA,DMT ON,Unnamed sequence_Oligo16,CUSTOMER
AAACCTCCGAGAAATGGTTTCGCATGGGCCTGCGTACGCTGT,DMT ON,Unnamed sequence_Oligo17,CUSTOMER
TCAGTGTTTTGTCTGATTTGATTTTCGACAGCGTACGCAGGCCCATG,DMT ON,Unnamed sequence_Oligo18,CUSTOMER
CGAAAATCAAATCAGACAAAACACTGAAACTGACCCGTATGCAGAAAGC,DMT ON,Unnamed sequence_Oligo19,CUSTOMER
ACCAAATCTTCATAGTACAGAAAACCCGCTTTCTGCATACGGGTCAGTT,DMT ON,Unnamed sequence_Oligo20,CUSTOMER
GGGTTTTCTGTACTATGAAGATTTGGTCAGTTGCGTCAGCAAGGCGG,DMT ON,Unnamed sequence_Oligo21,CUSTOMER
AACAGAAACGGCTTCCGCTTCCGCCTTGCTGACGCAACTG,DMT ON,Unnamed sequence_Oligo22,CUSTOMER
AAGCGGAAGCCGTTTCTGTTATTGTCAAAGAGGCCGTCTGG,DMT ON,Unnamed sequence_Oligo23,CUSTOMER
AGCGCATCCGGCAGGAATGCCCAGACGGCCTCTTTGACAAT,DMT ON,Unnamed sequence_Oligo24,CUSTOMER
GCATTCCTGCCGGATGCGCTGAAAAAAATCGGTCATGATGTGGAC,DMT ON,Unnamed sequence_Oligo25,CUSTOMER
CCCGGGCTGGTGATCAGAAAGTCCACATCATGACCGATTTTTTTC,DMT ON,Unnamed sequence_Oligo26,CUSTOMER
TTTCTGATCACCAGCCCGGGTTCGGGCGAGGAAGAACAGC,DMT ON,Unnamed sequence_Oligo27,CUSTOMER
CACAAGTTGATAACTTTGTGCAACAGCTGTTCTTCCTCGCCCGAA,DMT ON,Unnamed sequence_Oligo28,CUSTOMER
TGTTGCACAAAGTTATCAACTTGTGGGAAAAAGGTCTGCTGCTGTATT,DMT ON,Unnamed sequence_Oligo29,CUSTOMER
CAAACGTACTTTCCACCAGATCACAATACAGCAGCAGACCTTTTTCC,DMT ON,Unnamed sequence_Oligo30,CUSTOMER
GTGATCTGGTGGAAAGTACGTTTGAGAAAAGTAAACTTCCGTCTCGTAAG,DMT ON,Unnamed sequence_Oligo31,CUSTOMER
AAAATGGTCAAGGGCATCCACCTTACGAGACGGAAGTTTACTTTTCT,DMT ON,Unnamed sequence_Oligo32,CUSTOMER
GTGGATGCCCTTGACCATTTTCAGAAATGCTTCCTCATCCTGAAG,DMT ON,Unnamed sequence_Oligo33,CUSTOMER
AATCCACACGCTGATGATGAAGCTTCAGGATGAGGAAGCATTTCTG,DMT ON,Unnamed sequence_Oligo34,CUSTOMER
CTTCATCATCAGCGTGTGGATTCTTTGAAAAGCAGTCAGCAAGAAG,DMT ON,Unnamed sequence_Oligo35,CUSTOMER
GAATCGCTTTCCAGGTCTTGCCTTCTTGCTGACTGCTTTTCAAAG,DMT ON,Unnamed sequence_Oligo36,CUSTOMER
GCAAGACCTGGAAAGCGATTCGCGTGGATTTGGTCATGTGT,DMT ON,Unnamed sequence_Oligo37,CUSTOMER
TGACGATAGCGTTCGTACGGACACATGACCAAATCCACGC,DMT ON,Unnamed sequence_Oligo38,CUSTOMER
CCGTACGAACGCTATCGTCAATTTGAGCGTGATCTCCGCC,DMT ON,Unnamed sequence_Oligo39,CUSTOMER
ACGTTCATGGGTGGCGTAACGGCGGAGATCACGCTCAAAT,DMT ON,Unnamed sequence_Oligo40,CUSTOMER
GTTACGCCACCCATGAACGTAAAATGATGTTGGATAACCACGCG,DMT ON,Unnamed sequence_Oligo41,CUSTOMER
GAAGATGCGTTTCGTTTTATCATACAGCGCGTGGTTATCCAACATCATTTT,DMT ON,Unnamed sequence_Oligo42,CUSTOMER
CTGTATGATAAAACGAAACGCATCTTCCTGAAAGCGGAATCGGAAGAAG,DMT ON,Unnamed sequence_Oligo43,CUSTOMER
CAAACCCAGATGCGCAAAAATTTCTTCTTCCGATTCCGCTTTCAG,DMT ON,Unnamed sequence_Oligo44,CUSTOMER
AAATTTTTGCGCATCTGGGTTTGGATTATATCGAACCATGGGAACGC,DMT ON,Unnamed sequence_Oligo45,CUSTOMER
TGCGTTGCGTTCCCATGGTTCGATATAATC,DMT ON,Unnamed sequence_Oligo46,CUSTOMER
AACGCA,DMT ON,Unnamed sequence_Oligo47,CUSTOMER
