TATAGGATCCATGCAAGTGACTTTATATTATTCTTTAG;DMTON;1325-Bam-F;FISUNOV
TATAGTCGACTTAGTATTTAAGGGCATTGACTTG;DMTON;1325-Sal-R;FISUNOV
TATAGGATCCGTGAGTATGGTTGATTACGAAG;DMTON;DnaB2-Bam-F;FISUNOV
TATAGTCGACTTAGTTACGTTTTTGCAATTCAAAC;DMTON;DnaB2-Sal-R;FISUNOV
AACGGCAAGTTATTTTTCTTCCAACGCTCGTTTAAATAAAT;DMTON;DnaB2-M1;FISUNOV
ATTTATTTAAACGAGCGTTGGAAGAAAAATAACTTGCCGTT;DMTON;DnaB2-M2;FISUNOV
AGTGAAGATAGCTAATTCCATAAGAATACTTTAAAAATAAAGTAAAGAATGA;DMT ON;RplJ-trap_F0-1;FISUNOV
CTTTGGTTATTGCTTTAATGAGTCCTCATTCTTTACTTTATTTTTAAAG;DMT ON;RplJ-trap_F0-2;FISUNOV
ATTAAAGCAATAACCAAAGACCATAACTGGTAAATCACTTGATTTCCTTAATTC;DMT ON;RplJ-trap_F0-3;FISUNOV
GTTATTAGATATGGTTATCTAACCTACATAACGAATTAAGGAAATCAAGTG;DMT ON;RplJ-trap_F0-4;FISUNOV
GTTAGATAACCATATCTAATAACAATCTTTGTTATTGTTTTCACTTTACTAATTGAATTTTAAATACAC;DMT ON;RplJ-trap_F0-5;FISUNOV
GTGTATTTAAAATTCAATTAGTAAAGTGAAAACAAT;DMT ON;RplJ-trap_F0-6;FISUNOV
AAGTACTTTTTTTGAAATTTCAGATAAGATCTGATAAATCAGATAGGTCGGATTAT;DMT ON;UvrB-trap_F0-1;FISUNOV
TATGCACAGTTATCTGATAAATCAGATAATCCGACCTATCTGAT;DMT ON;UvrB-trap_F0-2;FISUNOV
TTTATCAGATAACTGTGCATATCTGATTTATCAGATAGGCGGGCATATCTGATAAATCA;DMT ON;UvrB-trap_F0-3;FISUNOV
TGATTCATCAGATGGTAGGTTCATCTGATTTATCAGATATGCCC;DMT ON;UvrB-trap_F0-4;FISUNOV
TAAGGCGACCTATGGCTAAGGTGCATTGTTAGCTTACTTCACATTAGCCAACAGAC;DMTON;N4-AP-R;FISUNOV
GCTAACAATGCACCTTAGCCATAGGTCGCCTTAAGTTGTAAACTCAAGGTCATTC;DMTON;N4-AP-F;FISUNOV
GTTGAGCTTATTGTTTGACAAC;DMTON;pfkA-F;FISUNOV
GTTTCTTATTTTAGTAATACAAAGTTAGTC;DMTON;pykF-R;FISUNOV
TCTGCAGTCGACGGGCCCGGGATCCGATGTTGAGCTTATTGTTTGACAAC;DMTON;pfkA-ZF;FISUNOV
GCTCGGTACCTCGCGAATGCATCTAGATGTTTCTTATTTTAGTAATACAAAGTTAGTC;DMTON;pykF-ZR;FISUNOV
GCAAGAACGATCTGATCTTCTACTAAGCCTTTATAACCTTC;DMTON;pfkA-M1;FISUNOV
GAAGGTTATAAAGGCTTAGTAGAAGATCAGATCGTTCTTGC;DMTON;pfkA-M2;FISUNOV
GCGATCGTTTTTAAACTATCTCTGCCATCTTCACCATAAAT;DMTON;pfkA-M3;FISUNOV
ATTTATGGTGAAGATGGCAGAGATAGTTTAAAAACGATCGC;DMTON;pfkA-M4;FISUNOV
ACGTTGACCGTAGGTTAATATATTAAGATTAGTTTTAATTC;DMTON;pfkA-M5;FISUNOV
GAATTAAAACTAATCTTAATATATTAACCTACGGTCAACGT;DMTON;pfkA-M6;FISUNOV
CCATAATCAACACCATGACTTGTATATACGTTTTGATCATC;DMTON;pykF-M1;FISUNOV
GATGATCAAAACGTATATACAAGTCATGGTGTTGATTATGG;DMTON;pykF-M2;FISUNOV
CCATATATTATAATTAAAGCAAAACAACTTACAAAG;DMTON;pgi-F;FISUNOV
TCTGCAGTCGACGGGCCCGGGATCCGATCCATATATTATAATTAAAGCAAAACAACTTAC;DMTON;pgi-ZF;FISUNOV
TCTGTTACTTTTAATTTATCCCATTCAGCAATCTTATTATC;DMTON;pgi-M1;FISUNOV
GATAATAAGATTGCTGAATGGGATAAATTAAAAGTAACAGA;DMTON;pgi-M2;FISUNOV
CCTTCGATTAGTTGCTTATAGTCAGCCCCTACAAGACCAGC;DMTON;pgi-M3;FISUNOV
GCTGGTCTTGTAGGGGCTGACTATAAGCAACTAATCGAAGG;DMTON;pgi-M4;FISUNOV
CCCCTGGTTGGTTATAAGGGTCATGACCTAATAGTAGTGC;DMTON;pgi-M5;FISUNOV
GCACTACTATTAGGTCATGACCCTTATAACCAACCAGGGG;DMTON;pgi-M6;FISUNOV
CTATACACTAAAGGGTTAAATGCTTGACCTCCAGCTCCTGG;DMTON;rpe-M1;FISUNOV
CCAGGAGCTGGAGGTCAAGCATTTAACCCTTTAGTGTATAG;DMTON;rpe-M2;FISUNOV
AAAAACAATAAAGCAAGTAATTAGC;DMTON;rpe-R;FISUNOV
GCTCGGTACCTCGCGAATGCATCTAGATAAAAACAATAAAGCAAGTAATTAGC;DMTON;rpe-ZR;FISUNOV
TGTTATAATTAAAAAGGAGAGTTAATTCAAAATATAAAC;DMTON;gapd-F;FISUNOV
GTTGAGCTTATTGTTTGACAACAATTATTAATAATTATGTTATAATTAAAAAGGAGAGTTAATTC;DMTON;gapd-ZF;FISUNOV
GAGGTTTAGTAACTTTAAAGTCTTG;DMTON;pgk-R;FISUNOV
GCTCGGTACCTCGCGAATGCATCTAGATGAGGTTTAGTAACTTTAAAGTCTTG;DMTON;pgk-ZR;FISUNOV
AAATCAACTTTGTGTTTCTTCCATGGAATTTGTGTAGGATC;DMTON;gapd-M1;FISUNOV
GATCCTACACAAATTCCATGGAAGAAACACAAAGTTGATTT;DMTON;gapd-M2;FISUNOV
GCTGATAAAACTACTTTCTTTGCACCACCTTTAAGGTGTGC;DMTON;gapd-M3;FISUNOV
GCACACCTTAAAGGTGGTGCAAAGAAAGTAGTTTTATCAGC;DMTON;gapd-M4;FISUNOV
GGTACCATATTAAATGCAGCTGCACGTCCTCTTCTGTAGTC;DMTON;gapd-M5;FISUNOV
GACTACAGAAGAGGACGTGCAGCTGCATTTAATATGGTACC;DMTON;gapd-M6;FISUNOV
TATGAAGATTCGTTATCATACCATGCGTATAGTTTGTATAG;DMTON;gapd-M7;FISUNOV
CTATACAAACTATACGCATGGTATGATAACGAATCTTCATA;DMTON;gapd-M8;FISUNOV
GAAGTAGTTAAAAAAGAATCTAAAAACAGTCCAGAACTAGGACGTTTCTGGGCTAG;DMTON;pgk-M1;FISUNOV
CTAGCCCAGAAACGTCCTAGTTCTGGACTGTTTTTAGATTCTTTTTTAACTACTTC;DMTON;pgk-M2;FISUNOV
CTTTTAATTTATCTGATACCTTTGCACCCCCTAAGATCACAAC;DMTON;pgk-M3;FISUNOV
GTTGTGATCTTAGGGGGTGCAAAGGTATCAGATAAATTAAAAG;DMTON;pgk-M4;FISUNOV
CAAACACACACTTACCAGCTGGTGCAGTTTTAATATCAGTG;DMTON;pgk-M5;FISUNOV
CACTGATATTAAAACTGCACCAGCTGGTAAGTGTGTGTTTG;DMTON;pgk-M6;FISUNOV
AAAACACCTAAAGGACCGTTCCAAAAGATTGATTTAGCTTT;DMTON;pgk-M7;FISUNOV
AAAGCTAAATCAATCTTTTGGAACGGTCCTTTAGGTGTTTT;DMTON;pgk-M8;FISUNOV
GCCGAAATTTAAATTTTATTATAATTTATATGGACCTTAAAAATAAGAAATTTATGAACAG;DMTON;tpiA-F;FISUNOV
TCTGCAGTCGACGGGCCCGGGATCCGATGCCGAAATTTAAATTTTATTATAATTTATATGG;DMTON;tpiA-ZF;FISUNOV
TGAGTAGTTTTATATGTTTTCCAATTTCCAAAGATATATCT;DMTON;tpiA-M1;FISUNOV
AGATATATCTTTGGAAATTGGAAAACATATAAAACTACTCA;DMTON;tpiA-M2;FISUNOV
GATCTTTTAATAAAGAACTTCCAATTCCTTTAAGATCTTTTTC;DMTON;tpiA-M3;FISUNOV
GAAAAAGATCTTAAAGGAATTGGAAGTTCTTTATTAAAAGATC;DMTON;tpiA-M4;FISUNOV
AAAACCCAAACTAAAGAATCTG;DMTON;gpmI-R;FISUNOV
GCTCGGTACCTCGCGAATGCATCTAGATAAAACCCAAACTAAAGAATCTG;DMTON;gpmI-ZR;FISUNOV
TTTGTTATAATATTATTGTTGATTCAACAGAGG;DMTON;fba-F;FISUNOV
TCTGCAGTCGACGGGCCCGGGATCCGATTTTGTTATAATATTATTGTTGATTCAACAG;DMTON;fba-ZF;FISUNOV
GCTAATAAGATTGCTCTAGTCCATTCTAAGTTGTTCGTATT;DMTON;fba-M1;FISUNOV
AATACGAACAACTTAGAATGGACTAGAGCAATCTTATTAGC;DMTON;fba-M2;FISUNOV
GATATCCGCCCATATATTTGACAGCACCTTCACTAGCAGC;DMTON;fba-M3;FISUNOV
GCTGCTAGTGAAGGTGCTGTCAAATATATGGGCGGATATC;DMTON;fba-M4;FISUNOV
ACTTCAAAGTTTAAAGACTTCCAAGTAGGGGGATAAATTCC;DMTON;fba-M5;FISUNOV
GGAATTTATCCCCCTACTTGGAAGTCTTTAAACTTTGAAGT;DMTON;fba-M6;FISUNOV
TTAAGCTTTGTTCTCTGAACCG;DMTON;fba-R;FISUNOV
GCTCGGTACCTCGCGAATGCATCTAGATTTAAGCTTTGTTCTCTGAACCG;DMTON;fba-RZ;FISUNOV
TTATGGTATAATTAACATGGAACAAAAGAAGAAAATAAAATGGC;DMTON;eno-F;FISUNOV
TCTGCAGTCGACGGGCCCGGGATCCGATTTATGGTATAATTAACATGGAACAAAAG;DMTON;eno-ZF;FISUNOV
CTCAGTTTGTAAAGTAGCGTCAACACCTAAGATTTTTGG;DMTON;eno-M1;FISUNOV
CCAAAAATCTTAGGTGTTGACGCTACTTTACAAACTGAG;DMTON;eno-M2;FISUNOV
CCGTTAATTACGTTTAACATTGGAACTGGTAAGATGAAATC;DMTON;eno-M3;FISUNOV
GATTTCATCTTACCAGTTCCAATGTTAAACGTAATTAACGG;DMTON;eno-M4;FISUNOV
CAGTCAAGTGCAAACGCAACGTCCTTACCTAAAGCATACCC;DMTON;eno-M5;FISUNOV
GGGTATGCTTTAGGTAAGGACGTTGCGTTTGCACTTGACTG;DMTON;eno-M6;FISUNOV
GTTAGTGATTCCATCCCTTTCCAGTCGTTTTCATCTAAACC;DMTON;eno-M7;FISUNOV
GGTTTAGATGAAAACGACTGGAAAGGGATGGAATCACTAAC;DMTON;eno-M8;FISUNOV
CGGTGAGAAACTACAGCCGTCCAGTTTGCTTTTTTAGCAAT;DMTON;eno-M9;FISUNOV
ATTGCTAAAAAAGCAAACTGGACGGCTGTAGTTTCTCACCG;DMTON;eno-M10;FISUNOV
GTCTGGTTCATAATTCAGTTTC;DMTON;eno-R;FISUNOV
GCTCGGTACCTCGCGAATGCATCTAGATGTCTGGTTCATAATTCAGTTTC;DMTON;eno-ZR;FISUNOV
TTATGGTATAATAAAACTGTAACCTAAAAGAAAC;DMTON;ldh-F;FISUNOV
TCTGCAGTCGACGGGCCCGGGATCCGATTTATGGTATAATAAAACTGTAACCTAAAAG;DMTON;ldh-ZF;FISUNOV
TACTGACCAAGGAACGATTGCACCTGAACCGTGTTCACCAACTACGAAC;DMTON;ldh-M1;FISUNOV
GTTCGTAGTTGGTGAACACGGTTCAGGTGCAATCGTTCCTTGGTCAGTA;DMTON;ldh-M2;FISUNOV
TACTTATCATCTAATTGAACTCCTACACCTAAAACCATATT;DMTON;ldh-M3;FISUNOV
AATATGGTTTTAGGTGTAGGAGTTCAATTAGATGATAAGTA;DMTON;ldh-M4;FISUNOV
GCGGAGATATGTTGAAAACTAG;DMTON;ldh-R;FISUNOV
GCTCGGTACCTCGCGAATGCATCTAGATGCGGAGATATGTTGAAAACTAG;DMTON;ldh-RZ;FISUNOV
TTATATTATAATTAAATAGCAATTATGGACAAGAG;DMTON;rpiB-F;FISUNOV
TCTGCAGTCGACGGGCCCGGGATCCGATTTATATTATAATTAAATAGCAATTATGGACAAG;DMTON;rpiB-ZF;FISUNOV
AGCTTTTAATGGATCTTTAATCTTG;DMTON;rpiB-R;FISUNOV
GCTCGGTACCTCGCGAATGCATCTAGATAGCTTTTAATGGATCTTTAATCTTG;DMTON;rpiB-ZR;FISUNOV
TATTATAATTACATTGATTGATTTAAAAAGGGTCAATCTG;DMTON;tktA1-F;FISUNOV
TCTGCAGTCGACGGGCCCGGGATCCGATTATTATAATTACATTGATTGATTTAAAAAGGG;DMTON;tktA1-ZF;FISUNOV
GTGGCATATAACAAAGCACTTCCATGACCTGCACTTAAGAT;DMTON;tktA1-M1;FISUNOV
ATCTTAAGTGCAGGTCATGGAAGTGCTTTGTTATATGCCAC;DMTON;tktA1-M2;FISUNOV
AAACCAACAGATGTTGCTGCTCCTTGACCTAATGGCCCTGT;DMTON;tktA1-M3;FISUNOV
ACAGGGCCATTAGGTCAAGGAGCAGCAACATCTGTTGGTTT;DMTON;tktA1-M4;FISUNOV
ACATCATTAGAATCATATAGCCAGATTAATTTATTAAGCTT;DMTON;tktA1-M5;FISUNOV
AAGCTTAATAAATTAATCTGGCTATATGATTCTAATGATGT;DMTON;tktA1-M6;FISUNOV
TTTTTAATTAAGATGTAGTTCCAACGATAAGATTTAAGTAA;DMTON;tktA1-M7;FISUNOV
TTACTTAAATCTTATCGTTGGAACTACATCTTAATTAAAAA;DMTON;tktA1-M8;FISUNOV
GAAGAGATTAAAAATATTAAAGCTAAGTTTGATTATAAGAAC;DMTON;tktA1-M9;FISUNOV
GTTCTTATAATCAAACTTAGCTTTAATATTTTTAATCTCTTC;DMTON;tktA1-M10;FISUNOV
CTTTAAACAAGAAGGGATTGACATCGATGTTATCTCTGTAG;DMTON;tktA1-M11;FISUNOV
CTACAGAGATAACATCGATGTCAATCCCTTCTTGTTTAAAG;DMTON;tktA1-M12;FISUNOV
TTAATTAGCATTTTTGATTAATTCTTCG;DMTON;tktA1-R;FISUNOV
GCTCGGTACCTCGCGAATGCATCTAGATTTAATTAGCATTTTTGATTAATTCTTCG;DMTON;tktA1-ZR;FISUNOV
