GGTGATGGGACGAGCCCAT;DMT ON;phi29_F1-0;GLK
ATGGGCTCGTCCCATCACCATCACCACCACTCTTCAGG;DMT ON;phi29_F1-1;GLK
CGGCATATGCTTCATATGGCTACCGCGCGGGACCAGGCCTGAAGAGTGGTGGTGAT;DMT ON;phi29_F1-2;GLK
GCCATATGAAGCATATGCCGCGTAAAATGTATTCCTGCGACTTTGAGA;DMT ON;phi29_F1-3;GLK
AAACGCGGCAATCTTCAACCTTTGTGGTCGTCTCAAAGTCGCAGGAATACA;DMT ON;phi29_F1-4;GLK
GTTGAAGATTGCCGCGTTTGGGCCTATGGCTATATGAATATTGAA;DMT ON;phi29_F1-5;GLK
ATTACCGATTTTATATTCTGAGTGGTCTTCAATATTCATATAGCCATAGGCC;DMT ON;phi29_F1-6;GLK
ACCACTCAGAATATAAAATCGGTAATAGTCTCGATGAATTTATGGCCTGGGTG;DMT ON;phi29_F1-7;GLK
ATGAAAATACAGATCCGCTTGGACCTTGAGCACCCAGGCCATAAATTCATC;DMT ON;phi29_F1-8;GLK
CCAAGCGGATCTGTATTTTCATAACCTGAAGTTTGATGGCGCATTCATTATTAATTG;DMT ON;phi29_F1-9;GLK
CATCGGCCGACCATTTAAAGCCATTACGTTCCAGCCAATTAATAATGAATGCGCCATCA;DMT ON;phi29_F1-10;GLK
CTTTAAATGGTCGGCCGATGGTCTGCCGAATACGTACAACACCATTAT;DMT ON;phi29_F1-11;GLK
CAAATATCAATCATATACCATTGGCCCATGCGTGAGATAATGGTGTTGTACGTATTCGG;DMT ON;phi29_F1-12;GLK
GGCCAATGGTATATGATTGATATTTGCCTGGGCTACAAAGGTAAACGT;DMT ON;phi29_F1-13;GLK
GAATCGTAAATGACCGTGTGAATTTTACGTTTACCTTTGTAGCCCA;DMT ON;phi29_F1-14;GLK
TTCACACGGTCATTTACGATTCACTGAAAAAATTGCCGTTTCCGGTTAAAAAAATCGCGA;DMT ON;phi29_F1-15;GLK
ACCTTTGAGCACGGTCAATTTAAAGTCTTTCGCGATTTTTTTAACCGGAA;DMT ON;phi29_F1-16;GLK
ATTGACCGTGCTCAAAGGTGATATTGATTATCATAAGGAACGCCC;DMT ON;phi29_F1-17;GLK
CCTCTGGCGTAATTTTATAGCCAACCGGGCGTTCCTTATGATAATCAAT;DMT ON;phi29_F1-18;GLK
GGCTATAAAATTACGCCAGAGGAATATGCCTATATTAAGAATGATATTCAGATCATCGCAG;DMT ON;phi29_F1-19;GLK
CCCTGTTTAAATTGGATCAGCAGCGCCTCTGCGATGATCTGAATATCATTCT;DMT ON;phi29_F1-20;GLK
TGCTGATCCAATTTAAACAGGGTCTGGATCGCATGACCGCGGGTAGTGATAGTCTGAAA;DMT ON;phi29_F1-21;GLK
TTTTTTCGTGGTGATAATATCTTTAAAACCTTTCAGACTATCACTACCCGC;DMT ON;phi29_F1-22;GLK
GTTTTAAAGATATTATCACCACGAAAAAATTCAAAAAAGTGTTTCCGACCCTGTC;DMT ON;phi29_F1-23;GLK
ACGCGTAACGAACTTCTTTATCCAGGCCCAAAGACAGGGTCGGAAACACTT;DMT ON;phi29_F1-24;GLK
GATAAAGAAGTTCGTTACGCGTATCGTGGTGGCTTCACCTGGCTGAATGATCG;DMT ON;phi29_F1-25;GLK
TCGCCGATCTCTTTTTCTTTAAAGCGATCATTCAGCCAGGTGA;DMT ON;phi29_F1-26;GLK
TTTAAAGAAAAAGAGATCGGCGAAGGCATGGTTTTTGACGTTAACTCATTGTATCCAGCACA;DMT ON;phi29_F1-27;GLK
TCACCATATGGCAGCAGACGGCTATACATCTGTGCTGGATACAATGAGTTAAC;DMT ON;phi29_F1-28;GLK
GTCTGCTGCCATATGGTGAACCGATCGTGTTCGAAGGCAAATAC;DMT ON;phi29_F1-29;GLK
TTGGATGTGCAGTGGGTAATCTTCATCCCACACGTATTTGCCTTCGAACACGAT;DMT ON;phi29_F1-30;GLK
ATTACCCACTGCACATCCAA;DMT ON;phi29_F1-31;GLK
TTGGATGTGCAGTGGGTAA;DMT ON;phi29_F2-0;GLK
TTACCCACTGCACATCCAACACATCCGCTGCGAGTTTGAACTGAAGGAGGGTT;DMT ON;phi29_F2-1;GLK
CGCGAGCGTTTAATTTGAATGGTTGGAATATAACCCTCCTTCAGTTCAAACT;DMT ON;phi29_F2-2;GLK
CATTCAAATTAAACGCTCGCGTTTCTATAAAGGCAATGAATATCTGAAATCATCAGGCG;DMT ON;phi29_F2-3;GLK
TTTGAAAGCCAAAGGTCTGCAATCTCGCCGCCTGATGATTTCAGATATTCA;DMT ON;phi29_F2-4;GLK
GCAGACCTTTGGCTTTCAAATGTGGACCTCGAGCTGATGAAAGAACATTATGATCT;DMT ON;phi29_F2-5;GLK
ATTTCAGACCGCTAATGTATTCAACGTTATACAGATCATAATGTTCTTTCATCAGCT;DMT ON;phi29_F2-6;GLK
TTGAATACATTAGCGGTCTGAAATTCAAGGCGACCACGGGTCTGTTCAAAGA;DMT ON;phi29_F2-7;GLK
GGTCGTTTTAATGTAGGTCCATTTATCGATAAAATCTTTGAACAGACCCGTGG;DMT ON;phi29_F2-8;GLK
AATGGACCTACATTAAAACGACCAGCGAGGGTGCAATCAAGCAGCTTGCAAAACTTATGT;DMT ON;phi29_F2-9;GLK
ATGCAAATTTGCCATACAGACTATTCAACATAAGTTTTGCAAGCTGCT;DMT ON;phi29_F2-10;GLK
AGTCTGTATGGCAAATTTGCATCCAACCCGGACGTTACCGGTAAAGTCCCATACCTGAA;DMT ON;phi29_F2-11;GLK
GAAGCCCAGGGCACCATTCTCTTTCAGGTATGGGACTTTACCG;DMT ON;phi29_F2-12;GLK
GAATGGTGCCCTGGGCTTCCGTCTGGGCGAGGAAGAAACCAAAGATCCGGTCTAT;DMT ON;phi29_F2-13;GLK
CATGCCGTGATGAACACACCCATTGGGGTATAGACCGGATCTTTGGTTTCT;DMT ON;phi29_F2-14;GLK
GTGTGTTCATCACGGCATGGGCGCGTTATACAACCATTACA;DMT ON;phi29_F2-15;GLK
AATAAATAATGCGATCATAGCATGCTTGGGCGGCTGTAATGGTTGTATAACGCGC;DMT ON;phi29_F2-16;GLK
GCATGCTATGATCGCATTATTTATTGCGATACAGACTCAATCCACCTGA;DMT ON;phi29_F2-17;GLK
TTTAATCACGTCTGGGATTTCTGTGCCGGTCAGGTGGATTGAGTCTGTATC;DMT ON;phi29_F2-18;GLK
CAGAAATCCCAGACGTGATTAAAGATATTGTGGACCCGAAAAAACTGGGCTACTG;DMT ON;phi29_F2-19;GLK
GCAGATATTTCGCGCGTTTAAATGTTGATTCATGCGCCCAGTAGCCCAGTTTTTTCGG;DMT ON;phi29_F2-20;GLK
AAACGCGCGAAATATCTGCGTCAAAAAACCTATATTCAGGATATCTAT;DMT ON;phi29_F2-21;GLK
TACCTTCCACCAGTTTGCCATCCACTTCTTTCATATAGATATCCTGAATATAGGTTTTTTGAC;DMT ON;phi29_F2-22;GLK
GGCAAACTGGTGGAAGGTAGTCCAGATGATTACACGGATATCAAGTTTAGCG;DMT ON;phi29_F2-23;GLK
CTTAATCTTGTCGGTCATGCCCGCGCATTTGACGCTAAACTTGATATCCGTGTAA;DMT ON;phi29_F2-24;GLK
GGCATGACCGACAAGATTAAGAAAGAAGTGACGTTTGAAAACTTTAAAGTCG;DMT ON;phi29_F2-25;GLK
TCGGCTTCATTTTACGGGAAAAGCCGACTTTAAAGTTTTCAAACGTCA;DMT ON;phi29_F2-26;GLK
TTCCCGTAAAATGAAGCCGAAACCGGTCCAGGTGCCGGGCGGTGTGGTTCTTGTGGACGATACCTTTACGATTAAA;DMT ON;phi29_F2-27;GLK
TTTAATCGTAAAGGTATCGTCCACAAGAACCACACCG;DMT ON;phi29_F2-28;GLK
CCTCGCGAATGCATCTAGATATATGGGCTCGTCCCAT;DMT OFF;phi29_F1-F_(pTZ/R);GLK
CGACGGGCCCGGGATCCGTTTAATCGTAAAGGTATCGTCCA;DMT OFF;phi29_F2-R_(pTZ/R);GLK
ACGATACCTTTACGATTAAACGGATCCCGGGCCCGTCGAC;DMT OFF;pTZ57R FWD;GLK
TGGTGATGGGACGAGCCCATATATCTAGATGCATTCGCGAGGTACCGAGCTC;DMT OFF;pTZ57R REV;GLK
ACGATACCTTTACGATTAAACGGATCCCGGGCCCGTCGAC;DMT OFF;pTZ57R FWD;GLK
TGGTGATGGGACGAGCCCATATATCTAGATGCATTCGCGAGGTACCGAGCTC;DMT OFF;pTZ57R REV;GLK
CTTTAAGAAGGAGATATACCATGGGCTCGTCCCATCACCA;DMT OFF;phi29_rev;GLK
CTTCCTTTCGGGCTTTGTTATTTAATCGTAAAGGTATCGT;DMT OFF;phi29_frw;GLK
TAACAAAGCCCGAAAGGAAG;DMT OFF;pET28(+)_reverse_primer;GLK
GGTATATCTCCTTCTTAAAGTTAAACAAAATTATT;DMT OFF;pET28(+)_forward_primer;GLK
ACGATACCTTTACGATTAAATAACAAAGCCCGAAAGGAAG;DMT OFF;pet28_rev;GLK
TGGTGATGGGACGAGCCCATGGTATATCTCCTTCTTAAAG;DMT OFF;pet28_frw;GLK
