CGTGTTTCTTACGACTATCTGTCTTGTTGTTGTTTCGTCTGCGTTTGAGTCTGAAG,DMT ON,KITV-S1-5-R,GLADYSHAVA
GCCCTTGACTGCAAGTGCAA,DMT ON,f-KITV-S1-5,GLADYSHAVA
TAATACGACTCACTATAGGGCCCTTGACTGCAAGTG,DMT ON,T7-KITV-S1-5-F,GLADYSHAVA
TAATACGACTCACTATAGGGCCCTT,DMT ON,f-T7-KITV-S1-5,GLADYSHAVA
CGTGTTTCTTACGACTATCTGTCTTGTTG,DMT ON,r-KITV-S1-5,GLADYSHAVA
AGGCTGATCACACCTACACTAAACACACACAGACACGTTAGAGTAGAGCGCCCTG,DMT ON,KITV-S1-3-F1,GLADYSHAVA
GTGTACGGTGGCGCTAACACCGCAACCTGGTTTTTCCAGGGCGCTCTACTCTAACG,DMT ON,KITV-S1-3-R,GLADYSHAVA
GTGTTAGCGCCACCGTACACGAACACGACAAAACTGAATTGGGGGAAAAAGTAAAA,DMT ON,KITV-S1-3-F2,GLADYSHAVA
AGGCTGATCACACCTACACT,DMT ON,f-KITV-S1-3,GLADYSHAVA
TTTTACTTTTTCCCCCAATTCAGTT,DMT ON,r-KITV-S1-3,GLADYSHAVA
TAATACGACTCACTATAGGAGGCTGATCACACCTACACT,DMT ON,T7-KITV-S1-3-F,GLADYSHAVA
TAATACGACTCACTATAGGAGGCT,DMT ON,f-T7-KITV-S1-3,GLADYSHAVA
GCCGGTGGCAAGTGCATACATCGACAACGAATACCGCTGACTCCCCAAGGAAGT,DMT ON,KITV-S2-5-F1,GLADYSHAVA
TCCTTTCCCCAACTTGCTTCAGGACAAATCCTTACTTCCTTGGGGAGTCAGCG,DMT ON,KITV-S2-5-R1,GLADYSHAVA
GAAGCAAGTTGGGGAAAGGAAAAAAAACAACAAAAAAGAACAAAAAAAATAGAGAA,DMT ON,KITV-S2.1-5-F2,GLADYSHAVA
GAAGCAAGTTGGGGAAAGGAAAAAAAACAACAAATAAGAACAAAAAAAATAGAGAA,DMT ON,KITV-S2.2-5-F2,GLADYSHAVA
TTGCCATTCTTGTCTTGTCTTAGCAGTTTCTTTCTCTATTTTTTTTGTTCT,DMT ON,KITV-S2-5-R2,GLADYSHAVA
GCCGGTGGCAAGTGCATACA,DMT ON,f-KITV-S2-5,GLADYSHAVA
TTGCCATTCTTGTCTTGTCTTAGCAGT,DMT ON,r-KITV-S2-5,GLADYSHAVA
TAATACGACTCACTATAGGGCCGGTGGCAAGTGCATACA,DMT ON,T7-KITV-S2-5-F,GLADYSHAVA
TAATACGACTCACTATAGGGCCGG,DMT ON,f-T7-KITV-S2-5,GLADYSHAVA
GCTCCTTACACAAAGGCGGGAACGGAGACCGACCCAGGAAAGGTATCGGACACTCGAACA,DMT ON,KITV-S2.1-3-F1,GLADYSHAVA
GCTCCTTACACAAAGGCGGGAACGGAGACCGACCCAGGAAAGGCATCGGACACCCGAACA,DMT ON,KITV-S2.2-3-F1,GLADYSHAVA
AGGTTGAAAAAGGTAGGTGCATTTCTGATGGGTGCGTTCCGTGTTCGAGTGTCCGATACCT,DMT ON,KITV-S2.1-3-R1,GLADYSHAVA
AGATTGAAAAAGGTAGGTGCATTTCTGATGGGTGCGTTCCGTGTTCGGGTGTCCGATGCCT,DMT ON,KITV-S2.2-3-R1,GLADYSHAVA
GCACCTACCTTTTTCAACCTTTTGTTCTACCCTTTTTTGTTTAATTTCTTTTCCCCTCTTC,DMT ON,KITV-S2.1-3-F2,GLADYSHAVA
GCACCTACCTTTTTCAATCTTTTGTTCTACCCTTTTTTGTTTAATTTCTTTTCCCCTCTTC,DMT ON,KITV-S2.2-3-F2,GLADYSHAVA
ATAAGATAGAGCTCCCTCTAACCCCCAGGCCAGTAGGTGGGGAAGAGGGGAAAAGAAATTA,DMT ON,KITV-S2-3-R2,GLADYSHAVA
TAGAGGGAGCTCTATCTTATGCTATGACGCCCGGGAAACCGGTTATGGCCGCATGCGTCAC,DMT ON,KITV-S2-3-F3,GLADYSHAVA
ATGCTTAGGTTTTTTCCTTTTTTTGTGTTTTTTTATTGGCCGTGACGCATGCGGCCATAAC,DMT ON,KITV-S2-3-R3,GLADYSHAVA
AAAGGAAAAAACCTAAGCATAGAAAGCTCCCAACCGATCCTCCATATGGCTGGCAAGTGCT,DMT ON,KITV-S2-3-F4,GLADYSHAVA
CCCTTCCGGATCCTCCTAGCTCACCCCACTCACTTGAGGGGGCTTTAGCACTTGCCAGCCATATG,DMT ON,KITV-S2-3-R4,GLADYSHAVA
GCTCCTTACACAAAGGCGGG,DMT ON,f-KITV-S2-3,GLADYSHAVA
CCCTTCCGGATCCTCCTAGC,DMT ON,r-KITV-S2-3,GLADYSHAVA
TAATACGACTCACTATAGGGCTCCTTACACAAAGGCGGG,DMT ON,T7-KITV-S2-3-F,GLADYSHAVA
TAATACGACTCACTATAGGGCTCCTTACAC,DMT ON,f-T7-KITV-S2-3,GLADYSHAVA
GACTGCAAGTGCACAGGTTTTGGACCTCGCGCTAGACTCACTTTACAGACTAGAATTGTGAATAG,DMT ON,KITV-S3-5-F,GLADYSHAVA
TTGAAGTTCTCAACAATCGCTTGTAAGTTTTTTTTCCTTTCTTTCCTATTCACAATTCTAGTCTG,DMT ON,KITV-S3.1-5-R,GLADYSHAVA
TTAAAGTTCTCAACAATCGTTTGTAAGTTTTTTTTCTATTCACAATTCTAGTCTG,DMT ON,KITV-S3.2-5-R,GLADYSHAVA
GACTGCAAGTGCACAGGTTT,DMT ON,f-KITV-S3-5,GLADYSHAVA
TTGAAGTTCTCAACAATCGCTTGTAAGT,DMT ON,r-KITV-S3.1-5,GLADYSHAVA
TTAAAGTTCTCAACAATCGTTTGTAAGT,DMT ON,r-KITV-S3.2-5,GLADYSHAVA
TAATACGACTCACTATAGGGACTGCAAGTGCACAGGTTT,DMT ON,T7-KITV-S3-5-F,GLADYSHAVA
TAATACGACTCACTATAGGGACTG,DMT ON,f-T7-KITV-S3-5,GLADYSHAVA
GCCGCGCTTAGGTGACCACATGGAAACGACCCGGACCGTTAGACGGAACAAAGGACAAGG,DMT ON,KITV-S3.1-3-F1,GLADYSHAVA
GTTGCGCTTACGTGACCACACGGAAACGACCCGGACCGTTAGACGGAACAAAGGACAAGG,DMT ON,KITV-S3.2-3-F1,GLADYSHAVA
GTCATTGCTAGGGCGCCAGTGTTTGTCTTGAACTTGTGATCCTTGTCCTTTGTTCCGTCT,DMT ON,KITV-S3-3-R1,GLADYSHAVA
ACTGGCGCCCTAGCAATGACTAGGTTGCGGCAAGCGCCACCGCAAACAAAAAAATAGAAAAAA,DMT ON,KITV-S3-3-F2,GLADYSHAVA
TTCGGTCGCTTCAACTACAGACTTTTATGTTCCATTTTTTCTATTTTTTTGTTT,DMT ON,KITV-S3.1-3-R2,GLADYSHAVA
GCCGCGCTTAGGTGACCA,DMT ON,f-KITV-S3.1-3,GLADYSHAVA
GTTGCGCTTACGTGACCACA,DMT ON,f-KITV-S3.2-3,GLADYSHAVA
TTCGGTCGCTTCAACTACAGACTTTTATG,DMT ON,r-KITV-S3.1-3,GLADYSHAVA
TTTTTTCTATTTTTTTGTTTGCGGTGGCG,DMT ON,r-KITV-S3.2-3,GLADYSHAVA
TAATACGACTCACTATAGGGCCGCGCTTAGGTGACCA,DMT ON,T7-KITV-S3.1-3-F,GLADYSHAVA
TAATACGACTCACTATAGGGTTGCGCTTACGTGACCACA,DMT ON,T7-KITV-S3.2-3-F,GLADYSHAVA
TAATACGACTCACTATAGGGCCGC,DMT ON,f-T7-KITV-S3.1-3,GLADYSHAVA
TAATACGACTCACTATAGGGTTGCGC,DMT ON,f-T7-KITV-S3.2-3,GLADYSHAVA
CTCTGAGTTGCAAGTGCTATAGCTCGGAATCCCGTCGCAGACTCAATCGAACGAAAC,DMT ON,KITV-S4-5-F1,GLADYSHAVA
TAGCAGTAGTTGCAGAGCTGGTTTTGCTATTTGGAGTGTTTCGTTCGATTGAGTCTG,DMT ON,KITV-S4.1-5-R,GLADYSHAVA
TAGCAATAGTTGCAGAGCTGGTTTTGCTATTTGGAGTGTTTCGTTCGATTGAGTCTG,DMT ON,KITV-S4.2-5-R,GLADYSHAVA
CAGCTCTGCAACTACTGCTAGAGACAGACGGATTTGTGGGAGTACCAACAACAACA,DMT ON,KITV-S4.1-5-F2,GLADYSHAVA
CAGCTCTGCAACTATTGCTAGAGACAGACGGATTTGTGGGAGTACCAACAACAACA,DMT ON,KITV-S4.2-5-F2,GLADYSHAVA
CTCTGAGTTGCAAGTGCTATAG,DMT ON,f-KITV-S4-5,GLADYSHAVA
TGTTGTTGTTGGTACTCCCA,DMT ON,r-KITV-S4-5,GLADYSHAVA
TAATACGACTCACTATAGGCTCTGAGTTGCAAGTGCTATAG,DMT ON,T7-KITV-S4-5-F,GLADYSHAVA
TAATACGACTCACTATAGGCTCTGAG,DMT ON,f-T7-KITV-S4-5,GLADYSHAVA
GGGGTTTCGTTCACGCCGGAAAAGACGAAAAACAAACCCATCCCCGCTAGCAGCGGCGG,DMT ON,KITV-S4-3-F1,GLADYSHAVA
CGTAGTGTTCCGTTTCCTGCAGCTCCGCGGCCCCATTCCCCGCCGCTGCTAGCGGGGAT,DMT ON,KITV-S4-3-R1,GLADYSHAVA
GCAGGAAACGGAACACTACGCCCCCAAGGGGGTTGCGGAGGTAGCGTAACCGCACAAAA,DMT ON,KITV-S4-3-F2,GLADYSHAVA
TCCGGAGAAGACGATTTTTGTGCCACTTTTTATTTCTTTTTTTGTGCGGTTACGCTACC,DMT ON,KITV-S4-3-R2,GLADYSHAVA
CAAAAATCGTCTTCTCCGGATCGGAGCATGGAGATGGCAAGTGCTTACAGGGGCCTCAA,DMT ON,KITV-S4-3-F3,GLADYSHAVA
TCCGGAGTATGGAACGAGATCAGGGCACTCACTTGAGGCCCCTGTAAGCACT,DMT ON,KITV-S4-3-R3,GLADYSHAVA
GGGGTTTCGTTCACGCCGGA,DMT ON,f-KITV-S4-3,GLADYSHAVA
TCCGGAGTATGGAACGAGATCAGGG,DMT ON,r-KITV-S4-3,GLADYSHAVA
TAATACGACTCACTATAGGGGGGTTTCGTTCACGCCGGA,DMT ON,T7-KITV-S4-3-F,GLADYSHAVA
TAATACGACTCACTATAGGGGGGTTTCGTTC,DMT ON,f-T7-KITV-S4-3,GLADYSHAVA
ATGGCGAGCAACTTTACCCAGTTTGTGCTGGTGGATAACGGCGGCACCGGCGATGTG,DMT ON,MS2-F1,GLADYSHAVA
CCGCCACGCCGTTCGCAAAGTTGCTCGGCGCCACGGTCACATCGCCGGTGCCGCCGT,DMT ON,MS2-R1,GLADYSHAVA
CTTTGCGAACGGCGTGGCGGAATGGATTAGCAGCAACAGCCGCAGCCAGGCGTATAA,DMT ON,MS2-F2,GLADYSHAVA
GTTCTGCGCGCTGCTCTGGCGCACGCTGCAGGTCACTTTATACGCCTGGCTGCGGCT,DMT ON,MS2-R2,GLADYSHAVA
GCCAGAGCAGCGCGCAGAACCGCAAATATACCATTAAAGTGGAAGTGCCGAAAGTGG,DMT ON,MS2-F3,GLADYSHAVA
GCCACCGGCAGTTCCACGCCGCCCACGGTCTGGGTCGCCACTTTCGGCACTTCCACT,DMT ON,MS2-R3,GLADYSHAVA
GGCGTGGAACTGCCGGTGGCGGCGTGGCGCAGCTATCTGAACATGGAACTGACCATT,DMT ON,MS2-F4,GLADYSHAVA
CAATCAGTTCGCAATCGCTGTTGGTCGCAAAAATCGGAATGGTCAGTTCCATGTTCA,DMT ON,MS2-R4,GLADYSHAVA
CAGCGATTGCGAACTGATTGTGAAAGCGATGCAGGGCCTGCTGAAAGATGGCAACCC,DMT ON,MS2-F5,GLADYSHAVA
ATAAATGCCGCTGTTCGCCGCAATCGCGCTCGGAATCGGGTTGCCATCTTTCAGCAG,DMT ON,MS2-R5,GLADYSHAVA
ATGGCGAGCAACTTTACCCAGT,DMT ON,f-MS2,GLADYSHAVA
CACCATGGCGAGCAACTTTACC,DMT ON,f-cacc-MS2,GLADYSHAVA
ATAAATGCCGCTGTTCGCCG,DMT ON,r-MS2,GLADYSHAVA
CACCAGCGGTCCGTCGCCGCCTTT,DMT ON,1fl_HSTV2_F_CACC,GLADYSHAVA
AGCGGTCCGTCGCCGCCTTT,DMT ON,1fl_HSTV2_F,GLADYSHAVA
AGCGGTCCGTCGCCGCCTTTACCGGCGGCGGGCGCCACCTGCTACCTGATTCGTGATGGCGCGCAC,DMT ON,1HSTV2_F,GLADYSHAVA
GAGTGCGCAGCCAGTTTAAGCAGCCGGTATCTCCGCGCTTAATGACGTGCGCGCCATCACGAATCA,DMT ON,1HSTV2_R,GLADYSHAVA
GAGTGCGCAGCCAGTTTAAG,DMT ON,1fl_HSTV_R,GLADYSHAVA
CTTAAACTGGCTGCGCACTC,DMT ON,2fl_HSTV2_F,GLADYSHAVA
CTTAAACTGGCTGCGCACTCAAGACAAAGACTGTCCCAATGCAATCCTGTCATACCACCATGACCG,DMT ON,2HSTV2_F,GLADYSHAVA
GAGTTCGCTAATGGTCGCGGTCTGGCCGGCGCAAATAACATGTTTCCGGTCATGGTGGTATGACAG,DMT ON,2HSTV2_R,GLADYSHAVA
GAGTTCGCTAATGGTCGCGG,DMT ON,2fl_HSTV2_R,GLADYSHAVA
CCGCGACCATTAGCGAACTC,DMT ON,3fl_HSTV2_F,GLADYSHAVA
CCGCGACCATTAGCGAACTCATCGCAGATGTTAGCGATGTGGTATCCGGCGAGGGAGCTTCTGCCG,DMT ON,3HSTV2_F,GLADYSHAVA
AGGGCCGTTTTGGTGATGTTCAGGGCCGCTTTGCCCGCTGCCTCCACGGCAGAAGCTCCCTCGCCG,DMT ON,3HSTV2_R,GLADYSHAVA
AGGGCCGTTTTGGTGATGTT,DMT ON,3fl_HSTV2_R,GLADYSHAVA
GAACATCACCAAAACGGCCC,DMT ON,4fl_HSTV2_F,GLADYSHAVA
GAACATCACCAAAACGGCCCTTCTACGTGCCAAGGAAAAATTTTTCAAAACGAAAAATTTTTTCG,DMT ON,4HSTV2_F,GLADYSHAVA
ACACCCGCACTGGCGTTGACATAGCTTTCGAAAAAATTTTTCGTTTTGAAAAATTTTTCC,DMT ON,4HSTV2_R,GLADYSHAVA
ACACCCGCACTGGCGTTGAC,DMT ON,4fl_HSTV2_R,GLADYSHAVA
GTCAACGCCAGTGCGGGTGT,DMT ON,5fl_HSTV2_F,GLADYSHAVA
GTCAACGCCAGTGCGGGTGTGGGTCCGACGGTACTGCGCTGGTCGGCTACATTGGCGGTG,DMT ON,5HSTV2_F,GLADYSHAVA
TATAATTGCCGGTGGCAGTCGCAAATGTGCCCCCAGAAGGAGCACCGCCAATGTAGCCGACC,DMT ON,5HSTV2_R,GLADYSHAVA
TATAATTGCCGGTGGCAGTC,DMT ON,5fl_HSTV2_R,GLADYSHAVA
AGCGGTCCGTCGCCGCCTTTACCGGCGGCGGGCGCCACCTGCTACCTGATTCGTG,DMT ON,1HSTV2_F2,GLADYSHAVA
GCCGGTATCTCCGCGCTTAATGACGTGCGCGCCATCACGAATCAGGTAGCAGGTG,DMT ON,1HSTV2_R2,GLADYSHAVA
GCCGGTATCTCCGCGCTTAA,DMT ON,1fl_HSTV2_R2,GLADYSHAVA
TTAAGCGCGGAGATACCGGC,DMT ON,2fl_HSTV2_F2,GLADYSHAVA
TTAAGCGCGGAGATACCGGCTGCTTAAACTGGCTGCGCACTCAAGACAAAGACTG,DMT ON,2HSTV2_F2,GLADYSHAVA
TCCGGTCATGGTGGTATGACAGGATTGCATTGGGACAGTCTTTGTCTTGAGTGCG,DMT ON,2HSTV2_R2,GLADYSHAVA
TCCGGTCATGGTGGTATGAC,DMT ON,2fl_HSTV2_R2,GLADYSHAVA
GTCATACCACCATGACCGGA,DMT ON,3fl_HSTV2_F2,GLADYSHAVA
GTCATACCACCATGACCGGAAACATGTTATTTGCGCCGGCCAGACCGCGACCATT,DMT ON,3HSTV2_F2,GLADYSHAVA
GATACCACATCGCTAACATCTGCGATGAGTTCGCTAATGGTCGCGGTCTGGCCGG,DMT ON,3HSTV2_R2,GLADYSHAVA
GATACCACATCGCTAACATC,DMT ON,3fl_HSTV2_R2,GLADYSHAVA
GATGTTAGCGATGTGGTATC,DMT ON,4fl_HSTV2_F2,GLADYSHAVA
GATGTTAGCGATGTGGTATCCGGCGAGGGAGCTTCTGCCGTGGAGGCAGCGGGCA,DMT ON,4HSTV2_F2,GLADYSHAVA
TAGAAGGGCCGTTTTGGTGATGTTCAGGGCCGCTTTGCCCGCTGCCTCCACGGCA,DMT ON,4HSTV2_R2,GLADYSHAVA
TAGAAGGGCCGTTTTGGTGA,DMT ON,4fl_HSTV2_R2,GLADYSHAVA
ACATCACCAAAACGGCCCTT,DMT ON,5fl_HSTV2_F2,GLADYSHAVA
ACATCACCAAAACGGCCCTTCTACGTGCCAAGGAAAAATTTTTCAAAACGAAAAATTTTTTCG,DMT ON,5HSTV2_F2,GLADYSHAVA
CGACGGGCCCGGGATCCGATAACTCGCCGCCACTC,DMT ON,Unnamed sequence_F0-F_(pTZ/F),CUSTOMER
CCTCGCGAATGCATCTAGATTGCATTCGCGGCGTT,DMT ON,Unnamed sequence_F0-R_(pTZ/F),CUSTOMER
ATCGGATCCCGGGCCCGTCGACTGCAGAGGCGCGCTTGGCGTAATCATGGTC,DMT ON,pRS426G-F2,FISUNOV
ATCTAGATGCATTCGCGAGGTACCGAGCTCCAAGCTTATCGATACCGTCG,DMT ON,pRS426G-R2,FISUNOV
ACCAATACAAGGAGATATTCCC,DMT ON,N4F6-Fs,FISUNOV
CATAGGTTGTCATCACAGTG,DMT ON,N4F10-Rs,FISUNOV
GATAAGTGGCTGTTCACAGTTCAAGACGGTAACGTCCTGATTAAC,DMT ON,F6err-1,FISUNOV
GTTAATCAGGACGTTACCGTCTTGAACTGTGAACAGCCACTTATC,DMT ON,F6err-2,FISUNOV
CGATATCACCTATCGAGTTCGGCTTTTTGATAACCGGACAG,DMT ON,F6err-3,FISUNOV
CTGTCCGGTTATCAAAAAGCCGAACTCGATAGGTGATATCG,DMT ON,F6err-4,FISUNOV
GATTCTACTGATAAAGCCG,DMT ON,dCas9-F1,FISUNOV
CAAAGCAATGAGATTCCC,DMT ON,dCas9-R1,FISUNOV
CAAGAGGTTAAAAGTGAGATCTGTG,DMT ON,MGA_WhiA-F,FISUNOV
GCTGTTGTTCTTCTAGTTCGTG,DMT ON,MGA_WhiA-R,FISUNOV
GCGATCTTAGCAGTATCAATGG,DMT ON,MGA_eno-F,FISUNOV
ACCTTCATCACCTTTGTTAGTA,DMT ON,MGA_eno-R,FISUNOV
TTAAACAAGCCGCAATTAGGTC,DMT ON,MGA_RplC_F,FISUNOV
TACCCTTCATAACTCTTTGAGC,DMT ON,MGA_RplC_R,FISUNOV
TATAGGATCCATGCTAGCTTTTCTAAATCAGG,DMT ON,UhpTM-F,FISUNOV
TATAGTCGACTTAAGCAACAGTTAACTGTTGA,DMT ON,UhpTM-R,FISUNOV
TATAGCATGCATGCTAGCTTTTCTAAATCAGG,DMT ON,UhpTM-MF,FISUNOV
TATATCTAGATTAAGCAACAGTTAACTGTTGA,DMT ON,UhpTM-MR,FISUNOV
TATAGGATCCATGACCCTGGAAGAAGCGCG,DMT ON,NADLig-F,FISUNOV
TATAGTCGACTTACACGAGTTCTTCCGCTT,DMT ON,NADLig-R,FISUNOV
CTGAAAGGAGGATACTCGAGATGGTTTCTAAAGGTGAAGAATTA,DMT ON,MaLionG-F,FISUNOV
TTTTCTGCAGATGTCCATGGTTATTTGTAAAGTTCATCCATTCC,DMT ON,MaLionG-R,FISUNOV
ATGACCCTGGAAGAAGCGCGTAAGCGCGTGAATGAACTGCGCG,DMT ON,NAD_Ligase-1,FISUNOV
AACATAATAACGGTAGTTATGGTAACGGATCAGATCGCGCAGTTCATTCACGCG,DMT ON,NAD_Ligase-2,FISUNOV
TCCGTTACCATAACTACCGTTATTATGTTCTGGCGGATCCAGAGATCTCGGACGCGGAATACGACC,DMT ON,NAD_Ligase-3,FISUNOV
GTTCCTCCAATTCTTTCAATTCGCGCAACAGACGGTCGTATTCCGCGTCCGAG,DMT ON,NAD_Ligase-4,FISUNOV
CGCGAATTGAAAGAATTGGAGGAACGTTTTCCGGAACTGAAGTCACCAGATTCTCCGACCCTG,DMT ON,NAD_Ligase-5,FISUNOV
AAGGTCGCTTCCAACGGACGGGCGCCAACCTGCAGGGTCGGAGAATCTGGTGAC,DMT ON,NAD_Ligase-6,FISUNOV
CGTCCGTTGGAAGCGACCTTCCGTCCAGTGCGCCACCCGACCCGCATGTACAGCTTGGA,DMT ON,NAD_Ligase-7,FISUNOV
TTCAGTTCATCCAGGTTGAATGCGTTATCCAAGCTGTACATGCGGGTC,DMT ON,NAD_Ligase-8,FISUNOV
CGCATTCAACCTGGATGAACTGAAAGCCTTTGAGGAACGTATTGAACGTGCACTTGGC,DMT ON,NAD_Ligase-9,FISUNOV
CTTGTGCTCGACCGTATATGCAAACGGGCCTTTGCGGCCAAGTGCACGTTCAATACGT,DMT ON,NAD_Ligase-10,FISUNOV
TTTGCATATACGGTCGAGCACAAGGTTGATGGTTTGTCAGTTAATCTGTACTATGAGGAAGG,DMT ON,NAD_Ligase-11,FISUNOV
TCGCGCCATAAACCAGCACACCTTCCTCATAGTACAGATTAACTGACAA,DMT ON,NAD_Ligase-12,FISUNOV
TGTGCTGGTTTATGGCGCGACCGCCGGCGATGGTGAAGTTGGT,DMT ON,NAD_Ligase-13,FISUNOV
AATGGTCGGAATTGTCAGGAGATTTTGCGTAACTTCTTCACCAACTTCACCATCGCCGG,DMT ON,NAD_Ligase-14,FISUNOV
AAAATCTCCTGACAATTCCGACCATTCCACGTCGCCTCAAAGGTGT,DMT ON,NAD_Ligase-15,FISUNOV
CCGCGCACCTCAAGACGTTCCGGAACACCTTTGAGGCGACGTGG,DMT ON,NAD_Ligase-16,FISUNOV
AACGTCTTGAGGTGCGCGGCGAAGTCTATATGCCGATCGAAGCGTTCCTCCGTCTGAA,DMT ON,NAD_Ligase-17,FISUNOV
GTTCGCCGCGTTCTTCCAATTCCTCATTCAGACGGAGGAACGCTTCG,DMT ON,NAD_Ligase-18,FISUNOV
AATTGGAAGAACGCGGCGAACGCATCTTCAAAAACCCACGTAATGCGGCCG,DMT ON,NAD_Ligase-19,FISUNOV
CTTTCTGACGCAGGCTGCCTGCGGCCGCATTACGTGGGTT,DMT ON,NAD_Ligase-20,FISUNOV
AGGCAGCCTGCGTCAGAAAGATCCGCGCATCACCGCAAAACGTGGCCTTC,DMT ON,NAD_Ligase-21,FISUNOV
AGGCCCAGCGCATAAAACGTTGCGCGAAGGCCACGTTTTGCGGTG,DMT ON,NAD_Ligase-22,FISUNOV
ACGTTTTATGCGCTGGGCCTGGGTCTGGAAGAGGTTGAACGCGAAGGTGTTGCCACCCA,DMT ON,NAD_Ligase-23,FISUNOV
TTTCAGCCAATGAAGCAGCGCGAATTGGGTGGCAACACCTTCGC,DMT ON,NAD_Ligase-24,FISUNOV
GCGCTGCTTCATTGGCTGAAAGAGAAAGGTTTCCCGGTTGAACATGGT,DMT ON,NAD_Ligase-25,FISUNOV
CTGCTTCAACGCCTTCTGCACCCACTGCGCGCGCGTAACCATGTTCAACCGGGAAACCT,DMT ON,NAD_Ligase-26,FISUNOV
GTGCAGAAGGCGTTGAAGCAGTTTATCAAGATTGGCTGAAAAAGCGTCGTGCACTCCC,DMT ON,NAD_Ligase-27,FISUNOV
ACCACGCCATCCGCTTCAAACGGGAGTGCACGACGCTTTTTC,DMT ON,NAD_Ligase-28,FISUNOV
TTTGAAGCGGATGGCGTGGTCGTGAAACTGGACGAACTTGCCCT,DMT ON,NAD_Ligase-29,FISUNOV
CGTATAGCCCAGTTCACGCCAGAGGGCAAGTTCGTCCAGTTTCA,DMT ON,NAD_Ligase-30,FISUNOV
TGGCGTGAACTGGGCTATACGGCGCGCGCGCCGCGTTTTGCGATCGCGTATAAATT,DMT ON,NAD_Ligase-31,FISUNOV
ATCCAGAAGACGCGTTTCTTTTTCTTCCGCTGGAAATTTATACGCGATCGCAAAACGC,DMT ON,NAD_Ligase-32,FISUNOV
AGAAAAAGAAACGCGTCTTCTGGATGTTGTGTTTCAGGTTGGCCGCA,DMT ON,NAD_Ligase-33,FISUNOV
GGTTCAAGAATGCCAACCGGCGTCACGCGACCGGTGCGGCCAACCTGAAACACA,DMT ON,NAD_Ligase-34,FISUNOV
GCCGGTTGGCATTCTTGAACCGGTTTTCCTGGAAGGCTCAGAGGTGTCACG,DMT ON,NAD_Ligase-35,FISUNOV
TCAATGTACGATTCGTTATGCAGGGTGACACGTGACACCTCTGAGCCTTCC,DMT ON,NAD_Ligase-36,FISUNOV
CCCTGCATAACGAATCGTACATTGAGGAACTGGATATCCGCATCGGTGACTGGGT,DMT ON,NAD_Ligase-37,FISUNOV
ACTTCCGGAATAACGCCACCCGCTTTATGAACCAGGACCCAGTCACCGATGCGGA,DMT ON,NAD_Ligase-38,FISUNOV
GGGTGGCGTTATTCCGGAAGTGCTGCGTGTGCTGAAAGAACGCC,DMT ON,NAD_Ligase-39,FISUNOV
ATCGGACGTTCTTCACCGGTGCGGCGTTCTTTCAGCACACGC,DMT ON,NAD_Ligase-40,FISUNOV
CACCGGTGAAGAACGTCCGATTCGTTGGCCGGAAACGTGCCCAGAA,DMT ON,NAD_Ligase-41,FISUNOV
TTACCTTCTTTCAAAAGGCGGTGGCCACATTCTGGGCACGTTTCCGGC,DMT ON,NAD_Ligase-42,FISUNOV
CCACCGCCTTTTGAAAGAAGGTAAAGTGCACCGCTGCCCAAATCCACTGTGCCCGGCAA,DMT ON,NAD_Ligase-43,FISUNOV
CAAAATGACGAATGGCTTCGAAGCGTTTTGCCGGGCACAGTGGATTT,DMT ON,NAD_Ligase-44,FISUNOV
GCTTCGAAGCCATTCGTCATTTTGCGTCACGCAAAGCGATGGACATCCAGGGCCTGGG,DMT ON,NAD_Ligase-45,FISUNOV
GACCTTTTTCCAACAGACGTTCGATAAGTTTCTCGCCCAGGCCCTGGATGTCCA,DMT ON,NAD_Ligase-46,FISUNOV
TCGAACGTCTGTTGGAAAAAGGTCTGGTTAAAGACGTTGCAGATCTGTATCGC,DMT ON,NAD_Ligase-47,FISUNOV
CCAGGCCCACAAGATCTTCCTTACGCAGGCGATACAGATCTGCAACGTCTTT,DMT ON,NAD_Ligase-48,FISUNOV
AAGGAAGATCTTGTGGGCCTGGAGCGTATGGGCGAAAAATCTGCA,DMT ON,NAD_Ligase-49,FISUNOV
CTTTTTCGATTCCTCGATTTCACGCAGCAGGTTCTGTGCAGATTTTTCGCCCATACGC,DMT ON,NAD_Ligase-50,FISUNOV
GCGTGAAATCGAGGAATCGAAAAAGCGTGGCCTGGAACGCCTGCTGTATGCGTTGGGTCT,DMT ON,NAD_Ligase-51,FISUNOV
AACACTTCGCCGACACCTGGGAGACCCAACGCATACAGCAGG,DMT ON,NAD_Ligase-52,FISUNOV
CCAGGTGTCGGCGAAGTGTTGGCACGTAATCTGGCGGCGCGTTTCGGCAACATGGAC,DMT ON,NAD_Ligase-53,FISUNOV
CAGTGACGCCTCAAGCAAACGGTCCATGTTGCCGAAACGCG,DMT ON,NAD_Ligase-54,FISUNOV
CGTTTGCTTGAGGCGTCACTGGAGGAACTGCTGGAAGTGGAGGAGGT,DMT ON,NAD_Ligase-55,FISUNOV
GTTTCCAGGATTGCACGCGCGGTCAGTTCACCCACCTCCTCCACTTCCAGCAGT,DMT ON,NAD_Ligase-56,FISUNOV
GCGCGTGCAATCCTGGAAACCCTGAAAGATCCGGCGTTTCGTGATCT,DMT ON,NAD_Ligase-57,FISUNOV
CATCTCCACGCCCGCTTCCTTCAGGCGGCGCACCAGATCACGAAACGCCGGATCTT,DMT ON,NAD_Ligase-58,FISUNOV
GGAAGCGGGCGTGGAGATGGAGGCCAAAGAGAAGGGTGGTGAAGCGCTTAAAGGCCT,DMT ON,NAD_Ligase-59,FISUNOV
GGACGCGAGAGTTCGCCTGTGATAACACTCGTCAGGCCTTTAAGCGCTTCACCA,DMT ON,NAD_Ligase-60,FISUNOV
CAGGCGAACTCTCGCGTCCACGCGAAGAAGTTAAAGCGCTG,DMT ON,NAD_Ligase-61,FISUNOV
CTATCTGTGACTTTTGCGCCCAGACGACGCAGCAGCGCTTTAACTTCTTCGCGT,DMT ON,NAD_Ligase-62,FISUNOV
CTGGGCGCAAAAGTCACAGATAGTGTGTCACGTAAAACGTCATATCTGGTCGT,DMT ON,NAD_Ligase-63,FISUNOV
GCCTGGGTTTTCGCCTGGATTTTCACCCACGACCAGATATGACGTTTTACGTG,DMT ON,NAD_Ligase-64,FISUNOV
ATCCAGGCGAAAACCCAGGCTCCAAGCTTGAAAAAGCACGTGCG,DMT ON,NAD_Ligase-65,FISUNOV
CCGTCAGTGTTGGAACACCCAACGCACGTGCTTTTTCAAGCTTG,DMT ON,NAD_Ligase-66,FISUNOV
TGGGTGTTCCAACACTGACGGAGGAAGAACTTTACCGTCTGCTGGAGG,DMT ON,NAD_Ligase-67,FISUNOV
TTACACGAGTTCTTCCGCTTTTTTACCTGTGCGCGCCTCCAGCAGACGGTAAAGTTCT,DMT ON,NAD_Ligase-68,FISUNOV
ATGCTAGCTTTTCTAAATCAGGTGAGAAAACCAACATTAGAT,DMT ON,UhpT_D388CM_F0-1,FISUNOV
CCACATTTTTCTACGAACTTCTAATGGTAAATCTAATGTTGGTTTTCTCAC,DMT ON,UhpT_D388CM_F0-2,FISUNOV
AAGTTCGTAGAAAAATGTGGTTTAAACCATTTATGCAGTCATATTTAGTTGTTTTTAT,DMT ON,UhpT_D388CM_F0-3,FISUNOV
CTGATTAAATACATTGTTAAGTACCCAATAAAAACAACTAAATATGACTGC,DMT ON,UhpT_D388CM_F0-4,FISUNOV
GGTACTTAACAATGTATTTAATCAGAAAGAATTTTAATATCGCTCAAAA,DMT ON,UhpT_D388CM_F0-5,FISUNOV
AACCATAAGTTGAAATCATATCATTTTGAGCGATATTAAAATTCTTT,DMT ON,UhpT_D388CM_F0-6,FISUNOV
TGATATGATTTCAACTTATGGTTTATCTATGACGCAGCTAGGTATGATCGGTTT,DMT ON,UhpT_D388CM_F0-7,FISUNOV
CAAGAGTTTTACCAACACCATAAGTGATAGAAAATCCTAAACCGATCATACCTAGC,DMT ON,UhpT_D388CM_F0-8,FISUNOV
GGTGTTGGTAAAACTCTTGTTTCATATTACGCTGATGGAAAAAAC,DMT ON,UhpT_D388CM_F0-9,FISUNOV
AGCTGATAAGATAAGCATGAATGGAAGAAATTGTTTTGTGTTTTTTCCATCAGCGTAA,DMT ON,UhpT_D388CM_F0-10,FISUNOV
TCATGCTTATCTTATCAGCTATTTGCATGTTAGGATTTTCAG,DMT ON,UhpT_D388CM_F0-11,FISUNOV
ATGATACTGAACCTGAACCCATTGATGCTGAAAATCCTAACATGCAA,DMT ON,UhpT_D388CM_F0-12,FISUNOV
GGTTCAGGTTCAGTATCATTATTCCTAATGATTGCATTTTATGCTTTATCTGGTTTT,DMT ON,UhpT_D388CM_F0-13,FISUNOV
AATTGTTGAATATGAACATGAACCACCAGTAGATTGAAAAAAACCAGATAAAGCATAAAATG,DMT ON,UhpT_D388CM_F0-14,FISUNOV
GTTCATGTTCATATTCAACAATTACTAAGTGGACTCCTAGAAGAAAAAGA,DMT ON,UhpT_D388CM_F0-15,FISUNOV
GTTGTGAGAGATGTTCCAAAAACCTAAGAAAGTTCCTCTTTTTCTTCTAGGAGTCC,DMT ON,UhpT_D388CM_F0-16,FISUNOV
TGGAACATCTCTCACAACTTAGGGGGTGCTGGAGCAGCTGGTGTTGCTTTATTT,DMT ON,UhpT_D388CM_F0-17,FISUNOV
ACGTGTCCATCAAATAAATAATTAGCTCCAAATAAAGCAACACCAGC,DMT ON,UhpT_D388CM_F0-18,FISUNOV
ATTATTTATTTGATGGACACGTGATTGGAATGTTTATCTTTCCAT,DMT ON,UhpT_D388CM_F0-19,FISUNOV
CCAATAAACCCAACAATTAATGCGATAATAGATGGAAAGATAAACATTCCAAT,DMT ON,UhpT_D388CM_F0-20,FISUNOV
CATTAATTGTTGGGTTTATTGGACTTAGATACGGTTCAGATTCACCTGAATCATATG,DMT ON,UhpT_D388CM_F0-21,FISUNOV
AAAAGCTCTTCAGCTTTTCCTAAACCATATGATTCAGGTGAATCTG,DMT ON,UhpT_D388CM_F0-22,FISUNOV
GAAAAGCTGAAGAGCTTTTTGGTGAAGAGATCTCAGAAGAAGATAAAGAAAC,DMT ON,UhpT_D388CM_F0-23,FISUNOV
GCCACTTAGTCATATCAGTAGATTCTGTTTCTTTATCTTCTTCTGAGAT,DMT ON,UhpT_D388CM_F0-24,FISUNOV
ACTGATATGACTAAGTGGCAAATTTTTGTTGAATACGTTCTT,DMT ON,UhpT_D388CM_F0-25,FISUNOV
ACATAATAACCAAATTACTTTGTTTTTAAGAACGTATTCAACAAAAATTT,DMT ON,UhpT_D388CM_F0-26,FISUNOV
AAACAAAGTAATTTGGTTATTATGTTTTGCTAATATTTTTCTTTATGTGGTGAGAATTGGT,DMT ON,UhpT_D388CM_F0-27,FISUNOV
TTGAAAAGCGTATACTGTTGACCATTGATCGATACCAATTCTCACCACATAA,DMT ON,UhpT_D388CM_F0-28,FISUNOV
CAACAGTATACGCTTTTCAAGAATTAAAATTATCGAAAGCTGTTGCTATTC,DMT ON,UhpT_D388CM_F0-29,FISUNOV
TGCTTCAAATAAAGTAAATCCTTGAATAGCAACAGCTTTCG,DMT ON,UhpT_D388CM_F0-30,FISUNOV
AGGATTTACTTTATTTGAAGCAGGTGCTTTAGTAGGTACTCTATTATGGGGATG,DMT ON,UhpT_D388CM_F0-31,FISUNOV
TCGACCATTTGCTAGATCAGATAGCCATCCCCATAATAGAGTACC,DMT ON,UhpT_D388CM_F0-32,FISUNOV
GATCTAGCAAATGGTCGACGTGGATTAGTTGCATGTATC,DMT ON,UhpT_D388CM_F0-33,FISUNOV
CACCTAAAGTAGCGATAATTAGAGCTAAAGCGATACATGCAACTAATCCAC,DMT ON,UhpT_D388CM_F0-34,FISUNOV
CTAATTATCGCTACTTTAGGTGTTTATCAACATGCATCAAATGAA,DMT ON,UhpT_D388CM_F0-35,FISUNOV
AACCTAAAGCGAATAGAGAAGCTAAATAAATATATTCATTTGATGCATGTTGAT,DMT ON,UhpT_D388CM_F0-36,FISUNOV
TTCTCTATTCGCTTTAGGTTTTTTAGTATTCGGTCCTCAGTTATTAATTGGAGT,DMT ON,UhpT_D388CM_F0-37,FISUNOV
TTGCTTTCTTAGGTACAAATCCAACAGCTGCTACTCCAATTAATAACTGAGGA,DMT ON,UhpT_D388CM_F0-38,FISUNOV
GATTTGTACCTAAGAAAGCAATTGGAGCAGCTTGCGGGATCAAAGGAACCTTTGCATATCT,DMT ON,UhpT_D388CM_F0-39,FISUNOV
AGTTTAGCAAAAGAATCACCAATTAGATATGCAAAGGTTCCTT,DMT ON,UhpT_D388CM_F0-40,FISUNOV
GGTGATTCTTTTGCTAAACTAGGTCTTGGAATGATTGCAGA,DMT ON,UhpT_D388CM_F0-41,FISUNOV
AACCTGTTAAACCAAAAACAGGAGTCCCATCTGCAATCATTCCAAGA,DMT ON,UhpT_D388CM_F0-42,FISUNOV
TGTTTTTGGTTTAACAGGTTGGGCTGGGACGTTTGCAGCATTAGATATTGCTGCTATCGG,DMT ON,UhpT_D388CM_F0-43,FISUNOV
ATTGCCATAAGACAGATACAACCGATAGCAGCAATATCT,DMT ON,UhpT_D388CM_F0-44,FISUNOV
TGTATCTGTCTTATGGCAATTGTTGCTGTAATGGAAGAACGTAAAA,DMT ON,UhpT_D388CM_F0-45,FISUNOV
TTAAGCAACAGTTAACTGTTGAATTTTCTTTTCACGTCTGATTTTACGTTCTTCCATTACAG,DMT ON,UhpT_D388CM_F0-46,FISUNOV
ATGGTTTCTAAAGGTGAAGAATTATTTACTGGTGTAGTACCTATCC,DMT ON,MaLionG_myco-1,FISUNOV
TCACCATCAAGTTCAACAAGGATAGGTACTACACCAGT,DMT ON,MaLionG_myco-2,FISUNOV
TTGTTGAACTTGATGGTGATGTTAACGGACACAAATTTTCTGTTTCAGGGGA,DMT ON,MaLionG_myco-3,FISUNOV
AGTTTACCGTAAGTAGCATCACCTTCTCCTTCCCCTGAAACAGAAAATT,DMT ON,MaLionG_myco-4,FISUNOV
GATGCTACTTACGGTAAACTAACTTTAAAATTTATTTGTACCACGGG,DMT ON,MaLionG_myco-5,FISUNOV
GTAGTAACTAAGGTTGGCCAAGGTACTGGAAGCTTACCCGTGGTACAAATAAATTTT,DMT ON,MaLionG_myco-6,FISUNOV
GGCCAACCTTAGTTACTACATTTGGTTACGGATTAATGTGTTTTGCAAGATATCCTG,DMT ON,MaLionG_myco-7,FISUNOV
ATTGCAGATTTAAAAAAATCATGTTGTTTCATGTGGTCAGGATATCTTGCAAAACAC,DMT ON,MaLionG_myco-8,FISUNOV
ACATGATTTTTTTAAATCTGCAATGCCAGAAGGGTATGTTCAAGAAAGAACTATCTT,DMT ON,MaLionG_myco-9,FISUNOV
CTTCAGCACGAGTCTTATAATTCCCATCGTCTTTAAAAAAGATAGTTCTTTCTTGAACATAC,DMT ON,MaLionG_myco-10,FISUNOV
TTATAAGACTCGTGCTGAAGTTAAGTTCGAAGGAGATACACTTGTTAATAGAATTGA,DMT ON,MaLionG_myco-11,FISUNOV
CTTCCTTAAAGTCAATACCCTTTAATTCAATTCTATTAACAAGTGTATCTC,DMT ON,MaLionG_myco-12,FISUNOV
AGGGTATTGACTTTAAGGAAGACGGAAATATCTTAGGTCACAAATTAGAATAT,DMT ON,MaLionG_myco-13,FISUNOV
AGTTTTCATACCTCTCCAATTATATTCTAATTTGTGACCTAAGATATT,DMT ON,MaLionG_myco-14,FISUNOV
AATTGGAGAGGTATGAAAACTGTGAAAGTAAACATTACGACACCA,DMT ON,MaLionG_myco-15,FISUNOV
TCAGCATCATAAACTGGTCCATCTGGTGTCGTAATGTTTACTT,DMT ON,MaLionG_myco-16,FISUNOV
GACCAGTTTATGATGCTGATATCGAAATGGTATCAGTTAGAG,DMT ON,MaLionG_myco-17,FISUNOV
AATTCCTAGATCACCTGATTCAGCTCTAACTGATACCATTTCGA,DMT ON,MaLionG_myco-18,FISUNOV
GAATCAGGTGATCTAGGAATTTTACCTGGTCATATTCCGACAAA,DMT ON,MaLionG_myco-19,FISUNOV
CTTTAATCTAACTGCTCCGATTTTTAAAGGTGCTTTTGTCGGAATATGACCAG,DMT ON,MaLionG_myco-20,FISUNOV
TCGGAGCAGTTAGATTAAAGAAAGATGGTCAAACCGAATATGTTGCTGTTTCAGG,DMT ON,MaLionG_myco-21,FISUNOV
GTAATAGTTACTTGATCCGGTCTAACCTCCACGTTCCCACCTGAAACAGCAACATATTC,DMT ON,MaLionG_myco-22,FISUNOV
ACCGGATCAAGTAACTATTACAGCTCAAGCTGCTGAAACTGCTGAAGGTATTGATAAGG,DMT ON,MaLionG_myco-23,FISUNOV
CTCTTGTGCTCTTTGTCTTGCCGCTTCTGCTCTTTCCTTATCAATACCTTCAGCA,DMT ON,MaLionG_myco-24,FISUNOV
AAGACAAAGAGCACAAGAGCGTCTTAACTCTCAATCTGATGACACAGAT,DMT ON,MaLionG_myco-25,FISUNOV
TTTAATGCTCTTTGTAAAGCTAACTCTGCTCTACGAATATCTGTGTCATCAGATTGAG,DMT ON,MaLionG_myco-26,FISUNOV
TTAGCTTTACAAAGAGCATTAAATAGACTAGATGTTGCAGAAATGAAAGCTTTAA,DMT ON,MaLionG_myco-27,FISUNOV
ATCAGCCATAATATAAACATTATGTGAAAATTCTTTTAAAGCTTTCATTTCTGCAA,DMT ON,MaLionG_myco-28,FISUNOV
ACATAATGTTTATATTATGGCTGATAAGCAAAAAAATGGAATTAAAGTTAACTTCAAAATC,DMT ON,MaLionG_myco-29,FISUNOV
CGACCCATCTTCAATGTTATGTCTGATTTTGAAGTTAACTTTAATTCCA,DMT ON,MaLionG_myco-30,FISUNOV
AACATTGAAGATGGGTCGGTACAACTTGCGGATCACTATCAACAAAACAC,DMT ON,MaLionG_myco-31,FISUNOV
ATAAAACTGGACCATCACCAATAGGAGTGTTTTGTTGATAGTGATCC,DMT ON,MaLionG_myco-32,FISUNOV
GGTGATGGTCCAGTTTTATTACCTGATAACCACTATCTTTCATACCAATCAGCA,DMT ON,MaLionG_myco-33,FISUNOV
GTACCATATGGTCACGTTTTTCGTTCGGATCTTTTGATAATGCTGATTGGTATGAAAGAT,DMT ON,MaLionG_myco-34,FISUNOV
AAACGTGACCATATGGTACTTCTTGAATTTGTGACAGCAGCTGGTATTACTTTAG,DMT ON,MaLionG_myco-35,FISUNOV
TTATTTGTAAAGTTCATCCATTCCTAAAGTAATACCAGCTGCT,DMT ON,MaLionG_myco-36,FISUNOV
TGTTGAGTGGCGGCGAGTT,DMT ON,Unnamed sequence_F0-0,CUSTOMER
AACTCGCCGCCACTCAACACCCCGGAGAGTGAAGTCCCGAGC,DMT ON,Unnamed sequence_F0-1,CUSTOMER
CACGAATACTGCGAGACCTTGGTCGCGATAAAGCTCGGGACTTCACTCTCC,DMT ON,Unnamed sequence_F0-2,CUSTOMER
CAAGGTCTCGCAGTATTCGTGTCAACGCAAAACCACCCTGAACAACTACAA,DMT ON,Unnamed sequence_F0-3,CUSTOMER
TAATTTCGAAGGCATCGGTGAATTTTTTGTTGTAGTTGTTCAGGGTGGTTTT,DMT ON,Unnamed sequence_F0-4,CUSTOMER
ATTCACCGATGCCTTCGAAATTATGGCCGAAAACTATGAATTTAAAGAA,DMT ON,Unnamed sequence_F0-5,CUSTOMER
CGCGCAGAAATTCAAGACAAAAAATCTCGTTTTCTTTAAATTCATAGTTTTCGGCCA,DMT ON,Unnamed sequence_F0-6,CUSTOMER
TTTTGTCTTGAATTTCTGCGCGCAGCGTCCCTTCTGAAATCACTGCCATTCCCGG,DMT ON,Unnamed sequence_F0-7,CUSTOMER
CATGGCAGGCCCTGGATATCTTTCATGCGCGTAACCGGGAATGGCAGTGATTTC,DMT ON,Unnamed sequence_F0-8,CUSTOMER
ATATCCAGGGCCTGCCATGCATGGGTGACCAGGTCCGTGATATTATTGAA,DMT ON,Unnamed sequence_F0-9,CUSTOMER
GGACGATTCACCTTCTTCAATGATTTCTTCAATAATATCACGGACCTGGTC,DMT ON,Unnamed sequence_F0-10,CUSTOMER
TCATTGAAGAAGGTGAATCGTCCCGCGTCAAAGAGGTGCTGAATGATGAG,DMT ON,Unnamed sequence_F0-11,CUSTOMER
GCCAAAAACAGAGGTAAATTGTTTAAAGCTTTTGTAACGCTCATCATTCAGCACCTCTTTGA,DMT ON,Unnamed sequence_F0-12,CUSTOMER
TTTAAACAATTTACCTCTGTTTTTGGCGTCGGCGTTAAAACATCAGAAAAATGGTACCGCATG,DMT ON,Unnamed sequence_F0-13,CUSTOMER
TCCGCTTTCACTTCTTCAACGGTACGCAGGCCCATGCGGTACCATTTTTCTGATG,DMT ON,Unnamed sequence_F0-14,CUSTOMER
CGTTGAAGAAGTGAAAGCGGATAAAACCCTGAAGCTCAGTAAAATGCAAAA,DMT ON,Unnamed sequence_F0-15,CUSTOMER
CGCACGACACAAGATCTTCATAATACAGAAAACCCGCTTTTTGCATTTTACTGAGCTTCAGG,DMT ON,Unnamed sequence_F0-16,CUSTOMER
ATGAAGATCTTGTGTCGTGCGTGTCAAAAGCCGAAGCAGACGCCGTGAGTCTCAT,DMT ON,Unnamed sequence_F0-17,CUSTOMER
GCAGGAAGGTACAAACGGTGTTTTTGACAATGAGACTCACGGCGTCTG,DMT ON,Unnamed sequence_F0-18,CUSTOMER
CACCGTTTGTACCTTCCTGCCGGACGCGCTGGTGACGATTACCGGTGG,DMT ON,Unnamed sequence_F0-19,CUSTOMER
ATCGTGACCAATTTTTTTGCCGCGACGAAAGCCACCGGTAATCGTCACCA,DMT ON,Unnamed sequence_F0-20,CUSTOMER
CGGCAAAAAAATTGGTCACGATATCGACTTTCTCATTACCAACCCAGGCCC,DMT ON,Unnamed sequence_F0-21,CUSTOMER
ATGCAGCAGCTCGTCATCTTCGCGCGGGCCTGGGTTGGTAATGA,DMT ON,Unnamed sequence_F0-22,CUSTOMER
AGATGACGAGCTGCTGCATAAGGGTCTGTTGTTGTACTGTGATAT,DMT ON,Unnamed sequence_F0-23,CUSTOMER
GCTCGGCAGCTGTTCTTTCACAAATGTAGATTCAATAATATCACAGTACAACAACAGACCC,DMT ON,Unnamed sequence_F0-24,CUSTOMER
GAAAGAACAGCTGCCGAGCCGCAAAGTGGACGCCATGGATC,DMT ON,Unnamed sequence_F0-25,CUSTOMER
GTACAACTTCAGAATTGCGAAACATTTCTGGAAATGATCCATGGCGTCCACTTTG,DMT ON,Unnamed sequence_F0-26,CUSTOMER
TGTTTCGCAATTCTGAAGTTGTACCAACCACGTGTTGATAACTCGTCGTACAATACCTCAAAA,DMT ON,Unnamed sequence_F0-27,CUSTOMER
TCCAGTCTTTCACCTCCGCCATATCCAATTTTTTTGAGGTATTGTACGACGAGTT,DMT ON,Unnamed sequence_F0-28,CUSTOMER
GCGGAGGTGAAAGACTGGAAGGCGATTCGTGTTGATCTGGTTATTAC,DMT ON,Unnamed sequence_F0-29,CUSTOMER
GTACGCGTACTGCTCAAACGGTGTAATAACCAGATCAACACGAATCG,DMT ON,Unnamed sequence_F0-30,CUSTOMER
CGTTTGAGCAGTACGCGTACGCATTGCTGGGCTGGACCGGTTCTCGTCAGTT,DMT ON,Unnamed sequence_F0-31,CUSTOMER
TACGTTCGTGGGTTGCGTAACGACGCAGGTCACGACCAAACTGACGAGAACCGGTCC,DMT ON,Unnamed sequence_F0-32,CUSTOMER
TACGCAACCCACGAACGTAAAATGATCCTGGATAACCACGC,DMT ON,Unnamed sequence_F0-33,CUSTOMER
CCCGCTTTCAGGAAAATACGTTTACGACGGTCATACAGCGCGTGGTTATCCAGGATCATTT,DMT ON,Unnamed sequence_F0-34,CUSTOMER
ACGTATTTTCCTGAAAGCGGGTAGCGAGGAAGAAATTTTTGCGCAT,DMT ON,Unnamed sequence_F0-35,CUSTOMER
TCCCACGGTTCCACATAGTCCAGACCCAGATGCGCAAAAATTTCTTCCTCG,DMT ON,Unnamed sequence_F0-36,CUSTOMER
GACTATGTGGAACCGTGGGAACGCAACGCCGCGAATGCA,DMT ON,Unnamed sequence_F0-37,CUSTOMER
TGCATTCGCGGCGTTGCGT,DMT ON,Unnamed sequence_F0-38,CUSTOMER
