,where,Name,Date,Sample Name,Nucleic Acid(ng/uL),A260/A280,A260/A230,A260,A280,Nucleic Acid Factor,Baseline Correction (nm),Baseline Absorbance,code,length,seq,monoisotopic_mass
0,A1 ,p03_F1-Fb ,5/31/2023 12:01,Sample 1,985.484,1.937,1.434,29.863,15.418,33,340,0.643,p03_F1-Fb ,#= 29,TAT AGG ATC CAT GAA GGT CGA TGA GTT GC ,8996.82
1,B1 ,p03_F1-Rs ,5/31/2023 12:01,Sample 2,1141.665,1.843,1.335,34.596,18.772,33,340,0.713,p03_F1-Rs ,#= 27,TAT AGT CGA CGA TTT ACC CCG GCA GAC ,8244.34
2,C1 ,p03_F2-Fb ,5/31/2023 12:02,Sample 3,1472.541,1.876,1.456,44.622,23.791,33,340,0.479,p03_F2-Fb ,#= 26,TAT AGG ATC CTG TCT GCC GGG GTA AA ,8026.19
3,D1 ,p03_F2-Rs ,5/31/2023 12:03,Sample 4,2056.397,1.94,1.458,62.315,32.114,33,340,-0.694,p03_F2-Rs ,#= 32,TAT AGT CGA CAC GTA AGA AAT CTT CAA GGG TT ,9871.41
4,E1 ,p10_F1-Fb ,5/31/2023 12:04,Sample 5,2364.708,1.864,1.387,71.658,38.449,33,340,-0.414,p10_F1-Fb ,#= 26,TAT AGG ATC CAT GGG AAG CTC CCA CC ,7940.15
5,F1 ,p10_F1-Rs ,5/31/2023 12:04,Sample 6,1950.6,1.928,1.43,59.109,30.658,33,340,0.374,p10_F1-Rs ,#= 27,TAT AGT CGA CAG GGG AGT AGT CAG ACC ,8373.43
6,G1 ,p10_F2-Fb ,5/31/2023 12:05,Sample 7,1980.809,1.738,1.423,60.025,34.528,33,340,-0.711,p10_F2-Fb ,#= 27,TAT AGG ATC CGG GTC TGA CTA CTC CCC ,8211.3
7,H1 ,p10_F2-Rs ,5/31/2023 12:06,Sample 8,2022.346,1.795,1.687,61.283,34.146,33,340,0.432,p10_F2-Rs ,#= 31,TAT AGT CGA CAT AGT CGT TGA TCG TCT TCT G ,9507.13
8,I1 ,p03_F1-R ,5/31/2023 12:06,Sample 9,1517.107,1.758,1.427,45.973,26.15,33,340,0.611,p03_F1-R ,#= 17,GAT TTA CCC CGG CAG AC ,5155.37
9,J1 ,p03_F2-F ,5/31/2023 12:07,Sample 10,1067.431,1.776,1.548,32.346,18.209,33,340,0.653,p03_F2-F ,#= 16,TGT CTG CCG GGG TAA A ,4937.22
10,K1 ,p10_F1-R ,5/31/2023 12:08,Sample 11,1152.785,1.851,1.475,34.933,18.869,33,340,0.77,p10_F1-R ,#= 17,AGG GGA GTA GTC AGA CC ,5284.45
11,L1 ,p10_F2-F ,5/31/2023 12:08,Sample 12,1205.381,1.575,1.414,36.527,23.192,33,340,0.437,p10_F2-F ,#= 17,GGG TCT GAC TAC TCC CC ,5122.33
12,M1 ,p03_M-F ,5/31/2023 12:09,Sample 13,910.834,1.762,1.461,27.601,15.664,33,340,0.505,p03_M-F ,#= 22,CAT TAG TTT TCG TTA ACA CGC G ,6700.36
13,N1 ,p03_M-R ,5/31/2023 12:10,Sample 14,1881.147,2.062,1.511,57.004,27.649,33,340,-0.358,p03_M-R ,#= 25,GAT CGA TAT AAA GTT GGG AAG TAC G ,7794.07
14,O1 ,p10_M-F ,5/31/2023 12:10,Sample 15,1286.464,2.001,1.437,38.984,19.479,33,340,0.599,p10_M-F ,#= 22,GCG GTA AAG AAA ATT TTG AGC G ,6847.47
15,P1 ,p10_M-R ,5/31/2023 12:11,Sample 16,1212.67,1.873,1.473,36.748,19.621,33,340,0.573,p10_M-R ,#= 23,TGG GTC GAT ATA AAG CTT GCT CA ,7078.6
16,A2 ,p03_F1-1 ,5/31/2023 12:12,Sample 17,2864.519,1.872,1.68,86.804,46.373,33,340,-0.426,p03_F1-1 ,#= 47,ATG AAG GTC GAT GAG TTG CCG GTC GAT GAA CGT TTG AAG GCA GTG TT ,14669.42
17,B2 ,p03_F1-2 ,5/31/2023 12:12,Sample 18,2570.094,1.76,1.368,77.882,44.245,33,340,0.096,p03_F1-2 ,#= 55,GGT GGA TAA AGC TCC TCA ATT CCG CGC TCC TTC AAC ACT GCC TTC AAA CGT TCA T ,16740.75
18,C2 ,p03_F1-3 ,5/31/2023 12:13,Sample 19,3097.052,1.926,1.424,93.85,48.74,33,340,-0.292,p03_F1-3 ,#= 47,GGA ATT GAG GAG CTT TAT CCA CCA CAG GCT GAA GCT TTA AAA TCC GG ,14511.35
19,D2 ,p03_F1-4 ,5/31/2023 12:14,Sample 20,3281.598,1.701,1.461,99.442,58.464,33,340,-0.319,p03_F1-4 ,#= 45,CTA AGT TGC GCC CCT CCA ATG CTC CGG ATT TTA AAG CTT CAG CCT ,13682.79
20,E2 ,p03_F1-5 ,5/31/2023 12:15,Sample 21,3128.433,1.766,1.501,94.801,53.673,33,340,-0.628,p03_F1-5 ,#= 55,TTG GAG GGG CGC AAC TTA GTT CTG GCG ATT CCT ACG GCT TCC GGA AAA ACC CTT G ,16957.86
21,F2 ,p03_F1-6 ,5/31/2023 12:15,Sample 22,3678.234,1.844,1.478,111.462,60.462,33,340,-0.718,p03_F1-6 ,#= 59,CTT CCT GGA TAA GCT TAT TTA CCA TTA CGA TTT CGG AGA CAA GGG TTT TTC CGG AAG CC ,18141.65
22,G2 ,p03_F1-7 ,5/31/2023 12:16,Sample 23,3782.421,1.881,1.553,114.619,60.931,33,340,-0.769,p03_F1-7 ,#= 65,GTA ATG GTA AAT AAG CTT ATC CAG GAA GGG GGG AAG GCT GTG TAT CTG GTT CCC TTA AAA GCT TT ,20212.98
23,H2 ,p03_F1-8 ,5/31/2023 12:17,Sample 24,2569.016,1.923,1.418,77.849,40.49,33,340,-0.818,p03_F1-8 ,#= 59,CCA CTC TTT GAA TTC GCG ATA CTT TTC TTC GGC TAA AGC TTT TAA GGG AAC CAG ATA CA ,18069.62
24,I2 ,p03_F1-9 ,5/31/2023 12:17,Sample 25,3280.555,1.933,1.513,99.411,51.427,33,340,-0.61,p03_F1-9 ,#= 60,AGT ATC GCG AAT TCA AAG AGT GGG AAA AGC TTG GTT TGA AAG TTG CAG CTA CTA CGG GTG ,18707.03
25,J2 ,p03_F1-10 ,5/31/2023 12:18,Sample 26,2795.901,1.873,1.415,84.724,45.224,33,340,-0.689,p03_F1-10 ,#= 47,CAA GCC AGT CAT CGG TCG AGT CAT AAT CAC CCG TAG TAG CTG CAA CT ,14392.27
26,K2 ,p03_F1-11 ,5/31/2023 12:18,Sample 27,2414.053,1.813,1.631,73.153,40.36,33,340,-1.019,p03_F1-11 ,#= 48,TCG ACC GAT GAC TGG CTT GGG CGT TAC GAC ATC ATT GTT GCG ACT GCT ,14781.47
27,L2 ,p03_F1-12 ,5/31/2023 12:19,Sample 28,2563.453,1.965,1.362,77.68,39.531,33,340,-1.024,p03_F1-12 ,#= 50,CCA TGA CGC AAT AAT GAG TCA AAT TTC TCA GCA GTC GCA ACA ATG ATG TC ,15345.91
28,M2 ,p03_F1-13 ,5/31/2023 12:20,Sample 29,2899.88,1.893,1.532,87.875,46.426,33,340,-0.803,p03_F1-13 ,#= 45,AAT TTG ACT CAT TAT TGC GTC ATG GGG CAC GTT GGA TCA ACG ACG ,13890.94
29,N2 ,p03_F1-14 ,5/31/2023 12:20,Sample 30,2422.955,1.86,1.368,73.423,39.471,33,340,-0.284,p03_F1-14 ,#= 53,ATA AGA TGC ACT TCA TCT GCC ACA ACT AAC TTG ACG TCG TTG ATC CAA CGT GC ,16195.43
30,O2 ,p03_F1-15 ,5/31/2023 12:21,Sample 31,2378.719,1.885,1.472,72.082,38.244,33,340,-0.354,p03_F1-15 ,#= 58,GTG GCA GAT GAA GTG CAT CTT ATC GGC TCG TAC GAC CGC GGG GCT ACG CTG GAA ATG A ,18003.53
31,P2 ,p03_F1-16 ,5/31/2023 12:21,Sample 32,1739.075,1.805,1.359,52.699,29.195,33,340,0.49,p03_F1-16 ,#= 43,CGC GGC CTA ACA TAT GAG TTA AGA TCA TTT CCA GCG TAG CCC C ,13147.47
32,A3 ,p03_F1-17 ,5/31/2023 12:22,Sample 33,1881.234,1.81,1.372,57.007,31.501,33,340,-0.665,p03_F1-17 ,#= 58,CTT AAC TCA TAT GTT AGG CCG CGC GCA AAT CTT GGC ACT TTC GGC AAC CGT AGG CAA T ,17792.42
33,B3 ,p03_F1-18 ,5/31/2023 12:23,Sample 34,1829.733,1.833,1.342,55.446,30.256,33,340,0.354,p03_F1-18 ,#= 54,AGA GAA GCG TCC AAC CAC TCC GCA AGC TCT TCG GCA TTG CCT ACG GTT GCC GAA ,16536.61
34,C3 ,p03_F1-19 ,5/31/2023 12:23,Sample 35,2694.786,1.77,1.649,81.66,46.125,33,340,-0.514,p03_F1-19 ,#= 42,GAG TGG TTG GAC GCT TCT CTT GTT GTA TCA GAT TGG CGC CCA ,12958.3
35,D3 ,p03_F1-20 ,5/31/2023 12:24,Sample 36,2299.207,1.985,1.364,69.673,35.105,33,340,-0.453,p03_F1-20 ,#= 46,TGA AAG ACA CCG CGA CGA AGC TGT ACT GGG CGC CAA TCT GAT ACA A ,14186.15
36,E3 ,p03_F1-21 ,5/31/2023 12:25,Sample 37,3148.227,1.84,1.576,95.401,51.846,33,340,-0.127,p03_F1-21 ,#= 58,TTC GTC GCG GTG TCT TTC ACC TTG GTA CAT TAA TCT GGG AGG ACG GAA AGG TGG AGT C ,17990.51
37,F3 ,p03_F1-22 ,5/31/2023 12:25,Sample 38,2472.456,1.759,1.313,74.923,42.606,33,340,-0.21,p03_F1-22 ,#= 49,CAA CTA AAG AAT ACC AAT TTT CAG GGT ACG ACT CCA CCT TTC CGT CCT C ,14879.59
38,G3 ,p03_F1-23 ,5/31/2023 12:26,Sample 39,3500.858,1.895,1.683,106.087,55.99,33,340,-0.454,p03_F1-23 ,#= 64,ACC CTG AAA ATT GGT ATT CTT TAG TTG TGG ACG CGG TGA AGC GCG GTA AGG GTG CAT TAG TTT T ,19897.75
39,H3 ,p03_F1-24 ,5/31/2023 12:26,Sample 40,2383.062,1.855,1.31,72.214,38.927,33,340,-0.441,p03_F1-24 ,#= 42,CCG AAC GAC GCG TGT TAA CGA AAA CTA ATG CAC CCT TAC CGC ,12821.27
40,I3 ,p03_F1-25 ,5/31/2023 12:27,Sample 41,2404.456,1.817,1.537,72.862,40.108,33,340,-0.179,p03_F1-25 ,#= 51,GTT AAC ACG CGT CGT TCG GCT GAA AAG GAA GCT TTG GCC TTG TCT AAA TTG ,15760.12
41,J3 ,p03_F1-26 ,5/31/2023 12:28,Sample 42,2743.671,1.962,1.405,83.142,42.381,33,340,-0.704,p03_F1-26 ,#= 48,GGG TTT TGT CAG GTG CGA AGA GAC CAA TTT AGA CAA GGC CAA AGC TTC ,14880.58
42,K3 ,p03_F1-27 ,5/31/2023 12:28,Sample 43,2574.651,1.856,1.359,78.02,42.041,33,340,-0.664,p03_F1-27 ,#= 41,CTT CGC ACC TGA CAA AAC CCG AAA AAC GCG CTT TGG AGT CG ,12548.09
43,L3 ,p03_F1-28 ,5/31/2023 12:29,Sample 44,1906.07,1.715,1.44,57.76,33.675,33,340,-0.708,p03_F1-28 ,#= 40,GTC CTC TAA CTG GCT CGC AAG CGA CTC CAA AGC GCG TTT T ,12207.85
44,M3 ,p03_F1-29 ,5/31/2023 12:30,Sample 45,4147.984,1.993,1.396,125.696,63.054,33,340,-0.188,p03_F1-29 ,#= 52,TTG CGA GCC AGT TAG AGG ACA ACC CAA CAT CTG AGA AAT TGA AAC GTG CAC T ,16038.35
45,N3 ,p03_F1-30 ,5/31/2023 12:30,Sample 46,2450.065,1.803,1.361,74.244,41.176,33,340,-0.855,p03_F1-30 ,#= 44,TGA AAA GCC ACT CCC CCA CGC AGT GCA CGT TTC AAT TTC TCA GA ,13380.62
46,O3 ,p03_F1-31 ,5/31/2023 12:31,Sample 47,2174.34,1.802,1.578,65.889,36.569,33,340,-0.696,p03_F1-31 ,#= 45,GTG GGG GAG TGG CTT TTC ATC ACG CGG GAC TGA GTC GCG TAG AGC ,14029.97
47,P3 ,p03_F1-32 ,5/31/2023 12:31,Sample 48,2264.6,1.757,1.401,68.624,39.047,33,340,-0.635,p03_F1-32 ,#= 57,AAT TAA CCC CTC GCG AAA AGC GTC CTC AAT TAA TGT ACG CTC TAC GCG ACT CAG TCC ,17361.17
48,A4 ,p03_F1-33 ,5/31/2023 12:33,Sample 49,3384.971,1.831,1.517,102.575,56.027,33,340,-0.416,p03_F1-33 ,#= 64,GCT TTT CGC GAG GGG TTA ATT AAA GTT ATT ACG GCA ACA CCC ACT TTG TCT GCC GGG GTA AAT C ,19731.65
49,B4 ,p03_F1-34 ,5/31/2023 12:33,Sample 50,1901.391,1.83,1.513,57.618,31.491,33,340,0.644,p03_F1-34 ,#= 32,GAT TTA CCC CGG CAG ACA AAG TGG GTG TTG CC ,9865.36
50,C4 ,p03_F2-1 ,5/31/2023 12:34,Sample 51,3137.382,1.761,1.466,95.072,54.003,33,340,-0.364,p03_F2-1 ,#= 57,TGT CTG CCG GGG TAA ATC TTC CCT CAT TTC GCG TAA TTA TCC GTG ACA CTA AGC GCT ,17436.17
51,D4 ,p03_F2-2 ,5/31/2023 12:35,Sample 52,1959.818,1.93,1.409,59.388,30.773,33,340,0.534,p03_F2-2 ,#= 53,GAC AGG GAT GTC TGT CCA CCC GAA ACC AGC GTA GCG CTT AGT GTC ACG GAT AA ,16351.5
52,E4 ,p03_F2-3 ,5/31/2023 12:35,Sample 53,2547.015,1.853,1.472,77.182,41.663,33,340,-0.527,p03_F2-3 ,#= 47,GGT GGA CAG ACA TCC CTG TCC TTG AGA TCC AGC AAA TGA TGG GTC GT ,14519.32
53,F4 ,p03_F2-4 ,5/31/2023 12:36,Sample 54,3056.237,1.84,1.556,92.613,50.32,33,340,-0.533,p03_F2-4 ,#= 58,ATA GCT TCT CCA TAT TTG TCG TAG CGG GGG CGC CCG GCA CGA CCC ATC ATT TGC TGG A ,17816.39
54,G4 ,p03_F2-5 ,5/31/2023 12:37,Sample 55,3542.57,2.0,1.337,107.351,53.67,33,340,-0.755,p03_F2-5 ,#= 58,GCT ACG ACA AAT ATG GAG AAG CTA TCA TCG TGG CAC GCA CCG ATG AAC CCG GAA AAT T ,17901.54
55,H4 ,p03_F2-6 ,5/31/2023 12:37,Sample 56,2547.934,1.767,1.597,77.21,43.69,33,340,-0.964,p03_F2-6 ,#= 57,AGC TTC TCC GGC TTT CCA CGA ATG TAA CGT TCC ATT AAT TTT CCG GGT TCA TCG GTG ,17442.17
56,I4 ,p03_F2-7 ,5/31/2023 12:38,Sample 57,2517.691,1.95,1.428,76.294,39.125,33,340,-0.996,p03_F2-7 ,#= 43,GTG GAA AGC CGG AGA AGC TTT TCT CAA TGC TGG CCA ATG AAC A ,13300.58
57,J4 ,p03_F2-8 ,5/31/2023 12:39,Sample 58,2822.408,1.89,1.53,85.528,45.246,33,340,-0.963,p03_F2-8 ,#= 46,AGC CAA AAC TTG AGA GCG GAA CGC CTG TTC ATT GGC CAG CAT TGA G ,14208.15
58,K4 ,p03_F2-9 ,5/31/2023 12:39,Sample 59,2499.036,1.677,1.494,75.728,45.161,33,340,-1.337,p03_F2-9 ,#= 51,TCC GCT CTC AAG TTT TGG CTT TGA TTA CAA ATT TCG GAA TTC GCT CCT TCC ,15522.96
59,L4 ,p03_F2-10 ,5/31/2023 12:40,Sample 60,2571.985,1.99,1.395,77.939,39.159,33,340,-1.204,p03_F2-10 ,#= 57,ATA GAA TGT ACG TTC CAG GAA ACG TAC CAG CTC CGG GAA GGA GCG AAT TCC GAA ATT ,17643.36
60,M4 ,p03_F2-11 ,5/31/2023 12:41,Sample 61,2743.885,1.873,1.439,83.148,44.393,33,340,-1.162,p03_F2-11 ,#= 57,CGT TTC CTG GAA CGT ACA TTC TAT GCA CAT CAG CGT AAA GAC CTG AGC AGC TTG GAG ,17552.28
61,N4 ,p03_F2-12 ,5/31/2023 12:41,Sample 62,2595.351,1.763,1.413,78.647,44.602,33,340,-1.052,p03_F2-12 ,#= 48,AAA AAT AAA CTA CCT CCT TTG CCT TGT ACT CCA AGC TGC TCA GGT CTT ,14596.41
62,O4 ,p03_F2-13 ,5/31/2023 12:42,Sample 63,3499.731,2.008,1.7,106.052,52.824,33,340,-1.306,p03_F2-13 ,#= 64,CAA GGC AAA GGA GGT AGT TTA TTT TTT AAT CGA GAA TGA ATT TAT TGA TTT GGA TCT TGA GGA T ,19926.83
63,P4 ,p03_F2-14 ,5/31/2023 12:43,Sample 64,2637.256,2.079,1.365,79.917,38.433,33,340,-1.565,p03_F2-14 ,#= 66,GGG AAG TAC GCT TGC CAA ACG GCA GTG GGA TGA AGC GAT CCT CAA GAT CCA AAT CAA TAA ATT CAT ,20412.15
64,A5 ,p03_F2-15 ,5/31/2023 12:51,Sample 65,3169.33,1.922,1.421,96.04,49.96,33,340,-0.832,p03_F2-15 ,#= 54,GTT TGG CAA GCG TAC TTC CCA ACT TTA TAT CGA TCC TTT AAC TGC AAA GAA ATT ,16528.66
65,B5 ,p03_F2-16 ,5/31/2023 12:52,Sample 66,2695.729,1.912,1.564,81.689,42.718,33,340,-0.114,p03_F2-16 ,#= 66,GAT TTG GGT TGC GCT CGA TGG CGG GAA ACG CGT CCT TAA ATT TCT TTG CAG TTA AAG GAT CGA TAT ,20460.11
66,C5 ,p03_F2-17 ,5/31/2023 12:52,Sample 67,2767.446,1.772,1.505,83.862,47.336,33,340,-0.793,p03_F2-17 ,#= 56,CAT CGA GCG CAA CCC AAA TCC GTT CGG GAT TTT CCA GTT AAT TGC GAG TAC TCC TG ,17150.01
67,D5 ,p03_F2-18 ,5/31/2023 12:53,Sample 68,3531.532,1.894,1.513,107.016,56.515,33,340,-1.014,p03_F2-18 ,#= 62,CTT CCA TTT CAC GAC GGC GGG CGG TTA ATG TCG CCA TAT CAG GAG TAC TCG CAA TTA ACT GG ,19084.23
68,E5 ,p03_F2-19 ,5/31/2023 12:54,Sample 69,2382.603,1.925,1.525,72.2,37.497,33,340,-0.89,p03_F2-19 ,#= 48,CGC CGT CGT GAA ATG GAA GAT TAT TTA GAC CTT GCT TAT GAA CTG GAG ,14861.57
69,F5 ,p03_F2-20 ,5/31/2023 12:54,Sample 70,3244.186,1.983,1.412,98.309,49.576,33,340,-0.928,p03_F2-20 ,#= 64,TGA ATC CTC ATA GTA CGG GAT TGA GGC GTA TAA CTT GTC CTC CAG TTC ATA AGC AAG GTC TAA A ,19732.69
70,G5 ,p03_F2-21 ,5/31/2023 12:55,Sample 71,2498.691,1.749,1.51,75.718,43.29,33,340,-1.333,p03_F2-21 ,#= 46,TCA ATC CCG TAC TAT GAG GAT TCA CGC TTC CAG GGG TTC TTA GGC C ,14092.04
71,H5 ,p03_F2-22 ,5/31/2023 12:56,Sample 72,2827.274,1.815,1.43,85.675,47.215,33,340,-1.278,p03_F2-22 ,#= 50,AGT CTA ACA GCA CCT TAG CTG TCT TTA CTT GGC CTA AGA ACC CCT GGA AG ,15304.85
72,I5 ,p03_F2-23 ,5/31/2023 12:56,Sample 73,2118.9,1.912,1.389,64.209,33.581,33,340,-1.204,p03_F2-23 ,#= 57,ACA GCT AAG GTG CTG TTA GAC TGG ATT AAC GAG GTC CCG GAA GCC CGC ATC TAC GAA ,17611.31
73,J5 ,p03_F2-24 ,5/31/2023 12:57,Sample 74,2179.666,1.703,1.714,66.05,38.781,33,340,-1.114,p03_F2-24 ,#= 40,GCC GGG GTC GAT TGA GTA GGT TTC GTA GAT GCG GGC TTC C ,12430.95
74,K5 ,p03_F2-25 ,5/31/2023 12:58,Sample 75,2563.307,1.692,1.559,77.676,45.898,33,340,-1.04,p03_F2-25 ,#= 45,CTA CTC AAT CGA CCC CGG CGA TCT TTA TCG TCT TTT AGA GCT GGC ,13713.8
75,L5 ,p03_F2-26 ,5/31/2023 12:58,Sample 76,2398.278,2.124,1.32,72.675,34.217,33,340,-1.044,p03_F2-26 ,#= 52,TTC GAT AAG GCT GTA CAT TAA CCA ATC GGC CAG CTC TAA AAG ACG ATA AAG A ,16021.36
76,M5 ,p03_F2-27 ,5/31/2023 12:59,Sample 77,2947.305,1.979,1.348,89.312,45.129,33,340,-1.013,p03_F2-27 ,#= 58,TTG GTT AAT GTA CAG CCT TAT CGA ACT TTA CAA GCT GTT CGA GCC TAA AGA AGA GAT C ,17878.52
77,N5 ,p03_F2-28 ,5/31/2023 13:00,Sample 78,3059.784,1.959,1.454,92.721,47.331,33,340,-0.536,p03_F2-28 ,#= 57,TAA GCG TAA ATG AAG GTC ACG CAG ATA ATT CAA GAT CTC TTC TTT AGG CTC GAA CAG ,17583.34
78,O5 ,p03_F2-29 ,5/31/2023 13:01,Sample 79,3694.27,1.76,1.676,111.948,63.623,33,340,-0.32,p03_F2-29 ,#= 59,GCG TGA CCT TCA TTT ACG CTT ACG TCA TGG GGT TCG CGA GGA GCT TCT GGA GCT TGT AC ,18206.63
79,P5 ,p03_F2-30 ,5/31/2023 13:01,Sample 80,2405.058,1.793,1.38,72.881,40.639,33,340,-0.555,p03_F2-30 ,#= 45,GCT TGC GAC CAA TGT TTG GAA GGC GTA CAA GCT CCA GAA GCT CCT ,13845.9
80,A6 ,p03_F2-31 ,5/31/2023 13:02,Sample 81,2893.703,1.815,1.602,87.688,48.308,33,340,-0.306,p03_F2-31 ,#= 52,TCC AAA CAT TGG TCG CAA GCG CGC GCG TGC ACT GTA TAA CGC TGG ATT TCG T ,15995.26
81,B6 ,p03_F2-32 ,5/31/2023 13:03,Sample 82,2505.63,1.876,1.513,75.928,40.469,33,340,-0.452,p03_F2-32 ,#= 44,GTT GGC GAT CGC TTC TAC GCT ACG AAA TCC AGC GTT ATA CAG TG ,13522.69
82,C6 ,p03_F2-33 ,5/31/2023 13:03,Sample 83,2336.541,1.884,1.472,70.804,37.59,33,340,-0.727,p03_F2-33 ,#= 51,CGT AGA AGC GAT CGC CAA CGC CAA GCC AGC CGA ATT GTT GGC GGT GGA AGG ,15824.15
83,D6 ,p03_F2-34 ,5/31/2023 13:04,Sample 84,2570.318,1.721,1.302,77.888,45.249,33,340,-1.172,p03_F2-34 ,#= 45,ACC GTC CAG GAT CTT TGC TCC GAT ACC TTC CAC CGC CAA CAA TTC ,13596.74
84,E6 ,p03_F2-35 ,5/31/2023 13:05,Sample 85,2605.765,1.921,1.42,78.963,41.102,33,340,-0.55,p03_F2-35 ,#= 56,GAG CAA AGA TCC TGG ACG GTA TTT ATC GCC ACC TGG GCA TCG AAA AGC GTG TCA CA ,17282.11
85,F6 ,p03_F2-36 ,5/31/2023 13:06,Sample 86,2627.379,1.591,1.653,79.618,50.028,33,340,-0.492,p03_F2-36 ,#= 46,GTT CCC TTA CGC TTC GGT TTC TCC TCT GTG ACA CGC TTT TCG ATG C ,13966.93
86,G6 ,p03_F2-37 ,5/31/2023 13:07,Sample 87,2487.397,1.922,1.436,75.376,39.213,33,340,-0.513,p03_F2-37 ,#= 40,GAA ACC GAA GCG TAA GGG AAC CCT TGA AGA TTT CTT ACG T ,12352.98
87,H6 ,p03_F2-38 ,5/31/2023 13:07,Sample 88,1053.926,2.095,1.309,31.937,15.247,33,340,0.357,p03_F2-38 ,#= 19,ACG TAA GAA ATC TTC AAG G ,5844.84
88,I6 ,p10_F1-1 ,5/31/2023 13:08,Sample 89,2629.557,1.785,1.386,79.684,44.63,33,340,-0.319,p10_F1-1 ,#= 43,ATG GGA AGC TCC CAC CAC CAC CAC CAT CAC TCA TCG GGT CTG G ,13078.41
89,J6 ,p10_F1-2 ,5/31/2023 13:08,Sample 90,2601.722,1.809,1.54,78.84,43.571,33,340,0.159,p10_F1-2 ,#= 57,TCC AGG CTC TCA ATT TTC ATG TGG CTA CCG CGC GGT ACC AGA CCC GAT GAG TGA TGG ,17536.22
90,K6 ,p10_F1-3 ,5/31/2023 13:09,Sample 91,3545.548,1.945,1.465,107.441,55.238,33,340,-0.072,p10_F1-3 ,#= 62,CAC ATG AAA ATT GAG AGC CTG GAC CTG CCG GAC GAA GTG AAA CAG TTT TAT TTA GAC TCC GG ,19174.33
91,L6 ,p10_F1-4 ,5/31/2023 13:10,Sample 92,2883.376,2.002,1.376,87.375,43.647,33,340,0.095,p10_F1-4 ,#= 55,CGG CCT GAG GTG GAT AAA GTT CCA AGA TAC CGG AGT CTA AAT AAA ACT GTT TCA C ,16990.95
92,M6 ,p10_F1-5 ,5/31/2023 13:11,Sample 93,2611.77,1.924,1.465,79.145,41.131,33,340,-0.269,p10_F1-5 ,#= 46,ACT TTA TCC ACC TCA GGC CGA GGC TGT CGA AAA GGG CTT GTT AGA A ,14174.12
93,N6 ,p10_F1-6 ,5/31/2023 13:11,Sample 94,2885.612,1.867,1.387,87.443,46.841,33,340,-0.071,p10_F1-6 ,#= 47,AAT AGC CGC TAA AAG GTT ACG CCC TTC TAA CAA GCC CTT TTC GAC AG ,14351.25
94,O6 ,p10_F1-7 ,5/31/2023 13:12,Sample 95,1889.78,1.766,1.504,57.266,32.436,33,340,0.04,p10_F1-7 ,#= 46,GCG TAA CCT TTT AGC GGC TAT TCC CAC CGC TTC GGG GAA AAC GTT G ,14117.06
95,P6 ,p10_F1-8 ,5/31/2023 13:13,Sample 96,1977.074,1.732,1.425,59.911,34.584,33,340,0.147,p10_F1-8 ,#= 54,TTC AGA ATA GAC TTA AGC ATT GCC AGC TCC GCC AGC AAC GTT TTC CCC GAA GCG ,16510.61
96,A7 ,p10_F1-9 ,5/31/2023 13:14,Sample 97,3355.127,1.831,1.555,101.671,55.538,33,340,0.164,p10_F1-9 ,#= 54,TGG CAA TGC TTA AGT CTA TTC TGA ACG GGG GAA AGG CAC TTT ACA TTG TTC CGC ,16666.7
97,B7 ,p10_F1-10 ,5/31/2023 13:14,Sample 98,2370.253,2.022,1.384,71.826,35.531,33,340,0.063,p10_F1-10 ,#= 55,AAA CGC TTA AAT TTT TCA GAA GCC AGC GCG CGA AGC GGA ACA ATG TAA AGT GCC T ,16984.95
98,C7 ,p10_F1-11 ,5/31/2023 13:15,Sample 99,2012.666,1.83,1.629,60.99,33.331,33,340,0.422,p10_F1-11 ,#= 61,TGG CTT CTG AAA AAT TTA AGC GTT TTC GTG AGT TTT CTA AAT TGG GTA TCC GTG TGG GGA T ,18931.14
99,D7 ,p10_F1-12 ,5/31/2023 13:16,Sample 100,2893.691,1.986,1.235,87.688,44.158,33,340,-0.075,p10_F1-12 ,#= 45,CGC GAA GAT CAT AAT CAC CAG TTG AAA TCC CCA CAC GGA TAC CCA ,13720.87
100,E7 ,p10_F1-13 ,5/31/2023 13:16,Sample 101,2378.985,1.888,1.464,72.09,38.187,33,340,1.526,p10_F1-13 ,#= 60,AAC TGG TGA TTA TGA TCT TCG CGA TGA GGG CCT TGG AGT GAA TGA CAT CAT TGT CGC AAC ,18584.93
101,F7 ,p10_F1-14 ,5/31/2023 13:17,Sample 102,2278.537,1.886,1.489,69.047,36.607,33,340,-0.027,p10_F1-14 ,#= 54,ATT ACG CAA TAA AGA GTC TGT CTT TTC GCT CGT TGC GAC AAT GAT GTC ATT CAC ,16560.65
102,G7 ,p10_F1-15 ,5/31/2023 13:18,Sample 103,2066.402,2.062,1.449,62.618,30.367,33,340,0.197,p10_F1-15 ,#= 48,GAA AAG ACA GAC TCT TTA TTG CGT AAT GAG ACG GTG TGG ATG CAG GAA ,14968.65
103,H7 ,p10_F1-16 ,5/31/2023 13:19,Sample 104,2529.386,1.823,1.284,76.648,42.053,33,340,0.46,p10_F1-16 ,#= 45,ACT TCG TCA GCC ACA ACT ACA GAA ATT TCC TGC ATC CAC ACC GTC ,13613.78
104,I7 ,p10_F1-17 ,5/31/2023 13:19,Sample 105,3251.127,1.835,1.605,98.519,53.69,33,340,-0.272,p10_F1-17 ,#= 46,TGT AGT TGT GGC TGA CGA AGT GCA TTT GAT CGA TAG CCC AGA TCG T ,14251.15
105,J7 ,p10_F1-18 ,5/31/2023 13:20,Sample 106,2541.223,1.955,1.428,77.007,39.387,33,340,-0.332,p10_F1-18 ,#= 61,CTT ACG TAA TTT TGC CAA AGT GAT TTC CAG AGT CGG ACC ACG ATC TGG GCT ATC GAT CAA A ,18762.06
106,K7 ,p10_F1-19 ,5/31/2023 13:21,Sample 107,3018.431,1.908,1.427,91.468,47.945,33,340,0.169,p10_F1-19 ,#= 60,GAA ATC ACT TTG GCA AAA TTA CGT AAG ATG AAT CCT TCA TGC CAA ATC CTG GCT TTA TCG ,18415.87
107,L7 ,p10_F1-20 ,5/31/2023 13:22,Sample 108,3002.794,1.929,1.506,90.994,47.176,33,340,-0.02,p10_F1-20 ,#= 53,CGG CAA GTT CAT CGG CAT TTC CGA TTG TAG CCG ATA AAG CCA GGA TTT GGC AT ,16347.5
108,M7 ,p10_F1-21 ,5/31/2023 13:22,Sample 109,2777.145,1.827,1.565,84.156,46.064,33,340,-0.165,p10_F1-21 ,#= 43,AAA TGC CGA TGA ACT TGC CGC GTG GCT TGA AGC TGG CCT GGT A ,13299.54
109,N7 ,p10_F1-22 ,5/31/2023 13:23,Sample 110,2468.376,1.869,1.364,74.799,40.014,33,340,-0.016,p10_F1-22 ,#= 38,TTG GAC GCC ATT CGG ACA ATA CCA GGC CAG CTT CAA GC ,11632.5
110,O7 ,p10_F1-23 ,5/31/2023 13:24,Sample 111,2443.348,1.752,1.566,74.041,42.253,33,340,-0.152,p10_F1-23 ,#= 57,TTG TCC GAA TGG CGT CCA ACC GAA CTT CGT GAG GGA GTC TTC TTC AAC GGT ACT TTT ,17516.22
111,P7 ,p10_F1-24 ,5/31/2023 13:25,Sample 112,2226.161,1.975,1.387,67.459,34.152,33,340,-0.082,p10_F1-24 ,#= 55,GCT CGA TTG ATT TCT CGC GGT CTT TAC AAT AAA AAG TAC CGT TGA AGA AGA CTC C ,16907.89
112,A8 ,p10_F1-25 ,5/31/2023 13:26,Sample 113,3051.17,1.985,1.43,92.46,46.589,33,340,0.045,p10_F1-25 ,#= 56,CCG CGA GAA ATC AAT CGA GCA GAG TAC AAA GGA TGA AGC AGT TAA TCT GGT GTT GG ,17434.23
113,B8 ,p10_F1-26 ,5/31/2023 13:26,Sample 114,3318.76,1.944,1.31,100.568,51.728,33,340,-0.412,p10_F1-26 ,#= 61,TTC AAA AAC AAG ACA CTG ACC GTC TTC GCG CAA AGT GTC CAA CAC CAG ATT AAC TGC TTC A ,18638.02
114,C8 ,p10_F1-27 ,5/31/2023 13:27,Sample 115,3210.977,1.961,1.4,97.302,49.629,33,340,0.127,p10_F1-27 ,#= 58,ACG GTC AGT GTC TTG TTT TTG AAA ACA GTC GCA AGA ATT GCA TGG CCT TCG CCA AAA A ,17879.51
115,D8 ,p10_F1-28 ,5/31/2023 13:28,Sample 116,2475.787,1.798,1.573,75.024,41.73,33,340,-0.066,p10_F1-28 ,#= 45,AAA TTT TCT TTA CCG CAC TTG ACG CCT TTT TGG CGA AGG CCA TGC ,13752.84
116,E8 ,p10_F1-29 ,5/31/2023 13:28,Sample 117,3377.271,1.972,1.448,102.342,51.888,33,340,-0.673,p10_F1-29 ,#= 61,CGT CAA GTG CGG TAA AGA AAA TTT TGA GCG CCG AGG ACA AAG AAG CTT TAG CGG AGA TTG C ,18999.22
117,F8 ,p10_F1-30 ,5/31/2023 13:29,Sample 118,2489.642,1.758,1.42,75.444,42.904,33,340,-0.752,p10_F1-30 ,#= 50,GGT CTC GGA ATT CTC TAA AAC TTC ATC TGC AAT CTC CGC TAA AGC TTC TT ,15220.79
118,G8 ,p10_F1-31 ,5/31/2023 13:29,Sample 119,2062.357,1.909,1.435,62.496,32.735,33,340,-0.963,p10_F1-31 ,#= 47,TGA AGT TTT AGA GAA TTC CGA GAC CGA TAC GTC AGC AGC CTT AGC TG ,14502.34
119,H8 ,p10_F1-32 ,5/31/2023 13:30,Sample 120,2750.416,1.879,1.504,83.346,44.361,33,340,-0.641,p10_F1-32 ,#= 40,CGG TTC CGG AGC GAA TAC ACG CAG CTA AGG CTG CTG ACG T ,12346.93
120,I8 ,p10_F1-33 ,5/31/2023 13:31,Sample 121,2590.292,1.654,1.496,78.494,47.449,33,340,-0.731,p10_F1-33 ,#= 50,TGT ATT CGC TCC GGA ACC GCG TTT CAC CAT GCG GGT CTG ACT ACT CCC CT ,15215.73
121,J8 ,p10_F1-34 ,5/31/2023 13:31,Sample 122,2148.091,1.994,1.468,65.094,32.65,33,340,-0.705,p10_F1-34 ,#= 28,AGG GGA GTA GTC AGA CCC GCA TGG TGA A ,8727.64
122,K8 ,p10_F2-1 ,5/31/2023 13:32,Sample 123,2635.291,1.744,1.625,79.857,45.781,33,340,-0.862,p10_F2-1 ,#= 50,GGG TCT GAC TAC TCC CCT GCG TGA ACT GGT CGA AGA CGG TTT TCG CGC TG ,15400.84
123,L8 ,p10_F2-2 ,5/31/2023 13:33,Sample 124,2439.042,1.829,1.464,73.91,40.417,33,340,-1.07,p10_F2-2 ,#= 48,AGG AGT CGA GCT GAT AAG TTT AAT TTT GCC AGC GCG AAA ACC GTC TTC ,14806.53
124,M8 ,p10_F2-3 ,5/31/2023 13:34,Sample 125,3107.539,1.676,1.536,94.168,56.19,33,340,-0.907,p10_F2-3 ,#= 65,AAA TTA AAC TTA TCA GCT CGA CTC CTA CTT TGG CTG CCG GCT TGA ATC TTC CTG CTC GTC GTG TC ,19833.7
125,N8 ,p10_F2-4 ,5/31/2023 13:34,Sample 126,3475.261,2.047,1.395,105.311,51.449,33,340,-0.953,p10_F2-4 ,#= 56,ATC TTC CGA AGA GTA GCG GCG ATA GGA GCG GAT AAC GAC ACG ACG AGC AGG AAG AT ,17454.23
126,O8 ,p10_F2-5 ,5/31/2023 13:35,Sample 127,2650.782,1.79,1.586,80.327,44.869,33,340,-1.104,p10_F2-5 ,#= 48,GCC GCT ACT CTT CGG AAG ATG GGA TGC AGC CGA TTC CCG TTA TTG AGT ,14790.48
127,P8 ,p10_F2-6 ,5/31/2023 13:35,Sample 128,2956.583,1.852,1.535,89.593,48.367,33,340,-1.532,p10_F2-6 ,#= 41,GCG TCC TGC CAT CTG CTT ATA CTC AAT AAC GGG AAT CGG CT ,12536.06
128,A9 ,p10_F2-7 ,5/31/2023 13:36,Sample 129,3884.774,1.86,1.501,117.72,63.306,33,340,-0.594,p10_F2-7 ,#= 47,TAA GCA GAT GGC AGG ACG CGC AGG GCG CCC TCG TCT TGA CCC ATA CG ,14475.28
129,B9 ,p10_F2-8 ,5/31/2023 13:37,Sample 130,2435.106,1.889,1.436,73.791,39.064,33,340,-1.012,p10_F2-8 ,#= 47,AGC TCT TTG CCA CCA AAA CAG CCT CGC CGT ATG GGT CAA GAC GAG GG ,14458.29
130,C9 ,p10_F2-9 ,5/31/2023 13:37,Sample 131,2460.017,1.811,1.599,74.546,41.172,33,340,-0.856,p10_F2-9 ,#= 53,CTG TTT TGG TGG CAA AGA GCT ATG AAG AGT TCG TGT TTC TGT TTC GTA ACT AC ,16389.52
131,D9 ,p10_F2-10 ,5/31/2023 13:38,Sample 132,3471.636,1.937,1.338,105.201,54.298,33,340,-0.952,p10_F2-10 ,#= 64,TCC AAG CTT ACT CCA GAT GTC TTC CGC GTC AGC TTC GAT GTA GTT ACG AAA CAG AAA CAC GAA C ,19607.61
132,E9 ,p10_F2-11 ,5/31/2023 13:39,Sample 133,3370.709,1.906,1.487,102.143,53.585,33,340,-0.697,p10_F2-11 ,#= 54,AAG ACA TCT GGA GTA AGC TTG GAA CCG AAA ACG CCT TGC GCA CGC ATG TTT TGA ,16678.73
133,F9 ,p10_F2-12 ,5/31/2023 13:39,Sample 134,2206.437,2.06,1.311,66.862,32.452,33,340,-1.047,p10_F2-12 ,#= 46,TGC GCG CAA AAC CAT TAG AGA TCG TAC TCA AAA CAT GCG TGC GCA A ,14145.14
134,G9 ,p10_F2-13 ,5/31/2023 13:40,Sample 135,3013.431,1.891,1.497,91.316,48.281,33,340,-0.86,p10_F2-13 ,#= 54,CTC TAA TGG TTT TGC GCG CAC AAA GGA AGA GCT TAT GGA ATT CCT GGA GGC GAC ,16725.74
135,H9 ,p10_F2-14 ,5/31/2023 13:41,Sample 136,2309.35,2.04,1.325,69.98,34.311,33,340,-0.931,p10_F2-14 ,#= 48,GAA ATT AGA GTA TTG GAA CGC AAA AAA AGT CGC CTC CAG GAA TTC CAT ,14825.6
136,I9 ,p10_F2-15 ,5/31/2023 13:42,Sample 137,3606.106,1.877,1.659,109.276,58.217,33,340,-0.742,p10_F2-15 ,#= 53,TTT TTT TGC GTT CCA ATA CTC TAA TTT CGG ATT ATC GAC GGT GGT TGA CGA AT ,16299.47
137,J9 ,p10_F2-16 ,5/31/2023 13:42,Sample 138,2854.238,1.853,1.416,86.492,46.677,33,340,-0.771,p10_F2-16 ,#= 44,CTT CTT GGC GAA GAA AGT TTA AGC ATT CGT CAA CCA CCG TCG AT ,13490.69
138,K9 ,p10_F2-17 ,5/31/2023 13:43,Sample 139,2489.643,2.085,1.323,75.444,36.187,33,340,-1.114,p10_F2-17 ,#= 51,GCT TAA ACT TTC TTC GCC AAG AAG AAA TGT TAG AAA AAA CGG ATA CGC TGA ,15747.19
139,L9 ,p10_F2-18 ,5/31/2023 13:44,Sample 140,3350.128,1.942,1.428,101.519,52.275,33,340,-0.931,p10_F2-18 ,#= 62,ATA AAG CTT GCT CAC TAA TTT TCC AAA CGA CGT GCT AAT CAG CGT ATC CGT TTT TTC TAA CA ,18935.19
140,M9 ,p10_F2-19 ,5/31/2023 13:44,Sample 141,3229.986,1.918,1.452,97.878,51.029,33,340,-1.002,p10_F2-19 ,#= 59,TTT GGA AAA TTA GTG AGC AAG CTT TAT ATC GAC CCA CTG TCC GCA GCA CGC ATT GTT AA ,18143.67
141,N9 ,p10_F2-20 ,5/31/2023 13:45,Sample 142,2722.292,1.868,1.502,82.494,44.164,33,340,-1.031,p10_F2-20 ,#= 44,AAG AAT TTT GGC CTC CTT CAG ACC TTT AAC AAT GCG TGC TGC GG ,13497.68
142,O9 ,p10_F2-21 ,5/31/2023 13:46,Sample 143,3433.696,1.807,1.491,104.051,57.572,33,340,-0.764,p10_F2-21 ,#= 62,GTC TGA AGG AGG CCA AAA TTC TTA CAG AAC TTA CCC TGC TGC ATT TGG TGT GCT CTA CAC CG ,19043.22
143,P9 ,p10_F2-22 ,5/31/2023 13:46,Sample 144,2374.306,2.089,1.328,71.949,34.442,33,340,-0.971,p10_F2-22 ,#= 47,TTA CGC ATA TAC AAC AAA CGC ATA TCC GGT GTA GAG CAC ACC AAA TG ,14417.33
144,A10 ,p10_F2-23 ,5/31/2023 13:47,Sample 145,3426.152,2.041,1.467,103.823,50.874,33,340,-1.155,p10_F2-23 ,#= 55,GAT ATG CGT TTG TTG TAT ATG CGT AAT CAA GAC TAC CAG GAC ATC AAT GAC TAT G ,16986.95
145,B10 ,p10_F2-24 ,5/31/2023 13:48,Sample 146,3044.63,1.861,1.542,92.262,49.568,33,340,-0.858,p10_F2-24 ,#= 57,TAC ACG CAC GAA CTC GTC CGC GTG AGC GAT TAC ATA GTC ATT GAT GTC CTG GTA GTC ,17519.24
146,C10 ,p10_F2-25 ,5/31/2023 13:48,Sample 147,2397.084,1.955,1.438,72.639,37.148,33,340,-1.027,p10_F2-25 ,#= 49,GGA CGA GTT CGT GCG TGT ACC ATC CCC ATT TAA CTA TAC CGA ATA TGA G ,15055.69
147,D10 ,p10_F2-26 ,5/31/2023 13:49,Sample 148,1981.192,1.98,1.453,60.036,30.318,33,340,-0.869,p10_F2-26 ,#= 47,TTC ACT TCG CCA AGG AAC CAC TCA TAT TCG GTA TAG TTA AAT GGG GA ,14461.32
148,E10 ,p10_F2-27 ,5/31/2023 13:50,Sample 149,2121.051,1.695,1.658,64.274,37.925,33,340,-0.95,p10_F2-27 ,#= 39,TGG TTC CTT GGC GAA GTG AAA ACC TCG CTG CTT CTG GTG ,12020.71
149,F10 ,p10_F2-28 ,5/31/2023 13:50,Sample 150,2317.238,1.871,1.404,70.219,37.531,33,340,-1.027,p10_F2-28 ,#= 57,AGG CAA ATT TCG TTT TCG GAC TTT TCA TGA ATC CAG TCC ACC AGA AGC AGC GAG GTT ,17542.27
150,G10 ,p10_F2-29 ,5/31/2023 13:51,Sample 151,2424.65,1.929,1.558,73.474,38.092,33,340,-1.032,p10_F2-29 ,#= 43,AGT CCG AAA ACG AAA TTT GCC TTA AAT TTG GGA TCG GGG AGG G ,13395.64
151,H10 ,p10_F2-30 ,5/31/2023 13:51,Sample 152,2882.879,1.723,1.391,87.36,50.708,33,340,-0.757,p10_F2-30 ,#= 49,CTG CAA TGT CTG CGA TAG CGT GGA TAT CCC CCT CCC CGA TCC CAA ATT T ,14903.57
152,I10 ,p10_F2-31 ,5/31/2023 13:52,Sample 153,2555.335,1.892,1.426,77.434,40.929,33,340,-0.54,p10_F2-31 ,#= 46,CGC TAT CGC AGA CAT TGC AGA ATG GCT GAT GCA CGT CAC GGC TCA A ,14144.1
153,J10 ,p10_F2-32 ,5/31/2023 13:53,Sample 154,2999.589,1.727,1.564,90.897,52.642,33,340,-0.743,p10_F2-32 ,#= 58,TGC TTC TTT TGC TCC TTT AAG CTC CAG CAA GCG GGC CAG TTG AGC CGT GAC GTG CAT C ,17782.37
154,K10 ,p10_F2-33 ,5/31/2023 13:53,Sample 155,3114.84,2.144,1.334,94.389,44.021,33,340,-0.871,p10_F2-33 ,#= 47,AGC TTA AAG GAG CAA AAG AAG CAG CCG AGT TAG AGA AAC GCA TTC AT ,14595.45
155,L10 ,p10_F2-34 ,5/31/2023 13:54,Sample 156,2898.29,1.798,1.509,87.827,48.835,33,340,-0.68,p10_F2-34 ,#= 49,TCC ATA AGC TCC GGT GAA GCG CCG TAA TGA ATG CGT TTC TCT AAC TCG G ,15047.66
156,M10 ,p10_F2-35 ,5/31/2023 13:55,Sample 157,2466.31,1.814,1.569,74.737,41.2,33,340,-0.511,p10_F2-35 ,#= 46,GCT TCA CCG GAG CTT ATG GAT TTG CTT GAC ATC CGT GGA ATC GGA C ,14172.09
157,N10 ,p10_F2-36 ,5/31/2023 13:55,Sample 158,3532.911,1.855,1.537,107.058,57.721,33,340,-0.396,p10_F2-36 ,#= 57,CGG AAG CCA CTT TCA TAA AGT TTG CGT GCG CGC ATG CGT CCG ATT CCA CGG ATG TCA ,17520.23
158,O10 ,p10_F2-37 ,5/31/2023 13:56,Sample 159,1969.765,1.816,1.543,59.69,32.868,33,340,-0.645,p10_F2-37 ,#= 43,CAA ACT TTA TGA AAG TGG CTT CCG CTC GTC CGC AGA ATT GGC G ,13218.5
159,P10 ,p10_F2-38 ,5/31/2023 13:56,Sample 160,2304.98,1.843,1.525,69.848,37.896,33,340,-0.735,p10_F2-38 ,#= 56,GTC CAA GCA AGG CAG CAA CTT TTA CGG GGT CCG CGC CCG CCA ATT CTG CGG ACG AG ,17236.03
160,A11 ,p10_F2-39 ,5/31/2023 13:57,Sample 161,2297.609,1.815,1.608,69.625,38.351,33,340,-0.68,p10_F2-39 ,#= 44,GTT GCT GCC TTG CTT GGA CCT AAG ATT GCG GAT CGC ATC TTT AA ,13519.68
161,B11 ,p10_F2-40 ,5/31/2023 13:58,Sample 162,2317.954,1.859,1.412,70.241,37.791,33,340,-0.545,p10_F2-40 ,#= 46,ATA CCT CAC GGC GTC CAA TCT GCT TAA AGA TGC GAT CCG CAA TCT T ,14029.03
162,C11 ,p10_F2-41 ,5/31/2023 13:58,Sample 163,2483.247,1.979,1.474,75.25,38.022,33,340,-0.601,p10_F2-41 ,#= 40,GAT TGG ACG CCG TGA GGT ATT ACC GGA AAT TGC GGA ACC A ,12409.99
163,D11 ,p10_F2-42 ,5/31/2023 13:59,Sample 164,2504.579,1.718,1.679,75.896,44.182,33,340,-0.421,p10_F2-42 ,#= 44,AAC TCG GAC TTT TTT CAG GCA GCG TTG GTT CCG CAA TTT CCG GT ,13495.65
164,E11 ,p10_F2-43 ,5/31/2023 14:00,Sample 165,3026.023,2.013,1.366,91.698,45.551,33,340,-0.897,p10_F2-43 ,#= 48,CTG CCT GAA AAA AGT CCG AGT TCT GGA CAG AAG ACG ATC AAC GAC TAT ,14802.56
165,F11 ,p10_F2-44 ,5/31/2023 14:00,Sample 166,1503.815,1.736,1.669,45.57,26.257,33,340,0.72,p10_F2-44 ,#= 25,ATA GTC GTT GAT CGT CTT CTG TCC A ,7613.92
166,G11 ,T7 ,5/31/2023 14:01,Sample 167,1869.401,2.094,1.445,56.649,27.051,33,340,0.946,T7 ,#= 20,TAA TAC GAC TCA CTA TAG GG ,6125.01
167,H11 ,T7t ,5/31/2023 14:01,Sample 168,1125.959,1.833,1.628,34.12,18.614,33,340,0.649,T7t ,#= 19,GCT AGT TAT TGC TCA GCG G ,5834.79
