TGTTGAGTGGCGGCGAGTT,DMT ON,Unnamed sequence_F0-0,CUSTOMER
AACTCGCCGCCACTCAACACCCCGGAGAGTGAAGTCCCGAGC,DMT ON,Unnamed sequence_F0-1,CUSTOMER
CACGAATACTGCGAGACCTTGGTCGCGATAAAGCTCGGGACTTCACTCTCC,DMT ON,Unnamed sequence_F0-2,CUSTOMER
CAAGGTCTCGCAGTATTCGTGTCAACGCAAAACCACCCTGAACAACTACAA,DMT ON,Unnamed sequence_F0-3,CUSTOMER
TAATTTCGAAGGCATCGGTGAATTTTTTGTTGTAGTTGTTCAGGGTGGTTTT,DMT ON,Unnamed sequence_F0-4,CUSTOMER
ATTCACCGATGCCTTCGAAATTATGGCCGAAAACTATGAATTTAAAGAA,DMT ON,Unnamed sequence_F0-5,CUSTOMER
CGCGCAGAAATTCAAGACAAAAAATCTCGTTTTCTTTAAATTCATAGTTTTCGGCCA,DMT ON,Unnamed sequence_F0-6,CUSTOMER
TTTTGTCTTGAATTTCTGCGCGCAGCGTCCCTTCTGAAATCACTGCCATTCCCGG,DMT ON,Unnamed sequence_F0-7,CUSTOMER
CATGGCAGGCCCTGGATATCTTTCATGCGCGTAACCGGGAATGGCAGTGATTTC,DMT ON,Unnamed sequence_F0-8,CUSTOMER
ATATCCAGGGCCTGCCATGCATGGGTGACCAGGTCCGTGATATTATTGAA,DMT ON,Unnamed sequence_F0-9,CUSTOMER
GGACGATTCACCTTCTTCAATGATTTCTTCAATAATATCACGGACCTGGTC,DMT ON,Unnamed sequence_F0-10,CUSTOMER
TCATTGAAGAAGGTGAATCGTCCCGCGTCAAAGAGGTGCTGAATGATGAG,DMT ON,Unnamed sequence_F0-11,CUSTOMER
GCCAAAAACAGAGGTAAATTGTTTAAAGCTTTTGTAACGCTCATCATTCAGCACCTCTTTGA,DMT ON,Unnamed sequence_F0-12,CUSTOMER
TTTAAACAATTTACCTCTGTTTTTGGCGTCGGCGTTAAAACATCAGAAAAATGGTACCGCATG,DMT ON,Unnamed sequence_F0-13,CUSTOMER
TCCGCTTTCACTTCTTCAACGGTACGCAGGCCCATGCGGTACCATTTTTCTGATG,DMT ON,Unnamed sequence_F0-14,CUSTOMER
CGTTGAAGAAGTGAAAGCGGATAAAACCCTGAAGCTCAGTAAAATGCAAAA,DMT ON,Unnamed sequence_F0-15,CUSTOMER
CGCACGACACAAGATCTTCATAATACAGAAAACCCGCTTTTTGCATTTTACTGAGCTTCAGG,DMT ON,Unnamed sequence_F0-16,CUSTOMER
ATGAAGATCTTGTGTCGTGCGTGTCAAAAGCCGAAGCAGACGCCGTGAGTCTCAT,DMT ON,Unnamed sequence_F0-17,CUSTOMER
GCAGGAAGGTACAAACGGTGTTTTTGACAATGAGACTCACGGCGTCTG,DMT ON,Unnamed sequence_F0-18,CUSTOMER
CACCGTTTGTACCTTCCTGCCGGACGCGCTGGTGACGATTACCGGTGG,DMT ON,Unnamed sequence_F0-19,CUSTOMER
ATCGTGACCAATTTTTTTGCCGCGACGAAAGCCACCGGTAATCGTCACCA,DMT ON,Unnamed sequence_F0-20,CUSTOMER
CGGCAAAAAAATTGGTCACGATATCGACTTTCTCATTACCAACCCAGGCCC,DMT ON,Unnamed sequence_F0-21,CUSTOMER
ATGCAGCAGCTCGTCATCTTCGCGCGGGCCTGGGTTGGTAATGA,DMT ON,Unnamed sequence_F0-22,CUSTOMER
AGATGACGAGCTGCTGCATAAGGGTCTGTTGTTGTACTGTGATAT,DMT ON,Unnamed sequence_F0-23,CUSTOMER
GCTCGGCAGCTGTTCTTTCACAAATGTAGATTCAATAATATCACAGTACAACAACAGACCC,DMT ON,Unnamed sequence_F0-24,CUSTOMER
GAAAGAACAGCTGCCGAGCCGCAAAGTGGACGCCATGGATC,DMT ON,Unnamed sequence_F0-25,CUSTOMER
GTACAACTTCAGAATTGCGAAACATTTCTGGAAATGATCCATGGCGTCCACTTTG,DMT ON,Unnamed sequence_F0-26,CUSTOMER
TGTTTCGCAATTCTGAAGTTGTACCAACCACGTGTTGATAACTCGTCGTACAATACCTCAAAA,DMT ON,Unnamed sequence_F0-27,CUSTOMER
TCCAGTCTTTCACCTCCGCCATATCCAATTTTTTTGAGGTATTGTACGACGAGTT,DMT ON,Unnamed sequence_F0-28,CUSTOMER
GCGGAGGTGAAAGACTGGAAGGCGATTCGTGTTGATCTGGTTATTAC,DMT ON,Unnamed sequence_F0-29,CUSTOMER
GTACGCGTACTGCTCAAACGGTGTAATAACCAGATCAACACGAATCG,DMT ON,Unnamed sequence_F0-30,CUSTOMER
CGTTTGAGCAGTACGCGTACGCATTGCTGGGCTGGACCGGTTCTCGTCAGTT,DMT ON,Unnamed sequence_F0-31,CUSTOMER
TACGTTCGTGGGTTGCGTAACGACGCAGGTCACGACCAAACTGACGAGAACCGGTCC,DMT ON,Unnamed sequence_F0-32,CUSTOMER
TACGCAACCCACGAACGTAAAATGATCCTGGATAACCACGC,DMT ON,Unnamed sequence_F0-33,CUSTOMER
CCCGCTTTCAGGAAAATACGTTTACGACGGTCATACAGCGCGTGGTTATCCAGGATCATTT,DMT ON,Unnamed sequence_F0-34,CUSTOMER
ACGTATTTTCCTGAAAGCGGGTAGCGAGGAAGAAATTTTTGCGCAT,DMT ON,Unnamed sequence_F0-35,CUSTOMER
TCCCACGGTTCCACATAGTCCAGACCCAGATGCGCAAAAATTTCTTCCTCG,DMT ON,Unnamed sequence_F0-36,CUSTOMER
GACTATGTGGAACCGTGGGAACGCAACGCCGCGAATGCA,DMT ON,Unnamed sequence_F0-37,CUSTOMER
TGCATTCGCGGCGTTGCGT,DMT ON,Unnamed sequence_F0-38,CUSTOMER
