TTAGAATTCATGAAGCACCTGTGGTTCTTTCT,DMT ON,IgAce2-RI,POSTIKA
CCTCGCGAATGCATCTAGATCTTTAAGAAGGAGATATAGCTATGAAAAAAAACTCGGCCTTTCATAATACTCAATATTC,DMT ON,RPOB-F,MOLODTSOV
GTTCAGTTTGTACCAATCTAAAACTAAGTTCTTCCATTTTTG,DMT ON,RPOB-1,MOLODTSOV
CAAAAATGGAAGAACTTAGTTTTAGATTGGTACAAACTGAAC,DMT ON,RPOB-2,MOLODTSOV
CGTCTTCGTAGTTATAACCACTCCAAGTAGTAAAAC,DMT ON,RPOB-3,MOLODTSOV
GTTTTACTACTTGGAGTGGTTATAACTACGAAGACG,DMT ON,RPOB-4,MOLODTSOV
ATAAGCTTGAAGCGCCCACACTTCCAT,DMT ON,RPOB-5,MOLODTSOV
CCTCGCGAATGCATCTAGATCTTTAAGAAGGAGATATAGCTATGGATAAGCTAAAGAAAAAAAATAAAAATAAACGAATTCGTG,DMT ON,RPOC-F,MOLODTSOV
AGGTTTTTTTACTTCACCATGAGACCAAGATC,DMT ON,RPOC-1,MOLODTSOV
GATCTTGGTCTCATGGTGAAGTAAAAAAACCT,DMT ON,RPOC-2,MOLODTSOV
GTAATTCTTTAGTCATCCAGATGTGAGCTACTGGAA,DMT ON,RPOC-3,MOLODTSOV
TTCCAGTAGCTCACATCTGGATGACTAAAGAATTAC,DMT ON,RPOC-4,MOLODTSOV
GATGCTTTGATTCCAGATTCTTTTAACCACTTAATCG,DMT ON,RPOC-5,MOLODTSOV
TAGCTTCTTGGCATATCTTAGGGCCAAAAGATG,DMT ON,RPOC-8,MOLODTSOV
CTTTAATATCTTTAGATACGTTATCTTTAACATCAGCCCATAAAC,DMT ON,RPOC-9,MOLODTSOV
GTTTATGGGCTGATGTTAAAGATAACGTATCTAAAGATATTAAAG,DMT ON,RPOC-10,MOLODTSOV
TCAGCGATCGTAGCTAATTCCCATTCTTTTG,DMT ON,RPOC-11,MOLODTSOV
CCTCGCGAATGCATCTAGATCTTTAAGAAGGAGATATAGCTATGGCTTCATTAATTGATAAGGCTTACGAAGTTG,DMT ON,RPOE-F,MOLODTSOV
CGTCTTTAACAACTAGTTTCCATAAGTCGTTAAAAGT,DMT ON,RPOE-1,MOLODTSOV
ACTTTTAACGACTTATGGAAACTAGTTGTTAAAGACG,DMT ON,RPOE-2,MOLODTSOV
TTCAGATAATTTTGCCCATTCATCATGAAGC,DMT ON,RPOE-3,MOLODTSOV
GCTTCATGATGAATGGGCAAAATTATCTGAA,DMT ON,RPOE-4,MOLODTSOV
ATCGGATCCCGGGCCCGTCGACTTAATTTTCCTCCTCTGTTGAATCAACAATAATATTGTCG,DMT ON,RPOE-R,MOLODTSOV
CCTCGCGAATGCATCTAGATCTTTAAGAAGGAGATATAGCTATGCTTTTTATACCTTTAACATTTACAAGAATGGCAA,DMT ON,RPOD-F,MOLODTSOV
GCTTGTCTGATCCACCATGTTGCATAAGTTG,DMT ON,RPOD-1,MOLODTSOV
CACCCTTGGCACCAACAAATGACCCTTG,DMT ON,RPOD-4,MOLODTSOV
ATCGGATCCCGGGCCCGTCGACTTAATTTTCTGAGTCATGTTTTAAGAAAGAACGTAATCTCG,DMT ON,RPOD-R,MOLODTSOV
GGACAGCAAATGGGTCGCGGATCCCTTTTTATACCTTTAACATTTACAAGAATGGCAA,DMT ON,RPOD-5,MOLODTSOV
GTGGTGGTGGTGGTGGTGCTCGAGTTAATTTTCTGAGTCATGTTTTAAGAAAGAACGTAATCTCG,DMT ON,RPOD-6,MOLODTSOV
TATTCATATGATGTCCGATTCTGAAGTGAACCA,DMT ON,RBLK-F,MOLODTSOV
AAATCTCGAGTTACGACAAAAGACGTAAGGAAGGCTTGTC,DMT ON,RBLK-R,MOLODTSOV
GCATGACGGTTGACGAACAGATTCCAGTAATTG,DMT ON,RBLK-R1,MOLODTSOV
CAATTACTGGAATCTGTTCGTCAACCGTCATGC,DMT ON,RBLK-F1,MOLODTSOV
GGTTATGCTAGTTATTGCTCAGCGGTG,DMT ON,RBLK-T7T,MOLODTSOV
TTGATGGTCAAGTAGACTTATTTAGAAATGCCCGTAATGGT,DMT ON,T201-1,MOLODTSOV
ACACTACCTTCTGTAATAAGAACACCATTACGGGCATTTCTAA,DMT ON,T201-2,MOLODTSOV
GTTCTTATTACAGAAGGTAGTGTTAAAGGTTTACAACCATCTGT,DMT ON,T201-3,MOLODTSOV
GACTAGCTTGTTTGGGACCTACAGATGGTTGTAAACCTTTA,DMT ON,T201-4,MOLODTSOV
AGGTCCCAAACAAGCTAGTCTTAATGGAGTCACATTAATTGG,DMT ON,T201-5,MOLODTSOV
ACTGTGTTTTTACGGCTTCTCCAATTAATGTGACTCCATTAA,DMT ON,T201-6,MOLODTSOV
AGAAGCCGTAAAAACACAGTTCAATTATTATAAGAAAGTTGATGGT,DMT ON,T201-7,MOLODTSOV
TCAGGTAATTGTTGGACAACACCATCAACTTTCTTATAATAATTGA,DMT ON,T201-8,MOLODTSOV
GTTGTCCAACAATTACCTGAAACTTACTTTACTCAGAGTAGAA,DMT ON,T201-9,MOLODTSOV
CCTGGGTTTAAATTCTTGTAAATTTCTACTCTGAGTAAAGTAAGTT,DMT ON,T201-10,MOLODTSOV
ATTTACAAGAATTTAAACCCAGGAGTCAAATGGAAATTGATTTCT,DMT ON,T201-11,MOLODTSOV
TGAATTCATCCATAGCTAATTCTAAGAAATCAATTTCCATTTGACT,DMT ON,T201-12,MOLODTSOV
TAGAATTAGCTATGGATGAATTCATTGAACGGTATAAATTAGAAGGC,DMT ON,T201-13,MOLODTSOV
ACGATATGTTCGAAGGCATAGCCTTCTAATTTATACCGTTCAA,DMT ON,T201-14,MOLODTSOV
TATGCCTTCGAACATATCGTTTATGGAGATTTTAGTCATAGTCA,DMT ON,T201-15,MOLODTSOV
AGTAGATGTAAACCACCTAACTGACTATGACTAAAATCTCCATAA,DMT ON,T201-16,MOLODTSOV
GTTAGGTGGTTTACATCTACTGATTGGACTAGCTAAACGTT,DMT ON,T201-17,MOLODTSOV
AATTCAAAAGGTGATTCCTTAAAACGTTTAGCTAGTCCAATC,DMT ON,T201-18,MOLODTSOV
TTAAGGAATCACCTTTTGAATTAGAAGATTTTATTCCTATGGACA,DMT ON,T201-19,MOLODTSOV
CTGTTATGAAATAGTTTTTAACTGTACTGTCCATAGGAATAAAATCTTCT,DMT ON,T201-20,MOLODTSOV
GTACAGTTAAAAACTATTTCATAACAGATGCGCAAACAGGTTCATCT,DMT ON,T201-21,MOLODTSOV
ATAACAGAACACACACACTTAGATGAACCTGTTTGCGCAT,DMT ON,T201-22,MOLODTSOV
AAGTGTGTGTGTTCTGTTATTGATTTATTACTTGATGATTTTGTTG,DMT ON,T201-23,MOLODTSOV
CAGATAAATCTTGGGATTTTATTATTTCAACAAAATCATCAAGTAATAAATCA,DMT ON,T201-24,MOLODTSOV
AAATAATAAAATCCCAAGATTTATCTGTAGTTTCTAAGGTTGTCAAAGT,DMT ON,T201-25,MOLODTSOV
TGAAATTTCTGTATAGTCAATAGTCACTTTGACAACCTTAGAAACTA,DMT ON,T201-26,MOLODTSOV
GACTATTGACTATACAGAAATTTCATTTATGCTTTGGTGTAAAGATG,DMT ON,T201-27,MOLODTSOV
GGTAAAATGTTTCTACATGGCCATCTTTACACCAAAGCATAAA,DMT ON,T201-28,MOLODTSOV
GCCATGTAGAAACATTTTACCCAAAATTACAATCTAGTCAAGCG,DMT ON,T201-29,MOLODTSOV
CATAGCAACACCCGGTTGCCACGCTTGACTAGATTGTAATTTTG,DMT ON,T201-30,MOLODTSOV
TGGCAACCGGGTGTTGCTATGCCTAATCTTTACAAAATGCAAAG,DMT ON,T201-31,MOLODTSOV
GTCACACTTTTCTAATAGCATTCTTTGCATTTTGTAAAGATTAGG,DMT ON,T201-32,MOLODTSOV
AATGCTATTAGAAAAGTGTGACCTTCAAAATTATGGTGATAGTGC,DMT ON,T201-33,MOLODTSOV
CATTATGCCTTTAGGTAATGTTGCACTATCACCATAATTTTGAAG,DMT ON,T201-34,MOLODTSOV
AACATTACCTAAAGGCATAATGATGAATGTCGCAAAATATACTC,DMT ON,T201-35,MOLODTSOV
TGTGTTTAAATATTGACACAGTTGAGTATATTTTGCGACATTCAT,DMT ON,T201-36,MOLODTSOV
AACTGTGTCAATATTTAAACACATTAACATTAGCTGTACCCTATAA,DMT ON,T201-37,MOLODTSOV
GCACCAAAATGTATAACTCTCATATTATAGGGTACAGCTAATGTTAA,DMT ON,T201-38,MOLODTSOV
TATGAGAGTTATACATTTTGGTGCTGGTTCTGATAAAGGAGTTG,DMT ON,T201-39,MOLODTSOV
TAAAACAGCTGTACCTGGTGCAACTCCTTTATCAGAACCA,DMT ON,T201-40,MOLODTSOV
CACCAGGTACAGCTGTTTTAAGACAGTGGTTGCCTACGGGT,DMT ON,T201-41,MOLODTSOV
ATCTGAATCGACAAGCAGCGTACCCGTAGGCAACCACTGTCT,DMT ON,T201-42,MOLODTSOV
ACGCTGCTTGTCGATTCAGATCTTAATGACTTTGTCTCTGATG,DMT ON,T201-43,MOLODTSOV
TCACCAATCAAAGTTGAATCTGCATCAGAGACAAAGTCATTAAG,DMT ON,T201-44,MOLODTSOV
TTGTGCAACTGTACATACAGCTAATAAATGGGATCTCATTATTAGTG,DMT ON,T202-1,MOLODTSOV
AGTCTTAGGGTCGTACATATCACTAATAATGAGATCCCATTTATTAG,DMT ON,T202-2,MOLODTSOV
ATATGTACGACCCTAAGACTAAAAATGTTACAAAAGAAAATGACT,DMT ON,T202-3,MOLODTSOV
AAGTGAAAAAACCCTCTTTAGAGTCATTTTCTTTTGTAACATTTTT,DMT ON,T202-4,MOLODTSOV
CTAAAGAGGGTTTTTTCACTTACATTTGTGGGTTTATACAAC,DMT ON,T202-5,MOLODTSOV
ACCTCCAAGAGCTAGCTTTTGTTGTATAAACCCACAAATGT,DMT ON,T202-6,MOLODTSOV
AAAAGCTAGCTCTTGGAGGTTCCGTGGCTATAAAGATAAC,DMT ON,T202-7,MOLODTSOV
CAGCATTCCAAGAATGTTCTGTTATCTTTATAGCCACGGA,DMT ON,T202-8,MOLODTSOV
AGAACATTCTTGGAATGCTGATCTTTATAAGCTCATGGGAC,DMT ON,T202-9,MOLODTSOV
AGGCTGTCCACCATGCGAAGTGTCCCATGAGCTTATAAAGAT,DMT ON,T202-10,MOLODTSOV
ACTTCGCATGGTGGACAGCCTTTGTTACTAATGTGAATGCG,DMT ON,T202-11,MOLODTSOV
TTAAAAATGCTTCAGATGATGACGCATTCACATTAGTAACAA,DMT ON,T202-12,MOLODTSOV
TCATCATCTGAAGCATTTTTAATTGGATGTAATTATCTTGGCA,DMT ON,T202-13,MOLODTSOV
ATCTATTTGTTCGCGTGGTTTGCCAAGATAATTACATCCAA,DMT ON,T202-14,MOLODTSOV
AACCACGCGAACAAATAGATGGTTATGTCATGCATGCAAA,DMT ON,T202-15,MOLODTSOV
ATTTGTATTCCTCCAAAATATGTAATTTGCATGCATGACATAACC,DMT ON,T202-16,MOLODTSOV
TTACATATTTTGGAGGAATACAAATCCAATTCAGTTGTCTTCCTA,DMT ON,T202-17,MOLODTSOV
GAAATTTACTCATGTCAAATAAAGAATAGGAAGACAACTGAATTGG,DMT ON,T202-18,MOLODTSOV
TTCTTTATTTGACATGAGTAAATTTCCCCTTAAATTAAGGGGTACT,DMT ON,T202-19,MOLODTSOV
CCTTCTTTTAAAGACATAACAGCAGTACCCCTTAATTTAAGGG,DMT ON,T202-20,MOLODTSOV
GCTGTTATGTCTTTAAAAGAAGGTCAAATCAATGATATGATTTTATCTCT,DMT ON,T202-21,MOLODTSOV
CTAATTATAAGTCTACCTTTACTAAGAAGAGATAAAATCATATCATTGATTTGA,DMT ON,T202-22,MOLODTSOV
TCTTAGTAAAGGTAGACTTATAATTAGAGAAAACAACAGAGTTGTTATT,DMT ON,T202-23,MOLODTSOV
TGTTAACAAGAACATCACTAGAAATAACAACTCTGTTGTTTTCT,DMT ON,T202-24,MOLODTSOV
TCTAGTGATGTTCTTGTTAACAACTAAACGAACAATGTTTGT,DMT ON,T202-25,MOLODTSOV
AGTGGCAATAAAACAAGAAAAACAAACATTGTTCGTTTAGT,DMT ON,T202-26,MOLODTSOV
TTTTCTTGTTTTATTGCCACTAGTCTCTAGTCAGTGTGTTA,DMT ON,T202-27,MOLODTSOV
TTGAGTTCTGGTTGTAAGATTAACACACTGACTAGAGACT,DMT ON,T202-28,MOLODTSOV
ATCTTACAACCAGAACTCAATTACCCCCTGCATACACTAA,DMT ON,T202-29,MOLODTSOV
AAACACCACGTGTGAAAGAATTAGTGTATGCAGGGGGTAA,DMT ON,T202-30,MOLODTSOV
TTCTTTCACACGTGGTGTTTATTACCCTGACAAAGTTTTC,DMT ON,T202-31,MOLODTSOV
TGAATGTAAAACTGAGGATCTGAAAACTTTGTCAGGGTAAT,DMT ON,T202-32,MOLODTSOV
AGATCCTCAGTTTTACATTCAACTCAGGACTTGTTCTTACC,DMT ON,T202-33,MOLODTSOV
CCAAGTAACATTGGAAAAGAAAGGTAAGAACAAGTCCTGAGT,DMT ON,T202-34,MOLODTSOV
TTTCTTTTCCAATGTTACTTGGTTCCATGCTATACATGTCTC,DMT ON,T202-35,MOLODTSOV
TCTTAGTACCATTGGTCCCAGAGACATGTATAGCATGGAA,DMT ON,T202-36,MOLODTSOV
TGGGACCAATGGTACTAAGAGGTTTGATAACCCTGTCCTA,DMT ON,T202-37,MOLODTSOV
AAAATAAACACCATCATTAAATGGTAGGACAGGGTTATCAAACC,DMT ON,T202-38,MOLODTSOV
CCATTTAATGATGGTGTTTATTTTGCTTCCACTGAGAAGTCTAA,DMT ON,T202-39,MOLODTSOV
AAAAATCCAGCCTCTTATTATGTTAGACTTCTCAGTGGAAGC,DMT ON,T202-40,MOLODTSOV
CATAATAAGAGGCTGGATTTTTGGTACTACTTTAGATTCGAAGA,DMT ON,T202-41,MOLODTSOV
AACAATAAGTAGGGACTGGGTCTTCGAATCTAAAGTAGTACC,DMT ON,T202-42,MOLODTSOV
CCCAGTCCCTACTTATTGTTAATAACGCTACTAATGTTGTTATT,DMT ON,T202-43,MOLODTSOV
CAAAATTGAAATTCACAGACTTTAATAACAACATTAGTAGCGTTATT,DMT ON,T202-44,MOLODTSOV
AAAGTCTGTGAATTTCAATTTTGTAATGATCCATTTTTGGGTG,DMT ON,T202-45,MOLODTSOV
TGGTAATAAACACCCAAAAATGGATCATTA,DMT ON,T202-46,MOLODTSOV
CAAAAACAACAAAAGTTGGATGGAAAGTGAGTTCAGAGTTTATTC,DMT ON,T203-1,MOLODTSOV
AAGTGCAATTATTCGCACTAGAATAAACTCTGAACTCACTTTC,DMT ON,T203-2,MOLODTSOV
TAGTGCGAATAATTGCACTTTTGAATATGTCTCTCAGCCT,DMT ON,T203-3,MOLODTSOV
CCTTCAAGGTCCATAAGAAAAGGCTGAGAGACATATTCAA,DMT ON,T203-4,MOLODTSOV
TTTCTTATGGACCTTGAAGGAAAACAGGGTAATTTCAAAAATCT,DMT ON,T203-5,MOLODTSOV
AATATTCTTAAACACAAATTCCCTAAGATTTTTGAAATTACCCTGTTTT,DMT ON,T203-6,MOLODTSOV
TAGGGAATTTGTGTTTAAGAATATTGATGGTTATTTTAAAATATATTCTAAG,DMT ON,T203-7,MOLODTSOV
CACTAAATTAATAGGCGTGTGCTTAGAATATATTTTAAAATAACCATC,DMT ON,T203-8,MOLODTSOV
CACACGCCTATTAATTTAGTGCGTGATCTCCCTCAGGGTTT,DMT ON,T203-9,MOLODTSOV
CCAATGGTTCTAAAGCCGAAAAACCCTGAGGGAGATCACG,DMT ON,T203-10,MOLODTSOV
TTCGGCTTTAGAACCATTGGTAGATTTGCCAATAGGTATTAACA,DMT ON,T203-11,MOLODTSOV
AGTAAAGTTTGAAACCTAGTGATGTTAATACCTATTGGCAAATCTA,DMT ON,T203-12,MOLODTSOV
TCACTAGGTTTCAAACTTTACTTGCTTTACATAGAAGTTATTTGAC,DMT ON,T203-13,MOLODTSOV
CTGAAGAAGAATCACCAGGAGTCAAATAACTTCTATGTAAAGCA,DMT ON,T203-14,MOLODTSOV
TCCTGGTGATTCTTCTTCAGGTTGGACAGCTGGTGCTGCAG,DMT ON,T203-15,MOLODTSOV
GTTGAAGATAACCCACATAATAAGCTGCAGCACCAGCTGTCCAAC,DMT ON,T203-16,MOLODTSOV
CTTATTATGTGGGTTATCTTCAACCTAGGACTTTTCTATTAAAATATAATG,DMT ON,T203-17,MOLODTSOV
CATCTGTAATGGTTCCATTTTCATTATATTTTAATAGAAAAGTCCTAG,DMT ON,T203-18,MOLODTSOV
AAAATGGAACCATTACAGATGCTGTAGACTGTGCACTTGAC,DMT ON,T203-19,MOLODTSOV
CACTTTGTTTCTGAGAGAGGGTCAAGTGCACAGTCTACAG,DMT ON,T203-20,MOLODTSOV
CCTCTCTCAGAAACAAAGTGTACGTTGAAATCCTTCACTG,DMT ON,T203-21,MOLODTSOV
GAAGTTTGATAGATTCCTTTTTCTACAGTGAAGGATTTCAACGTA,DMT ON,T203-22,MOLODTSOV
TAGAAAAAGGAATCTATCAAACTTCTAACTTTAGAGTCCAACCAAC,DMT ON,T203-23,MOLODTSOV
ATATTAGGAAATCTAACAATAGATTCTGTTGGTTGGACTCTAAAGTTA,DMT ON,T203-24,MOLODTSOV
AGAATCTATTGTTAGATTTCCTAATATTACAAACTTGTGCCCTTTTG,DMT ON,T203-25,MOLODTSOV
GGTGGCGTTAAAAACTTCACCAAAAGGGCACAAGTTTGTA,DMT ON,T203-26,MOLODTSOV
GTGAAGTTTTTAACGCCACCAGATTTGCATCTGTTTATGC,DMT ON,T203-27,MOLODTSOV
TGATTCTCTTCCTGTTCCAAGCATAAACAGATGCAAATCT,DMT ON,T203-28,MOLODTSOV
TTGGAACAGGAAGAGAATCAGCAACTGTGTTGCTGATTAT,DMT ON,T203-29,MOLODTSOV
GCGGAATTATATAGGACAGAATAATCAGCAACACAGTTGC,DMT ON,T203-30,MOLODTSOV
TCTGTCCTATATAATTCCGCATCATTTTCCACTTTTAAGTGT,DMT ON,T203-31,MOLODTSOV
TTAGTAGGAGACACTCCATAACACTTAAAAGTGGAAAATGAT,DMT ON,T203-32,MOLODTSOV
TATGGAGTGTCTCCTACTAAATTAAATGATCTCTGCTTTACTAATG,DMT ON,T203-33,MOLODTSOV
CTAATTACAAATGAATCTGCATAGACATTAGTAAAGCAGAGATCATTTAAT,DMT ON,T203-34,MOLODTSOV
TCTATGCAGATTCATTTGTAATTAGAGGTGATGAAGTCAGACAAA,DMT ON,T203-35,MOLODTSOV
TTCCAGTTTGCCCTGGAGCGATTTGTCTGACTTCATCACCT,DMT ON,T203-36,MOLODTSOV
TCGCTCCAGGGCAAACTGGAAAGATTGCTGATTATAATTATAAATTAC,DMT ON,T203-37,MOLODTSOV
GCAGCCTGTAAAATCATCTGGTAATTTATAATTATAATCAGCAATCT,DMT ON,T203-38,MOLODTSOV
CAGATGATTTTACAGGCTGCGTTATAGCTTGGAATTCTAACAA,DMT ON,T203-39,MOLODTSOV
CACCAACCTTAGAATCAAGATTGTTAGAATTCCAAGCTATAAC,DMT ON,T203-40,MOLODTSOV
TCTTGATTCTAAGGTTGGTGGTAATTATAATTACCTGTATAGATTGT,DMT ON,T203-41,MOLODTSOV
GGTTTGAGATTAGACTTCCTAAACAATCTATACAGGTAATTATAATTAC,DMT ON,T203-42,MOLODTSOV
TTAGGAAGTCTAATCTCAAACCTTTTGAGAGAGATATTTCAACTG,DMT ON,T203-43,MOLODTSOV
AGGTGTGCTACCGGCCTGATAGATTTCAGTTGAAATATCTCTCTCAAAA,DMT ON,T203-44,MOLODTSOV
ATCGGATCCCGGGCCCGTCGTTGATGGTCAAGTAGACTTATTTAGAAATGCC,DMT ON,T201-PTZF,MOLODTSOV
ATCTAGATGCATTCGCGAGGTACCGTCACCAATCAAAGTTGAATCTGCATCAG,DMT ON,T201-PTZR,MOLODTSOV
ATCGGATCCCGGGCCCGTCGTTGTGCAACTGTACATACAGCTAATAAATGG,DMT ON,T202-PTZF,MOLODTSOV
ATCTAGATGCATTCGCGAGGTACCGTGGTAATAAACACCCAAAAATGGATCATTACA,DMT ON,T202-PTZR,MOLODTSOV
ATCGGATCCCGGGCCCGTCGCAAAAACAACAAAAGTTGGATGGAAAGTGA,DMT ON,T203-PTZF,MOLODTSOV
ATCTAGATGCATTCGCGAGGTACCGAGGTGTGCTACCGGCCTGATAG,DMT ON,T203-PTZR,MOLODTSOV
CCATTTATTAGCTGTATGTACAGTTGCACAATCACCAATCAAAGTTGAATCTGCATCAG,DMT ON,T201-T202,MOLODTSOV
CTGATGCAGATTCAACTTTGATTGGTGATTGTGCAACTGTACATACAGCTAATAAATGG,DMT ON,T202-T201,MOLODTSOV
CTCACTTTCCATCCAACTTTTGTTGTTTTTGTGGTAATAAACACCCAAAAATGGATCATTAC,DMT ON,T202-T203,MOLODTSOV
GTAATGATCCATTTTTGGGTGTTTATTACCACAAAAACAACAAAAGTTGGATGGAAAGTGAG,DMT ON,T203-T202,MOLODTSOV
CCTGGTGCCGCGCGGCAGCCATATGGACGATCCTCCCGCCAC,DMT ON,PTX1new_Forw,SHOKINA
AGTGGTGGTGGTGGTGGTGCTCGAGTCAGAACGAATACGCGATGCTTTCGTAGTAC,DMT ON,PTX2new_Rev,SHOKINA
CCTGGTGCCGCGCGGCAGCCATATGTCCGATTCTGAAGTGAACCAGGAG,DMT ON,SUMOT5-1,MOLODTSOV
CTTCAATAAATTTTCCCCAGGATTTACTCATTCCTCCAATCTGTTCACGATGTGCC,DMT ON,SUMOT5-2,MOLODTSOV
GGCACATCGTGAACAGATTGGAGGAATGAGTAAATCCTGGGGAAAATTTATTGAAG,DMT ON,SUMOT5-3,MOLODTSOV
ACAAAAGATATTTTGGAGATTGCAGAACAATGACTCGAGCACCACCACCACCACCACT,DMT ON,SUMOT5-4,MOLODTSOV
CCTGGTGCCGCGCGGCAGCCATATGTCCGATTCTGAAGTGAACCAGGAG,DMT ON,SUMOT5-1,MOLODTSOV
CTTCAATAAATTTTCCCCAGGATTTACTCATTCCTCCAATCTGTTCACGATGTGCC,DMT ON,SUMOT5-2,MOLODTSOV
GGCACATCGTGAACAGATTGGAGGAATGAGTAAATCCTGGGGAAAATTTATTGAAG,DMT ON,SUMOT5-3,MOLODTSOV
ACAAAAGATATTTTGGAGATTGCAGAACAATGACTCGAGCACCACCACCACCACCACT,DMT ON,SUMOT5-4,MOLODTSOV
TATTCATATGATGTCCGATTCTGAAGTGAACCA,DMT ON,RBLK-F,MOLODTSOV
AAATCTCGAGTTACGACAAAAGACGTAAGGAAGGCTTGTC,DMT ON,RBLK-R,MOLODTSOV
GCATGACGGTTGACGAACAGATTCCAGTAATTG,DMT ON,RBLK-R1,MOLODTSOV
CAATTACTGGAATCTGTTCGTCAACCGTCATGC,DMT ON,RBLK-F1,MOLODTSOV
GGTTATGCTAGTTATTGCTCAGCGGTG,DMT ON,RBLK-T7T,MOLODTSOV
AGACTCGCGCCAAACCCAACCCCTACAC,DMT ON,pert12-1,MOLODTSOV
GTGTAGGGGTTGGGTTTGGCGCGAGTCT,DMT ON,pert12-2,MOLODTSOV
CGTTCGCAGTGGAAGGCCAGGATTC,DMT ON,pert12-3,MOLODTSOV
GAATCCTGGCCTTCCACTGCGAACG,DMT ON,pert12-4,MOLODTSOV
AGCCTTGAAGGGGTGGGAACGCGATCG,DMT ON,pert12-5,MOLODTSOV
CGATCGCGTTCCCACCCCTTCAAGGCT,DMT ON,pert12-6,MOLODTSOV
ATGGACGATCCTCCCGCCACCGT,DMT ON,pert101,MOLODTSOV
GAACGAATACGCGATGCTTTCGTAGTACACGAGAAC,DMT ON,pert102,MOLODTSOV
TCCGACATGGCCGCCGTGGAAGCG,DMT ON,pert103,MOLODTSOV
CTCGCCCTGGACGAAGCGGTCCA,DMT ON,pert104,MOLODTSOV
GGCAAGAGCGAATTCACCACATTCGTCGA,DMT ON,pert105,MOLODTSOV
TCAGTGGTGGTGGTGGTGGTGCTCGAGGCGCCAGTTGACAGCCAGGGACTGCATCA,DMT ON,pert106,MOLODTSOV
