GAGTTTTATCGCTTCCATGACGCAGAAGTTAACACTTTCGGATATTTCTGATGAG,DMT ON,phiX174-V2_F1-1,FISUNOV
GCAGTAGTAATTCCTGCTTTATCAAGATAATTTTTCGACTCATCAGAAATATCCGAAAGTGT,DMT ON,phiX174-V2_F1-2,FISUNOV
TGATAAAGCAGGAATTACTACTGCTTGTTTACGAATTAAATCGAAGTGGACTGCTGG,DMT ON,phiX174-V2_F1-3,FISUNOV
AGGATAGGTCGAATTTTCTCATTTTCCGCCAGCAGTCCACTTCGATT,DMT ON,phiX174-V2_F1-4,FISUNOV
AAAATGAGAAAATTCGACCTATCCTTGCGCAGCTCGAGAAGCTCTTACTTTGCGACCTTTCG,DMT ON,phiX174-V2_F1-5,FISUNOV
TCAGTTTTTGACAGAATCGTTAGTTGATGGCGAAAGGTCGCAAAGTAAGAG,DMT ON,phiX174-V2_F1-6,FISUNOV
ACTAACGATTCTGTCAAAAACTGACGCGTTGGATGAGGAGAAGTGGCTTAATATG,DMT ON,phiX174-V2_F1-7,FISUNOV
ATCTAAACCAGTCCTTGACGAACGTGCCAAGCATATTAAGCCACTTCTCCTCATC,DMT ON,phiX174-V2_F1-8,FISUNOV
TTCGTCAAGGACTGGTTTAGATATGAGTCACATTTTGTTCATGGT,DMT ON,phiX174-V2_F1-9,FISUNOV
ACGCTCTTTTAAAATGTCAACAAGAGAATCTCTACCATGAACAAAATGTGACTCAT,DMT ON,phiX174-V2_F1-10,FISUNOV
CTTGTTGACATTTTAAAAGAGCGTGGATTACTATCTGAGTCCGATGCTGTTC,DMT ON,phiX174-V2_F1-11,FISUNOV
CTCATGATTTCTTACCTATTAGTGGTTGAACAGCATCGGACTCAGAT,DMT ON,phiX174-V2_F1-12,FISUNOV
ACCACTAATAGGTAAGAAATCATGAGTCAAGTTACTGAACAATCCGTACGTTTCC,DMT ON,phiX174-V2_F1-13,FISUNOV
AATAGAGGCCAAAGCGGTCTGGAAACGTACGGATTGTTCAG,DMT ON,phiX174-V2_F1-14,FISUNOV
GACCGCTTTGGCCTCTATTAAGCTCATTCAGGCTTCTGCCGTTTTGGATTTAACCG,DMT ON,phiX174-V2_F1-15,FISUNOV
TGTTACTCGTCAGAAAATCGAAATCATCTTCGGTTAAATCCAAAACGGCA,DMT ON,phiX174-V2_F1-16,FISUNOV
ATTTCGATTTTCTGACGAGTAACAAAGTTTGGATTGCTACTGACCGC,DMT ON,phiX174-V2_F1-17,FISUNOV
ACCATAAACGCAAGCCTCAACGCAGCGACGAGCACGAGAGCGGTCAGTAGCAATCCAA,DMT ON,phiX174-V2_F1-18,FISUNOV
TGAGGCTTGCGTTTATGGTACGCTGGACTTTGTGGGATACCCTC,DMT ON,phiX174-V2_F1-19,FISUNOV
AATGACGGCAGCAATAAACTCAACAGGAGCAGGAAAGCGAGGGTATCCCACAAAGTCC,DMT ON,phiX174-V2_F1-20,FISUNOV
GAGTTTATTGCTGCCGTCATTGCTTATTATGTTCATCCCGTCAA,DMT ON,phiX174-V2_F1-21,FISUNOV
GATGAGACAGGCCGTTTGAATGTTGACGGGATGAACATAATAAGC,DMT ON,phiX174-V2_F1-22,FISUNOV
TCAAACGGCCTGTCTCATCATGGAAGGCGCTGAATTTACGGA,DMT ON,phiX174-V2_F1-23,FISUNOV
ACGCTCGACGCCATTAATAATGTTTTCCGTAAATTCAGCGCCTT,DMT ON,phiX174-V2_F1-24,FISUNOV
TTATTAATGGCGTCGAGCGTCCGGTTAAAGCCGCTGAATTGTTCGCGTTTACCT,DMT ON,phiX174-V2_F1-25,FISUNOV
GTAAGAACGTCAGTGTTTCCTGCGCGTACACGCAAGGTAAACGCGAACAATTCAG,DMT ON,phiX174-V2_F1-26,FISUNOV
CAGGAAACACTGACGTTCTTACTGACGCAGAAGAAAACGTGCGTCAAAAATTACGTGCGGA,DMT ON,phiX174-V2_F1-27,FISUNOV
AACGTTTTTTACCTTTAGACATTACATCACTCCTTCCGCACGTAATTTTTGACG,DMT ON,phiX174-V2_F1-28,FISUNOV
ATGTAATGTCTAAAGGTAAAAAACGTTCTGGCGCTCGCCCTGGTCGTCCGCAGCCGTT,DMT ON,phiX174-V2_F1-29,FISUNOV
GCCTTTACGCTTGCCTTTAGTACCTCGCAACGGCTGCGGACGACCAG,DMT ON,phiX174-V2_F1-30,FISUNOV
CTAAAGGCAAGCGTAAAGGCGCTCGTCTTTGGTATGTAGGTGGTCAACAAT,DMT ON,phiX174-V2_F1-31,FISUNOV
CTCAAGTAAGGGGCCGAAGCCCCTGCAATTAAAATTGTTGACCACCTACATACCA,DMT ON,phiX174-V2_F1-32,FISUNOV
CTTCGGCCCCTTACTTGAGGATAAATTATGTCTAATATTCAAACTGGCGC,DMT ON,phiX174-V2_F1-33,FISUNOV
AGATGGGAAAGGTCATGCGGCATACGCTCGGCGCCAGTTTGAATATTAGACA,DMT ON,phiX174-V2_F1-34,FISUNOV
CGCATGACCTTTCCCATCTTGGCTTCCTTGCTGGTCAGAT,DMT ON,phiX174-V2_F1-35,FISUNOV
GATAACCGGAGTAGTTGAAATGGTAATAAGACGACCAATCTGACCAGCAAGGAAGC,DMT ON,phiX174-V2_F1-36,FISUNOV
CCATTTCAACTACTCCGGTTATCGCTGGCGACTCCTTCGAGATGGAC,DMT ON,phiX174-V2_F1-37,FISUNOV
AATGGAGAAAGACGGAGAGCGCCAACGGCGTCCATCTCGAAGGAGTCG,DMT ON,phiX174-V2_F1-38,FISUNOV
GCTCTCCGTCTTTCTCCATTGCGTCGTGGCCTTGCTATTGACTCTACT,DMT ON,phiX174-V2_F1-39,FISUNOV
GACGATGAGGGACATAAAAAGTAAAAATGTCTACAGTAGAGTCAATAGCAAGGCC,DMT ON,phiX174-V2_F1-40,FISUNOV
TTACTTTTTATGTCCCTCATCGTCACGTTTATGGTGAACAGTGGATT,DMT ON,phiX174-V2_F1-41,FISUNOV
GTGGCATTAACACCATCCTTCATGAACTTAATCCACTGTTCACCATAAACG,DMT ON,phiX174-V2_F1-42,FISUNOV
GAAGGATGGTGTTAATGCCACTCCTCTCCCGACTGTTAACACTACTGGT,DMT ON,phiX174-V2_F1-43,FISUNOV
GAAAAGCGGCATGGTCAATATAACCAGTAGTGTTAACAGTCGG,DMT ON,phiX174-V2_F1-44,FISUNOV
ATATTGACCATGCCGCTTTTCTTGGCACGATTAACCCTGAT,DMT ON,phiX174-V2_F1-45,FISUNOV
CAAATAACCCTGAAACAAATGCTTAGGGATTTTATTGGTATCAGGGTTAATCGTGCCAA,DMT ON,phiX174-V2_F1-46,FISUNOV
AAGCATTTGTTTCAGGGTTATTTGAATATCTATAACAACTATTTTAAAGCGCCGTGG,DMT ON,phiX174-V2_F1-47,FISUNOV
CCACGGCGCTTTAAAATAGTT,DMT ON,phiX174-V2_F1-48,FISUNOV
ACTATTTTAAAGCGCCGTGGATGCCTGACCGTACCGAGGCTAACCCTAATGAGCTT,DMT ON,phiX174-V2_F2-1,FISUNOV
CCATAACGAGCATCATCTTGATTAAGCTCATTAGGGTTAGCCTC,DMT ON,phiX174-V2_F2-2,FISUNOV
AATCAAGATGATGCTCGTTATGGTTTCCGTTGCTGCCATCTCAAAAACATTTGGA,DMT ON,phiX174-V2_F2-3,FISUNOV
GAAAGCTCAGTCTCAGGAGGAAGCGGAGCAGTCCAAATGTTTTTGAGATGGCA,DMT ON,phiX174-V2_F2-4,FISUNOV
CCTCCTGAGACTGAGCTTTCTCGCCAAATGACGACTTCTACCACATCT,DMT ON,phiX174-V2_F2-5,FISUNOV
AGCATAAGCAGCTTGCAGACCCATAATGTCAATAGATGTGGTAGAAGTCGTCATT,DMT ON,phiX174-V2_F2-6,FISUNOV
TCTGCAAGCTGCTTATGCTAATTTGCATACTGACCAAGAACGTGATTACTTCATG,DMT ON,phiX174-V2_F2-7,FISUNOV
TTTACCTCCAAATGAAGAAATAACATCATGGTAACGCTGCATGAAGTAATCACGTTCTTGGT,DMT ON,phiX174-V2_F2-8,FISUNOV
GATGTTATTTCTTCATTTGGAGGTAAAACCTCTTATGACGCTGACAACCGTC,DMT ON,phiX174-V2_F2-9,FISUNOV
AGAGATTAGAGCGCATGACAAGTAAAGGACGGTTGTCAGCGTCATA,DMT ON,phiX174-V2_F2-10,FISUNOV
TTGTCATGCGCTCTAATCTCTGGGCATCTGGCTATGATGTTGATGGA,DMT ON,phiX174-V2_F2-11,FISUNOV
AACTGGCCTAACGACGTTTGGTCAGTTCCATCAACATCATAGCCAGAT,DMT ON,phiX174-V2_F2-12,FISUNOV
AAACGTCGTTAGGCCAGTTTTCTGGTCGTGTTCAACAGACC,DMT ON,phiX174-V2_F2-13,FISUNOV
CAGGAACAAAGAAACGCGGCACAGAATGTTTATAGGTCTGTTGAACACGACCA,DMT ON,phiX174-V2_F2-14,FISUNOV
CCGCGTTTCTTTGTTCCTGAGCATGGCACTATGTTTACTCTTGCGCTTGTTCGT,DMT ON,phiX174-V2_F2-15,FISUNOV
ATCTCTTTAGTCGCAGTAGGCGGAAAACGAACAAGCGCAAGAGTA,DMT ON,phiX174-V2_F2-16,FISUNOV
GCCTACTGCGACTAAAGAGATTCAGTACCTTAACGCTAAAGGTGCTTTGACTTAT,DMT ON,phiX174-V2_F2-17,FISUNOV
TACAAAACAGGGTCGCCAGCAATATCGGTATAAGTCAAAGCACCTTTAGCG,DMT ON,phiX174-V2_F2-18,FISUNOV
CTGGCGACCCTGTTTTGTATGGCAACTTGCCGCCGCGTGAAATTTCTATGAAGGA,DMT ON,phiX174-V2_F2-19,FISUNOV
TCTTAAACTTCTTAGACGAATCACCAGAACGGAAAACATCCTTCATAGAAATTTCACGCG,DMT ON,phiX174-V2_F2-20,FISUNOV
GGTGATTCGTCTAAGAAGTTTAAGATTGCTGAGGGTCAGTGGTATCGT,DMT ON,phiX174-V2_F2-21,FISUNOV
AGAAACATACGAAGGCGCATAACGATACCACTGACCCTCA,DMT ON,phiX174-V2_F2-22,FISUNOV
TGCGCCTTCGTATGTTTCTCCTGCTTATCACCTTCTTGAAGGCTTCCCATTCAT,DMT ON,phiX174-V2_F2-23,FISUNOV
ACGCGTTCTTGCAAATCACCAGAAGGCGGTTCCTGAATGAATGGGAAGCCTTCAAGA,DMT ON,phiX174-V2_F2-24,FISUNOV
GTGATTTGCAAGAACGCGTACTTATTCGCCACCATGATTATG,DMT ON,phiX174-V2_F2-25,FISUNOV
AACTGAACGGACTGGAAACACTGGTCATAATCATGGTGGCGAATAAGT,DMT ON,phiX174-V2_F2-26,FISUNOV
TGTTTCCAGTCCGTTCAGTTGTTGCAGTGGAATAGTCAGGTTAAATTTAATGTGACCGT,DMT ON,phiX174-V2_F2-27,FISUNOV
CATGATTGAATCGCGAGTGGTCGGCAGATTGCGATAAACGGTCACATTAAATTTAACCTGA,DMT ON,phiX174-V2_F2-28,FISUNOV
CCACTCGCGATTCAATCATGACTTCGTGATAAAAGATTGAGTGTGAGGTTAT,DMT ON,phiX174-V2_F2-29,FISUNOV
CTCAGCGGCAAAAATTAAAATTTTTACCGCTTCGGCGTTATAACCTCACACTCAATCTTTTATCA,DMT ON,phiX174-V2_F2-30,FISUNOV
AAAAATTTTAATTTTTGCCGCTGAGGGGTTGACCAAGCGAAGCGCGGTAGGTTTTCT,DMT ON,phiX174-V2_F2-31,FISUNOV
AAGTCTGAAACATGATTAAACTCCTAAGCAGAAAACCTACCGCGCTTC,DMT ON,phiX174-V2_F2-32,FISUNOV
AGGAGTTTAATCATGTTTCAGACTTTTATTTCTCGCCATAATTCAAACTTTTT,DMT ON,phiX174-V2_F2-33,FISUNOV
ACAGAAGTGAGAACCAGCTTATCAGAAAAAAAGTTTGAATTATGGCGAGAAA,DMT ON,phiX174-V2_F2-34,FISUNOV
ATAAGCTGGTTCTCACTTCTGTTACTCCAGCTTCTTCGGCACCTGTTTTACA,DMT ON,phiX174-V2_F2-35,FISUNOV
GTTGACGATGTAGCTTTAGGTGTCTGTAAAACAGGTGCCGAAGA,DMT ON,phiX174-V2_F2-36,FISUNOV
CACCTAAAGCTACATCGTCAACGTTATATTTTGATAGTTTGACGGTTAATGCTGGTAATG,DMT ON,phiX174-V2_F2-37,FISUNOV
ATGTATCCATCTGAATGCAATGAAGAAAACCACCATTACCAGCATTAACCGTCAA,DMT ON,phiX174-V2_F2-38,FISUNOV
TTCATTGCATTCAGATGGATACATCTGTCAACGCCGCTAATCAGGTTGTTTCTG,DMT ON,phiX174-V2_F2-39,FISUNOV
GGTCGGCATCAAAAGCAATATCAGCACCAACAGAAACAACCTGATTAGCGG,DMT ON,phiX174-V2_F2-40,FISUNOV
ATATTGCTTTTGATGCCGACCCTAAATTTTTTGCCTGTTTGGTTCG,DMT ON,phiX174-V2_F2-41,FISUNOV
CGGAACCGAAGAAGACTCAAAGCGAACCAAACAGGCAAAAAATT,DMT ON,phiX174-V2_F2-42,FISUNOV
TTGAGTCTTCTTCGGTTCCGACTACCCTCCCGACTGCCTATGATGTTTATCCTTT,DMT ON,phiX174-V2_F2-43,FISUNOV
AATAACCACCATCATGGCGACCATTCAAAGGATAAACATCATAGGCAGTC,DMT ON,phiX174-V2_F2-44,FISUNOV
TCGCCATGATGGTGGTTATTATACCGTCAAGGACTGTGTG,DMT ON,phiX174-V2_F2-45,FISUNOV
CACACAGTCCTTGACGGTAT,DMT ON,phiX174-V2_F2-46,FISUNOV
TACCGTCAAGGACTGTGTGACTATTGACGTCCTTCCCCG,DMT ON,phiX174-V2_F3-1,FISUNOV
AACATAAACGTTATTGCCCGGCGTACGGGGAAGGACGTCAATAG,DMT ON,phiX174-V2_F3-2,FISUNOV
CCGGGCAATAACGTTTATGTTGGTTTCATGGTTTGGTCTAACTTTAC,DMT ON,phiX174-V2_F3-3,FISUNOV
GATTCAGCGAAACCAATCCGCGGCATTTAGTAGCGGTAAAGTTAGACCAAACCATGAAAC,DMT ON,phiX174-V2_F3-4,FISUNOV
CGGATTGGTTTCGCTGAATCAGGTTATTAAAGAGATTATTTGTCTCCAGCCACTTAAGT,DMT ON,phiX174-V2_F3-5,FISUNOV
AATAGCACCAAACATAAATCACCTCACTTAAGTGGCTGGAGACAAA,DMT ON,phiX174-V2_F3-6,FISUNOV
AGGTGATTTATGTTTGGTGCTATTGCTGGCGGTATTGCTTCTGCTCTTGC,DMT ON,phiX174-V2_F3-7,FISUNOV
TGACCGCCTCCAAACAATTTAGACATGGCGCCACCAGCAAGAGCAGAAGCAATACC,DMT ON,phiX174-V2_F3-8,FISUNOV
AATTGTTTGGAGGCGGTCAAAAAGCCGCCTCCGGTGGCATTCAAGGTGATGTG,DMT ON,phiX174-V2_F3-9,FISUNOV
CATCACCCATGCCTACAGTATTGTTATCGGTAGCAAGCACATCACCTTGAATGCCAC,DMT ON,phiX174-V2_F3-10,FISUNOV
ATACTGTAGGCATGGGTGATGCTGGTATTAAATCTGCCATTCAAGGCTCTAATGTTCC,DMT ON,phiX174-V2_F3-11,FISUNOV
GCACCAGAAACAAAACTAGGGGCGGCCTCATCAGGGTTAGGAACATTAGAGCCTTGAATGG,DMT ON,phiX174-V2_F3-12,FISUNOV
CCCTAGTTTTGTTTCTGGTGCTATGGCTAAAGCTGGTAAAGGACTTC,DMT ON,phiX174-V2_F3-13,FISUNOV
GCCTGCAACGTACCTTCAAGAAGTCCTTTACCAGCTTTAGC,DMT ON,phiX174-V2_F3-14,FISUNOV
TTGAAGGTACGTTGCAGGCTGGCACTTCTGCCGTTTCTGATAAGTTGCTT,DMT ON,phiX174-V2_F3-15,FISUNOV
GACTTGCCACCAAGTCCAACCAAATCAAGCAACTTATCAGAAACGGC,DMT ON,phiX174-V2_F3-16,FISUNOV
TTGGACTTGGTGGCAAGTCTGCCGCTGATAAAGGAAAGGATACTCGTG,DMT ON,phiX174-V2_F3-17,FISUNOV
GGAAATGCAGCAGCAAGATAATCACGAGTATCCTTTCCTTTATCAG,DMT ON,phiX174-V2_F3-18,FISUNOV
TTATCTTGCTGCTGCATTTCCTGAGCTTAATGCTTGGGAGCG,DMT ON,phiX174-V2_F3-19,FISUNOV
CATACCAGCAGAGGAAGCATCAGCACCAGCACGCTCCCAAGCATTAAGCT,DMT ON,phiX174-V2_F3-20,FISUNOV
ATGCTTCCTCTGCTGGTATGGTTGACGCCGGATTTGAGAA,DMT ON,phiX174-V2_F3-21,FISUNOV
TGATTGTCCAGTTGCATTTTAGTAAGCTCTTTTTGATTCTCAAATCCGGCGTCAA,DMT ON,phiX174-V2_F3-22,FISUNOV
ACTAAAATGCAACTGGACAATCAGAAAGAGATTGCCGAGATGCAAAAT,DMT ON,phiX174-V2_F3-23,FISUNOV
AATGCCAGCAATCTCTTTTTGAGTCTCATTTTGCATCTCGGCAATCTC,DMT ON,phiX174-V2_F3-24,FISUNOV
TCAAAAAGAGATTGCTGGCATTCAGTCGGCGACTTCACGCCAGAATACGAA,DMT ON,phiX174-V2_F3-25,FISUNOV
CATTTTGTGCATATACCTGGTCTTTCGTATTCTGGCGTGAAGT,DMT ON,phiX174-V2_F3-26,FISUNOV
AGACCAGGTATATGCACAAAATGAGATGCTTGCTTATCAACAGAAGG,DMT ON,phiX174-V2_F3-27,FISUNOV
TTTCCATAATAGACGCAACGCGAGCAGTAGACTCCTTCTGTTGATAAGCAAGCAT,DMT ON,phiX174-V2_F3-28,FISUNOV
GCGTTGCGTCTATTATGGAAAACACCAATCTTTCCAAGCAAC,DMT ON,phiX174-V2_F3-29,FISUNOV
GAGTAAGCATTTGGCGCATAATCTCGGAAACCTGCTGTTGCTTGGAAAGATTGGTGT,DMT ON,phiX174-V2_F3-30,FISUNOV
TTATGCGCCAAATGCTTACTCAAGCTCAAACGGCTGGTCAGTATT,DMT ON,phiX174-V2_F3-31,FISUNOV
AGTCATTTCTTTGATTTGGTCATTGGTAAAATACTGACCAGCCGTTTGA,DMT ON,phiX174-V2_F3-32,FISUNOV
CAATGACCAAATCAAAGAAATGACTCGCAAGGTTAGTGCTGAGGT,DMT ON,phiX174-V2_F3-33,FISUNOV
TACCGCTGATTCTGCGTTTGCTGATGAACTAAGTCAACCTCAGCACTAACCTTGC,DMT ON,phiX174-V2_F3-34,FISUNOV
AAACGCAGAATCAGCGGTATGGCTCTTCTCATATTGGCGCTACTGCAAAGGATA,DMT ON,phiX174-V2_F3-35,FISUNOV
CCAGAAGCAGCATCAGTGACGACATTAGAAATATCCTTTGCAGTAGCGCC,DMT ON,phiX174-V2_F3-36,FISUNOV
TCACTGATGCTGCTTCTGGTGTGGTTGATATTTTTCATGGTATTG,DMT ON,phiX174-V2_F3-37,FISUNOV
CAAGTATCGGCAACAGCTTTATCAATACCATGAAAAATATCAACCACA,DMT ON,phiX174-V2_F3-38,FISUNOV
ATAAAGCTGTTGCCGATACTTGGAACAATTTCTGGAAAGACGGTAAAGCT,DMT ON,phiX174-V2_F3-39,FISUNOV
CCTAGACAAATTAGAGCCAATACCATCAGCTTTACCGTCTTTCCAGAA,DMT ON,phiX174-V2_F3-40,FISUNOV
GGTATTGGCTCTAATTTGTCTAGGAAATAACCGTCAGGATTGACACCCTCCCAATTGTATGTT,DMT ON,phiX174-V2_F3-41,FISUNOV
AAAAAGCCTCCAAGATTTGGAGGCATGAAAACATACAATTGGGAGGGTGT,DMT ON,phiX174-V2_F3-42,FISUNOV
CTCCAAATCTTGGAGGCTTTTTTATGGTTCGTTCTTATTACCCTTCTGAATGTCACGCT,DMT ON,phiX174-V2_F3-43,FISUNOV
AGGTTTAAGAGCCTCGATACGCTCAAAGTCAAAATAATCAGCGTGACATTCAGAAGGG,DMT ON,phiX174-V2_F3-44,FISUNOV
CGTATCGAGGCTCTTAAACCTGCTATTGAGGCTTGTGGCATTTCTACTCTTTCTCAATC,DMT ON,phiX174-V2_F3-45,FISUNOV
ATGCGGTTATCCATCTGCTTATGGAAGCCAAGCATTGGGGATTGAGAAAGAGTAGAAATGCCA,DMT ON,phiX174-V2_F3-46,FISUNOV
AGCAGATGGATAACCGCATCAAGCTCTTGGAAGAGATTCTGT,DMT ON,phiX174-V2_F4-1,FISUNOV
TATCGAACTCAACGCCCTGCATACGAAAAGACAGAATCTCTTCCAAGAGCTT,DMT ON,phiX174-V2_F4-2,FISUNOV
CAGGGCGTTGAGTTCGATAATGGTGATATGTATGTTGACGGCCA,DMT ON,phiX174-V2_F4-3,FISUNOV
ACAGATACAAACTCATCACGAACGTCAGAAGCAGCCTTATGGCCGTCAACATACATATCA,DMT ON,phiX174-V2_F4-4,FISUNOV
GTTCGTGATGAGTTTGTATCTGTTACTGAGAAGTTAATGGATGAATTGGCACAATGC,DMT ON,phiX174-V2_F4-5,FISUNOV
ATATCAAGTTGGGGGAGCACATTGTAGCATTGTGCCAATTCATCCA,DMT ON,phiX174-V2_F4-6,FISUNOV
GTGCTCCCCCAACTTGATATTAATAACACTATAGACCACCGCC,DMT ON,phiX174-V2_F4-7,FISUNOV
AAAAACCATTTTTCGTCCCCTTCGGGGCGGTGGTCTATAGTGTTAT,DMT ON,phiX174-V2_F4-8,FISUNOV
AAGGGGACGAAAAATGGTTTTTAGAGAACGAGAAGACGGTTACG,DMT ON,phiX174-V2_F4-9,FISUNOV
TTAAGAGGGCGTTCAGCAGCCAGCTTGCGGCAAAACTGCGTAACCGTCTTCTCGTTCT,DMT ON,phiX174-V2_F4-10,FISUNOV
CTGCTGAACGCCCTCTTAAGGATATTCGCGATGAGTATAATTACCC,DMT ON,phiX174-V2_F4-11,FISUNOV
TGAACACTCATCCTTAATACCTTTCTTTTTGGGGTAATTATACTCATCGCGAATAT,DMT ON,phiX174-V2_F4-12,FISUNOV
GAAAGGTATTAAGGATGAGTGTTCAAGATTGCTGGAGGCCTCCACTATGAA,DMT ON,phiX174-V2_F4-13,FISUNOV
ACGCTGAATAGCAAAGCCTCTACGCGATTTCATAGTGGAGGCCTCCA,DMT ON,phiX174-V2_F4-14,FISUNOV
AGGCTTTGCTATTCAGCGTTTGATGAATGCAATGCGACAG,DMT ON,phiX174-V2_F4-15,FISUNOV
GTGTCAAAAACGATAAACCAACCATCAGCATGAGCCTGTCGCATTGCATTCATCA,DMT ON,phiX174-V2_F4-16,FISUNOV
GGTTGGTTTATCGTTTTTGACACTCTCACGTTGGCTGACGACCGATTAGAG,DMT ON,phiX174-V2_F4-17,FISUNOV
CGCAAAGCATTGGGATTATCATAAAACGCCTCTAATCGGTCGTCAGCC,DMT ON,phiX174-V2_F4-18,FISUNOV
TGATAATCCCAATGCTTTGCGTGACTATTTTCGTGATATTGGTCGTATGG,DMT ON,phiX174-V2_F4-19,FISUNOV
ATCATTAGCCTTGCGACCCTCGGCAGCAAGAACCATACGACCAATATCACGAAAA,DMT ON,phiX174-V2_F4-20,FISUNOV
GGGTCGCAAGGCTAATGATTCACACGCCGACTGCTATCAGTATTTTTGT,DMT ON,phiX174-V2_F4-21,FISUNOV
AATGAAGACGGCCATTAGCTGTACCATACTCAGGCACACAAAAATACTGATAGCAGTCGG,DMT ON,phiX174-V2_F4-22,FISUNOV
AGCTAATGGCCGTCTTCATTTCCATGCGGTGCACTTTAT,DMT ON,phiX174-V2_F4-23,FISUNOV
CGCTACCTGTAGGAAGTGTCCGCATAAAGTGCACCGCATGGA,DMT ON,phiX174-V2_F4-24,FISUNOV
GACACTTCCTACAGGTAGCGTTGACCCTAATTTTGGTCGTCGGGTACG,DMT ON,phiX174-V2_F4-25,FISUNOV
ACGTATTTTGCAAGCTATTTAACTGGCGGCGATTGCGTACCCGACGACCAAAAT,DMT ON,phiX174-V2_F4-26,FISUNOV
CAGTTAAATAGCTTGCAAAATACGTGGCCTTATGGTTACAGTATGCCCATCG,DMT ON,phiX174-V2_F4-27,FISUNOV
AACCAGAACGTGAAAAAGCGTCCTGCGTGTAGCGAACTGCGATGGGCATACTGTAACCA,DMT ON,phiX174-V2_F4-28,FISUNOV
CGCTTTTTCACGTTCTGGTTGGTTGTGGCCTGTTGATGCTAAAGGTGAGC,DMT ON,phiX174-V2_F4-29,FISUNOV
ACAGCCATATAACTGGTAGCTTTAAGCGGCTCACCTTTAGCATCAACAG,DMT ON,phiX174-V2_F4-30,FISUNOV
AAGCTACCAGTTATATGGCTGTTGGTTTCTATGTGGCTAAATACGTTAACAAAAAG,DMT ON,phiX174-V2_F4-31,FISUNOV
GCAGCAAGGTCCATATCTGACTTTTTGTTAACGTATTTAGCCACA,DMT ON,phiX174-V2_F4-32,FISUNOV
TCAGATATGGACCTTGCTGCTAAAGGTCTAGGAGCTAAAGAATGGAACAACTCAC,DMT ON,phiX174-V2_F4-33,FISUNOV
GAAGTAGCGACAGCTTGGTTTTTAGTGAGTTGTTCCATTCTTTAGCT,DMT ON,phiX174-V2_F4-34,FISUNOV
ACCAAGCTGTCGCTACTTCCCAAGAAGCTGTTCAGAATCAGAATGAGCC,DMT ON,phiX174-V2_F4-35,FISUNOV
ATTGTGAGCATTTTCATCCCGAAGTTGCGGCTCATTCTGATTCTGAACAG,DMT ON,phiX174-V2_F4-36,FISUNOV
CGGGATGAAAATGCTCACAATGACAAATCTGTCCACGGAGTGCTTAATCCAACTTAC,DMT ON,phiX174-V2_F4-37,FISUNOV
TATCTGGTTGAACGGCGTCGCGTCGTAACCCAGCTTGGTAAGTTGGATTAAGCACTCCG,DMT ON,phiX174-V2_F4-38,FISUNOV
GACGCCGTTCAACCAGATATTGAAGCAGAACGCAAAAAGA,DMT ON,phiX174-V2_F4-39,FISUNOV
AGTAACTTTTCCCAGCCTCAATCTCATCTCTCTTTTTGCGTTCTGCTTCAA,DMT ON,phiX174-V2_F4-40,FISUNOV
TTGAGGCTGGGAAAAGTTACTGTAGCCGACGTTTTGGCGGCGCAACCTGTGACGACAAAT,DMT ON,phiX174-V2_F4-41,FISUNOV
TTTTATCGAAGCGCGCATAAATTTGAGCAGATTTGTCGTCACAGGTTGC,DMT ON,phiX174-V2_F4-42,FISUNOV
TTTATGCGCGCTTCGATAAAAATGATTGGCGTATCCAACCTGCA,DMT ON,phiX174-V2_F4-43,FISUNOV
TGCAGGTTGGATACGCCAATCAT,DMT ON,phiX174-V2_F4-44,FISUNOV
