GGGACATGATCTTTAACTTCTAC,DMT ON,HC_Seq_F1,VOLOK
GGAGGAGCAGTACAACAGC,DMT ON,HC_Seq_F2,VOLOK
GGAAATCAAACGAACTGTGGC,DMT ON,LC_Seq_F1,VOLOK
GATTCTACTGATAAAGCCG,DMT ON,dCas-F1,FISUNOV
CAAAGCAATGAGATTCCC,DMT ON,dCas-R1,FISUNOV
CAAGAGGTTAAAAGTGAGATCTGTG,DMT ON,MGA_WhiA-F,FISUNOV
GCTGTTGTTCTTCTAGTTCGTG,DMT ON,MGA_WhiA-R,FISUNOV
GCGATCTTAGCAGTATCAATGG,DMT ON,MGA_eno-F,FISUNOV
ACCTTCATCACCTTTGTTAGTA,DMT ON,MGA_eno-R,FISUNOV
TTAAACAAGCCGCAATTAGGTC,DMT ON,MGA_RplC_F,FISUNOV
TACCCTTCATAACTCTTTGAGC,DMT ON,MGA_RplC_R,FISUNOV
ATCGGATCCCGGGCCCGTCGACTGCAGAGGCGCGCTTGGCGTAATCATGGTC,DMT ON,pRS426G-F2,FISUNOV
ATCTAGATGCATTCGCGAGGTACCGAGCTCCAAGCTTATCGATACCGTCG,DMT ON,pRS426G-R2,FISUNOV
