where	code	seq	DMT	comment	length	
A1 	Calibration 	AAA AAA AAA AAA AAA AAA AAA AAA A 	(DMT ON) 	\"KUZMINA\" 	#= 25
B1 	Calibration 	TTT TTT TTT TTT TTT TTT TTT TTT T 	(DMT ON) 	\"KUZMINA\" 	#= 25
C1 	Calibration 	AGA GAG AGA GAG AGA GAG AGA GAG A 	(DMT ON) 	\"KUZMINA\" 	#= 25
D1 	Calibration 	CCC CCC CCC CCC CCC CCC CCC CCC C 	(DMT ON) 	\"KUZMINA\" 	#= 25
E1 	Calibration 	AAA AAA AAA AAA AAA AAA AAA AAA A 	(DMT ON) 	\"KUZMINA\" 	#= 25
F1 	Calibration 	TTT TTT TTT TTT TTT TTT TTT TTT T 	(DMT ON) 	\"KUZMINA\" 	#= 25
G1 	Calibration 	AGA GAG AGA GAG AGA GAG AGA GAG A 	(DMT ON) 	\"KUZMINA\" 	#= 25
H1 	Calibration 	CCC CCC CCC CCC CCC CCC CCC CCC C 	(DMT ON) 	\"KUZMINA\" 	#= 25
I1 	Calibration 	AAA AAA AAA AAA AAA AAA AAA AAA A 	(DMT OFF) 	\"KUZMINA\" 	#= 25
J1 	Calibration 	TTT TTT TTT TTT TTT TTT TTT TTT T 	(DMT OFF) 	\"KUZMINA\" 	#= 25
K1 	Calibration 	AGA GAG AGA GAG AGA GAG AGA GAG A 	(DMT OFF) 	\"KUZMINA\" 	#= 25
L1 	Calibration 	CCC CCC CCC CCC CCC CCC CCC CCC C 	(DMT OFF) 	\"KUZMINA\" 	#= 25
M1 	Calibration 	AAA AAA AAA AAA AAA AAA AAA AAA A 	(DMT OFF) 	\"KUZMINA\" 	#= 25
N1 	Calibration 	TTT TTT TTT TTT TTT TTT TTT TTT T 	(DMT OFF) 	\"KUZMINA\" 	#= 25
O1 	Calibration 	AGA GAG AGA GAG AGA GAG AGA GAG A 	(DMT OFF) 	\"KUZMINA\" 	#= 25
P1 	Calibration 	CCC CCC CCC CCC CCC CCC CCC CCC C 	(DMT OFF) 	\"KUZMINA\" 	#= 25
A2 	CoCas9crRNASP20DR35 	TCG CAA AAC TAC AAA ATT TGA AAG CAA TTC ACA ACG AAG GGC TCC CAT CAC ATC ACC CTA TAG TGA GTC GTA TTA 	(DMT ON) 	\"EMX1\" 	#= 75
B2 	CoCas9PAMCAAACCCAAC 	ACG GCA GAA GCT GGA GGA GGA AGG GCC TGA GTC CGG TTG GGT TTG GAA GGG CTC CCA TCA CAT CAA CCG G 	(DMT ON) 	\"EMX2\" 	#= 70
C2 	PpCas9sgRNAforward 	TAA TAC GAC TCA CTA TAG GGT GAT GTG ATG GGA GCC CTT CGT TGT AGC TCC CTT TTT C 	(DMT ON) 	\"EMX3\" 	#= 58
D2 	PpCas9PAMCAACATTAAC 	ACG GCA GAA GCT GGA GGA GGA AGG GCC TGA GTC CGG TTA ATG TTG GAA GGG CTC CCA TCA CAT CAA CCG G 	(DMT ON) 	\"EMX4\" 	#= 70
E2 	SpCas9sgRNAforward 	TAA TAC GAC TCA CTA TAG GGT GAT GTG ATG GGA GCC CTT CGT TTT AGA GCT AGA AAT AGC 	(DMT ON) 	\"EMX5\" 	#= 60
F2 	SpCas9PAMCGGTCACAAC 	ACG GCA GAA GCT GGA GGA GGA AGG GCC TGA GTC CGG TTG TGA CCG GAA GGG CTC CCA TCA CAT CAA CCG G 	(DMT ON) 	\"EMX6\" 	#= 70
G2 	CoCas9crRNASP20DR35 	TCG CAA AAC TAC AAA ATT TGA AAG CAA TTC ACA ACG AAG GGC TCC CAT CAC ATC ACC CTA TAG TGA GTC GTA TTA 	(DMT ON) 	\"EMX1\" 	#= 75
H2 	CoCas9PAMCAAACCCAAC 	ACG GCA GAA GCT GGA GGA GGA AGG GCC TGA GTC CGG TTG GGT TTG GAA GGG CTC CCA TCA CAT CAA CCG G 	(DMT ON) 	\"EMX2\" 	#= 70
I2 	PpCas9sgRNAforward 	TAA TAC GAC TCA CTA TAG GGT GAT GTG ATG GGA GCC CTT CGT TGT AGC TCC CTT TTT C 	(DMT ON) 	\"EMX3\" 	#= 58
J2 	PpCas9PAMCAACATTAAC 	ACG GCA GAA GCT GGA GGA GGA AGG GCC TGA GTC CGG TTA ATG TTG GAA GGG CTC CCA TCA CAT CAA CCG G 	(DMT ON) 	\"EMX4\" 	#= 70
K2 	SpCas9sgRNAforward 	TAA TAC GAC TCA CTA TAG GGT GAT GTG ATG GGA GCC CTT CGT TTT AGA GCT AGA AAT AGC 	(DMT ON) 	\"EMX5\" 	#= 60
L2 	SpCas9PAMCGGTCACAAC 	ACG GCA GAA GCT GGA GGA GGA AGG GCC TGA GTC CGG TTG TGA CCG GAA GGG CTC CCA TCA CAT CAA CCG G 	(DMT ON) 	\"EMX6\" 	#= 70
M2 	OmpA_For 	GTG TAA CCC AGA ACA ACT AC 	(DMT OFF) 	\"SHOKINA\" 	#= 20
N2 	OmpA_Rev 	ATC ACT CCT GAA ATC GCT A 	(DMT OFF) 	\"SHOKINA\" 	#= 19
O2 	RpoS_For 	GAA TAG TAC GGG TTT GGT TC 	(DMT OFF) 	\"SHOKINA\" 	#= 20
P2 	RpoS_Rev1 	GAG TTG AGG TTT TTG ACG AA 	(DMT OFF) 	\"SHOKINA\" 	#= 20
A3 	OmpX_For1 	ACC TGA AAT ACC GCT ATG AA 	(DMT OFF) 	\"SHOKINA\" 	#= 20
B3 	OmpX_Rev1 	GTA AGA GAA GTC CAG AGC A 	(DMT OFF) 	\"SHOKINA\" 	#= 19
C3 	OmpC_For1 	GCA GGT TGA TTT TGT AGT CA 	(DMT OFF) 	\"SHOKINA\" 	#= 20
D3 	OmpC_Rev1 	TAC GAC GCT AAC AAC ATC TA 	(DMT OFF) 	\"SHOKINA\" 	#= 20
E3 	OmpF_For1 	TTG GAG TTA CGA TAG GTA GC 	(DMT OFF) 	\"SHOKINA\" 	#= 20
F3 	OmpF_Rev1 	GGT TAT GGT CAG TGG GAA TA 	(DMT OFF) 	\"SHOKINA\" 	#= 20
G3 	Hns_For1 	CCA GTC CAG GTT TTA GTT TC 	(DMT OFF) 	\"SHOKINA\" 	#= 20
H3 	Hns_Rev1 	GCG AAG CAC TTA AAA TTC TG 	(DMT OFF) 	\"SHOKINA\" 	#= 20
I3 	OmpR_For1 	GTT TTG GAA TGT AGT CGT CAG 	(DMT OFF) 	\"SHOKINA\" 	#= 21
J3 	OmpR_Rev1 	TAC AAG ATT CTG GTG GTC G 	(DMT OFF) 	\"SHOKINA\" 	#= 19
K3 	FepA_For1 	GTA TAG GAA TCG GAG TTG GT 	(DMT OFF) 	\"SHOKINA\" 	#= 20
L3 	FepA_Rev1 	GAA CAT AAA GAG GAA GGT GC 	(DMT OFF) 	\"SHOKINA\" 	#= 20
M3 	OpgG_For1 	GAT AAC ATC GTC GCT TAC TG 	(DMT OFF) 	\"SHOKINA\" 	#= 20
N3 	OpgG_Rev1 	CTT GGC ATC TTT CAC TTT CA 	(DMT OFF) 	\"SHOKINA\" 	#= 20
O3 	GapA_For1 	AGA AAG TGG TTA TGA CTG GT 	(DMT OFF) 	\"SHOKINA\" 	#= 20
P3 	GapA_Rev 	TCA GGT CAA CTA CAG ATA CG 	(DMT OFF) 	\"SHOKINA\" 	#= 20
A4 	RpoE_For 	CTG ATA AGC GGT TGA ACT TT 	(DMT OFF) 	\"SHOKINA\" 	#= 20
B4 	RpoE_Rev 	TAC AGC GAA AAA TTA CCT GG 	(DMT OFF) 	\"SHOKINA\" 	#= 20
C4 	RplB_For_58 	CAT CAC GAG CAA CGA TCT GA 	(DMT OFF) 	\"SHOKINA\" 	#= 20
D4 	RplB_Rev_58 	CAC TCG TCA TAT CGG TGG TG 	(DMT OFF) 	\"SHOKINA\" 	#= 20
E4 	RplB_For_67 	TGC TTA TGT CAC CCT GCG TCT G 	(DMT OFF) 	\"SHOKINA\" 	#= 22
F4 	RplB_Rev_67 	AGT TAC GAC CTT CAC CAC CAC CA 	(DMT OFF) 	\"SHOKINA\" 	#= 23
G4 	1_N_F 	CAG AAG GGC TAA CCG TGT ACT 	(DMT OFF) 	\"LUKINA\" 	#= 21
H4 	1_N_R 	GTT GGG ACA GTT GGC TAG TGA 	(DMT OFF) 	\"LUKINA\" 	#= 21
I4 	2_N_F 	GGC AAC CTT GCT TAA GGA ATC A 	(DMT OFF) 	\"LUKINA\" 	#= 22
J4 	2_N_R 	TGG ATG ACC TGG CAA TGA CC 	(DMT OFF) 	\"LUKINA\" 	#= 20
K4 	1_G_F 	GGC CGC AGA GGA TTC AAC AT 	(DMT OFF) 	\"LUKINA\" 	#= 20
L4 	1_G_R 	ACT GTT TCT GGA TCT GGC GG 	(DMT OFF) 	\"LUKINA\" 	#= 20
M4 	2_G_F 	AAG CAA CAC AGT GGA CCA CA 	(DMT OFF) 	\"LUKINA\" 	#= 20
N4 	2_G_R 	GTC AGT TCT GGG TCT GTC GG 	(DMT OFF) 	\"LUKINA\" 	#= 20
O4 	1_F_F 	GGA GCA ATA GCA CTC GGT GT 	(DMT OFF) 	\"LUKINA\" 	#= 20
P4 	1_F_R 	TCC TGC AGA TGT TGG CAT GT 	(DMT OFF) 	\"LUKINA\" 	#= 20
A5 	MPV800_1_LEFT 	GCA GTG ACA CCC TCA TCA TTG C 	(DMT OFF) 	\"LUKINA\" 	#= 22
B5 	MPV800_1_RIGHT 	CCA GAT TCA GGG CCC ATT TCT C 	(DMT OFF) 	\"LUKINA\" 	#= 22
C5 	MPV800_2_LEFT 	AGG TGC CTT AAT ATT CAC TAA ACT AGC 	(DMT OFF) 	\"LUKINA\" 	#= 27
D5 	MPV800_2_RIGHT 	TGA TTT CTG GAA AGC TTC TGC CA 	(DMT OFF) 	\"LUKINA\" 	#= 23
E5 	MPV800_3_LEFT 	TCT GCA GCA GAA AGT TAT GCC A 	(DMT OFF) 	\"LUKINA\" 	#= 22
F5 	MPV800_3_RIGHT 	CCA ATC ATT GCA TCT CTG ATC CC 	(DMT OFF) 	\"LUKINA\" 	#= 23
G5 	MPV800_4_LEFT 	AAG CAT TGA GGC CAG ACT AGA A 	(DMT OFF) 	\"LUKINA\" 	#= 22
H5 	MPV800_4_RIGHT 	AAC TGA TTT GGC TGA GCT CAC A 	(DMT OFF) 	\"LUKINA\" 	#= 22
I5 	MPV800_5_LEFT 	AAA TTG TTG AAG ACG AAA GCA CAA G 	(DMT OFF) 	\"LUKINA\" 	#= 25
J5 	MPV800_5_RIGHT 	GAA TAT ACC TTT GGG ATT GTT CAT GGT 	(DMT OFF) 	\"LUKINA\" 	#= 27
K5 	MPV800_6_LEFT 	ACA CAA GCC AAA ATT GCA CCT T 	(DMT OFF) 	\"LUKINA\" 	#= 22
L5 	MPV800_6_RIGHT 	CAA AAT CTT TCA GCT CTC TCA CTG C 	(DMT OFF) 	\"LUKINA\" 	#= 25
M5 	MPV800_7_LEFT 	TTG CAA CAG CAG CTG CAG T 	(DMT OFF) 	\"LUKINA\" 	#= 19
N5 	MPV800_7_RIGHT 	AGA GGG GAC AGT GCA ACC AT 	(DMT OFF) 	\"LUKINA\" 	#= 20
O5 	MPV800_8_LEFT 	ACT ACC CAA ATG AAA AAG ACT GTG AA 	(DMT OFF) 	\"LUKINA\" 	#= 26
P5 	MPV800_8_RIGHT 	TAC CTA TCA GGC CAA CTC CAG T 	(DMT OFF) 	\"LUKINA\" 	#= 22
A6 	MPV800_9_LEFT 	AGC AAA GTT GAG GGT GAA CAG C 	(DMT OFF) 	\"LUKINA\" 	#= 22
B6 	MPV800_9_RIGHT 	TGC AGG AGT TTT GCT CAT CTC C 	(DMT OFF) 	\"LUKINA\" 	#= 22
C6 	MPV800_10_LEFT 	GCT ACA AGA AAT AGA AGT AAG ACA GGC 	(DMT OFF) 	\"LUKINA\" 	#= 27
D6 	MPV800_10_RIGHT 	TCG TGT GTA TTC TCC AAC AGG T 	(DMT OFF) 	\"LUKINA\" 	#= 22
E6 	MPV800_11_LEFT 	AGA CCC ATT CCT GAT CTA AAT GCA 	(DMT OFF) 	\"LUKINA\" 	#= 24
F6 	MPV800_11_RIGHT 	CTG TGT TGC CTG CTG TGG ATT 	(DMT OFF) 	\"LUKINA\" 	#= 21
G6 	MPV800_12_LEFT 	ACA CTG TGT CAA TAT GCC ACC G 	(DMT OFF) 	\"LUKINA\" 	#= 22
H6 	MPV800_12_RIGHT 	GGG TCT TTT CAA AAG GCA TGA GC 	(DMT OFF) 	\"LUKINA\" 	#= 23
I6 	MPV800_13_LEFT 	TGG ATC CAT TTT GTG AAT CCA CTG 	(DMT OFF) 	\"LUKINA\" 	#= 24
J6 	MPV800_13_RIGHT 	ACT CTT TCA CTA GTG AGA ACC CTT C 	(DMT OFF) 	\"LUKINA\" 	#= 25
K6 	MPV800_14_LEFT 	ACA ACC TGA ACA AAA ATC AAG AAG GA 	(DMT OFF) 	\"LUKINA\" 	#= 26
L6 	MPV800_14_RIGHT 	ACC GAC CAT ATT AAC TTT TTA GGA GGA 	(DMT OFF) 	\"LUKINA\" 	#= 27
M6 	MPV800_15_LEFT 	TGC TGC AGT ACA ATT TGA ACA GG 	(DMT OFF) 	\"LUKINA\" 	#= 23
N6 	MPV800_15_RIGHT 	CCA CCC TTC AAT CCC TCC CAT A 	(DMT OFF) 	\"LUKINA\" 	#= 22
O6 	MPV800_16_LEFT 	CAG ACA TGC ACC ACC AGA AAC A 	(DMT OFF) 	\"LUKINA\" 	#= 22
P6 	MPV800_16_RIGHT 	ATC CAC ATG GCT GAT TGC TTC A 	(DMT OFF) 	\"LUKINA\" 	#= 22
A7 	MPV800_17_LEFT 	TGA TGT GGT TGA CCT ATG GAT GAA 	(DMT OFF) 	\"LUKINA\" 	#= 24
B7 	MPV800_17_RIGHT 	ACC TCT TGT GGT CTT GTC AGT AC 	(DMT OFF) 	\"LUKINA\" 	#= 23
C7 	MPV800_18_LEFT 	GTG ACA TCT CCA AGT ATT GTA ACA TGT 	(DMT OFF) 	\"LUKINA\" 	#= 27
D7 	MPV800_18_RIGHT 	CCA TGG AAA TAG TTT TCT CTC TTA TTT AAG AAC 	(DMT OFF) 	\"LUKINA\" 	#= 33
E7 	MPV800_19_LEFT 	TCA ACA CAT CTT CAG TCC TGA CA 	(DMT OFF) 	\"LUKINA\" 	#= 23
F7 	MPV800_19_RIGHT 	ACC TTA GGA AAA TAG TCT AGC TGT GT 	(DMT OFF) 	\"LUKINA\" 	#= 26
G7 	MPV800_20_LEFT 	TGG CAC ATG CTC TTA CAC GAT T 	(DMT OFF) 	\"LUKINA\" 	#= 22
H7 	MPV800_20_RIGHT 	ACA TTC TGA CCC TGA CAA TTT GC 	(DMT OFF) 	\"LUKINA\" 	#= 23
I7 	MPV800_21_LEFT 	CCC GTT AGA ATA TCA AAG GGT AAT AGG T 	(DMT OFF) 	\"LUKINA\" 	#= 28
J7 	MPV800_21_RIGHT 	TCT TAC TCA CAA GCA TAT ACC CGG 	(DMT OFF) 	\"LUKINA\" 	#= 24
K7 	CAHS94063_F0-1 	ATG TCA GGT CGT AAT GTG GAG TCA CAT ATG GAG CGT AAC GAA AAA GTA GTG 	(DMT ON) 	\"CUSTOMER\" 	#= 51
L7 	CAHS94063_F0-2 	ATC TGC ATG ACC AGA ATT ATT AAC CAC TAC TTT TTC GTT ACG CT 	(DMT ON) 	\"CUSTOMER\" 	#= 44
M7 	CAHS94063_F0-3 	TTA ATA ATT CTG GTC ATG CAG ATG TTA AAA AAC AAC AAC AAC AAG TGG AAC AC 	(DMT ON) 	\"CUSTOMER\" 	#= 53
N7 	CAHS94063_F0-4 	CTT CAG TGT GAG TAA ATT CTG TGT GTT CCA CTT GTT GTT GT 	(DMT ON) 	\"CUSTOMER\" 	#= 41
O7 	CAHS94063_F0-5 	ACA GAA TTT ACT CAC ACT GAA GTG AAG GCT CCT TTA ATC CAT CC 	(DMT ON) 	\"CUSTOMER\" 	#= 44
P7 	CAHS94063_F0-6 	CCC CTG TTG AAA TGA TTG GTG GTG CAG GAT GGA TTA AAG GAG CCT 	(DMT ON) 	\"CUSTOMER\" 	#= 45
A8 	CAHS94063_F0-7 	CCA ATC ATT TCA ACA GGG GCT GCT GGT TTA GCT GAA GAA AT 	(DMT ON) 	\"CUSTOMER\" 	#= 41
B8 	CAHS94063_F0-8 	AGC AGT AAA TCC TTG TCC AAC AAT TTC TTC AGC TAA ACC AGC 	(DMT ON) 	\"CUSTOMER\" 	#= 42
C8 	CAHS94063_F0-9 	TGG ACA AGG ATT TAC TGC TTC GGC AGC TAG AAT TTC AGG TGG AAC AG 	(DMT ON) 	\"CUSTOMER\" 	#= 47
D8 	CAHS94063_F0-10 	TAG CTG CTG ATG GTT GTA AGT GAA CTT CAG CTG TTC CAC CTG AAA TTC TAG 	(DMT ON) 	\"CUSTOMER\" 	#= 51
E8 	CAHS94063_F0-11 	TTA CAA CCA TCA GCA GCT ATG ACT GAA GAG GCT AGA CGT GAC CAA GAA CGT TAT C 	(DMT ON) 	\"CUSTOMER\" 	#= 55
F8 	CAHS94063_F0-12 	CTT AGC AAT AGA TTC TTG TTC TTG ACG ATA ACG TTC TTG GTC ACG 	(DMT ON) 	\"CUSTOMER\" 	#= 45
G8 	CAHS94063_F0-13 	CAA GAA CAA GAA TCT ATT GCT AAG CAA CAG GAG AGA GAA ATG GAG AA 	(DMT ON) 	\"CUSTOMER\" 	#= 47
H8 	CAHS94063_F0-14 	CAG CGG TTT TTC TAT ATG CTT CTG TTT TTT TCT CCA TTT CTC TCT CCT G 	(DMT ON) 	\"CUSTOMER\" 	#= 49
I8 	CAHS94063_F0-15 	AGC ATA TAG AAA AAC CGC TGA AGC TGA AGC TGA GAA AAT TAG AAA AGA ATT 	(DMT ON) 	\"CUSTOMER\" 	#= 51
J8 	CAHS94063_F0-16 	TTC AAC ATC TCT AGC ATG TTG TTT TTC TAA TTC TTT TCT AAT TTT CTC AGC TT 	(DMT ON) 	\"CUSTOMER\" 	#= 53
K8 	CAHS94063_F0-17 	CAA CAT GCT AGA GAT GTT GAA TTT AGA AAA GAT CTA ATT GAA TCA ACA ATC GAT AGA CAG 	(DMT ON) 	\"CUSTOMER\" 	#= 60
L8 	CAHS94063_F0-18 	ACG TTT TGC CAT TTT AGC TTC AAG ATC AAC TTC TCT CTT CTG TCT ATC GAT TGT TGA TTC A 	(DMT ON) 	\"CUSTOMER\" 	#= 61
M8 	CAHS94063_F0-19 	AGC TAA AAT GGC AAA ACG TGA ACT AGA TAG AGA AGG TCA ATT AGC TA 	(DMT ON) 	\"CUSTOMER\" 	#= 47
N8 	CAHS94063_F0-20 	GTA GCT AAA CGA GAT CTT TCA AGA GCT TCT TTA GCT AAT TGA CCT TCT CTA TCT A 	(DMT ON) 	\"CUSTOMER\" 	#= 55
O8 	CAHS94063_F0-21 	TTG AAA GAT CTC GTT TAG CTA CTA ATG TTG AGG TGA ATT TTG ATT CTG 	(DMT ON) 	\"CUSTOMER\" 	#= 48
P8 	CAHS94063_F0-22 	TAG ACA CTG TTG TTC CTC CAG ACA CAG TAT GCC CTG CAG CAG AAT CAA AAT TCA CCT CAA C 	(DMT ON) 	\"CUSTOMER\" 	#= 61
A9 	CAHS94063_F0-23 	GGA GGA ACA ACA GTG TCT ACT TCA GAT AAG ATG GAG ATT AAG CGT AAC TAA 	(DMT ON) 	\"CUSTOMER\" 	#= 51
B9 	CAHS94063_F0-24 	TTA GTT ACG CTT AAT CTC CAT TTT 	(DMT ON) 	\"CUSTOMER\" 	#= 24
C9 	CAHS106094_F0-1 	AGG AGG ATC CAA GAT ATG GAG GCG ATG AAT ATG AAT ATT CCA AGA GAC GCT AT 	(DMT ON) 	\"CUSTOMER\" 	#= 53
D9 	CAHS106094_F0-2 	GAT AAC CAT TTT GTT CAG ACT CAG GTG GAG GAA CAA ACA TAG CGT CTC TTG GAA TAT TC 	(DMT ON) 	\"CUSTOMER\" 	#= 59
E9 	CAHS106094_F0-3 	GAG TCT GAA CAA AAT GGT TAT CAT GAG AAA TCA GAA GTT CAA CA 	(DMT ON) 	\"CUSTOMER\" 	#= 44
F9 	CAHS106094_F0-4 	ACT TGC GAC TGC ATA TAA GAT GTT TGT TGA ACT TCT GAT TTC TCA 	(DMT ON) 	\"CUSTOMER\" 	#= 45
G9 	CAHS106094_F0-5 	CTT ATA TGC AGT CGC AAG TGA AGG TTC CAC ATT ATA ATT TCC CTA CCC CAT ATT 	(DMT ON) 	\"CUSTOMER\" 	#= 54
H9 	CAHS106094_F0-6 	TCT TGA GCT GAA AAT GAT GTT GTA AAA TAT GGG GTA GGG AAA TTA TAA T 	(DMT ON) 	\"CUSTOMER\" 	#= 49
I9 	CAHS106094_F0-7 	ACA TCA TTT TCA GCT CAA GAA TTA TTA GGT GAG GGA TTT CAA GCT TCT ATT T 	(DMT ON) 	\"CUSTOMER\" 	#= 52
J9 	CAHS106094_F0-8 	CGG TAA CAG CAG AAA TTC TTG AAA TAG AAG CTT GAA ATC CCT 	(DMT ON) 	\"CUSTOMER\" 	#= 42
K9 	CAHS106094_F0-9 	AGA ATT TCT GCT GTT ACC GAA GAT ATG CAA TCA ATG GAG ATT C 	(DMT ON) 	\"CUSTOMER\" 	#= 43
L9 	CAHS106094_F0-10 	ACG TGC TTC TTC AAC AAA TTC TGG AAT CTC CAT TGA TTG CAT ATC 	(DMT ON) 	\"CUSTOMER\" 	#= 45
M9 	CAHS106094_F0-11 	ATT TGT TGA AGA AGC ACG TCG TGA TTA TGC AGC TAA GAC GAG AGA AAA TGA AAT GC 	(DMT ON) 	\"CUSTOMER\" 	#= 56
N9 	CAHS106094_F0-12 	CAG ATT TAC GTT CTA ATT CTT TTT CGT ATT GTT GAC CAA GCA TTT CAT TTT CTC TCG TC 	(DMT ON) 	\"CUSTOMER\" 	#= 59
O9 	CAHS106094_F0-13 	GAA AAA GAA TTA GAA CGT AAA TCT GAA GCG TAT CGT AAG CAT CAA GAA GTT GAG G 	(DMT ON) 	\"CUSTOMER\" 	#= 55
P9 	CAHS106094_F0-14 	TGT TTC TCT AAT TCC TTA CGG ATT TTA TCA GCC TCA ACT TCT TGA TGC TT 	(DMT ON) 	\"CUSTOMER\" 	#= 50
A10 	CAHS106094_F0-15 	CCG TAA GGA ATT AGA GAA ACA ACA TAT GAG AGA TAT TGA ATT CCG TAA AGA AAT TGC 	(DMT ON) 	\"CUSTOMER\" 	#= 57
B10 	CAHS106094_F0-16 	TTT TGA TTT TCG ATA GCT AAC TCA GCA ATT TCT TTA CGG AAT TCA 	(DMT ON) 	\"CUSTOMER\" 	#= 45
C10 	CAHS106094_F0-17 	GAG TTA GCT ATC GAA AAT CAA AAA CGT ATG ATC GAT CTA GAA TGT AGA TAC GCT AAA AAG GA 	(DMT ON) 	\"CUSTOMER\" 	#= 62
D10 	CAHS106094_F0-18 	GTA CCT TGG TTC TTT CTC GAT CCA TAT CCT TTT TAG CGT ATC TAC ATT 	(DMT ON) 	\"CUSTOMER\" 	#= 48
E10 	CAHS106094_F0-19 	CGA GAA AGA ACC AAG GTA CGA ATG ATG TTA GAA CAA CAA AAA TTT CAC 	(DMT ON) 	\"CUSTOMER\" 	#= 48
F10 	CAHS106094_F0-20 	AAG AAT CAA GAT TAA CCT GAA TAT CAG AGT GAA ATT TTT GTT GTT CTA ACA T 	(DMT ON) 	\"CUSTOMER\" 	#= 52
G10 	CAHS106094_F0-21 	GAT ATT CAG GTT AAT CTT GAT TCT TCA GCA GCG GGT ACC GAG TCG GGT GGG CAC GTT GTG TCA C 	(DMT ON) 	\"CUSTOMER\" 	#= 64
H10 	CAHS106094_F0-22 	TTA TCT CTT CAT TTC TCT GTT CCT TTC TGT GAA TTT TTC AGA CTG TGA CAC AAC GTG CCC ACC 	(DMT ON) 	\"CUSTOMER\" 	#= 63
I10 	phiX174-V2_F1-1 	GAG TTT TAT CGC TTC CAT GAC GCA GAA GTT AAC ACT TTC GGA TAT TTC TGA TGA G 	(DMT ON) 	\"FISUNOV\" 	#= 55
J10 	phiX174-V2_F1-2 	GCA GTA GTA ATT CCT GCT TTA TCA AGA TAA TTT TTC GAC TCA TCA GAA ATA TCC GAA AGT GT 	(DMT ON) 	\"FISUNOV\" 	#= 62
K10 	phiX174-V2_F1-3 	TGA TAA AGC AGG AAT TAC TAC TGC TTG TTT ACG AAT TAA ATC GAA GTG GAC TGC TGG 	(DMT ON) 	\"FISUNOV\" 	#= 57
L10 	phiX174-V2_F1-4 	AGG ATA GGT CGA ATT TTC TCA TTT TCC GCC AGC AGT CCA CTT CGA TT 	(DMT ON) 	\"FISUNOV\" 	#= 47
M10 	phiX174-V2_F1-5 	AAA ATG AGA AAA TTC GAC CTA TCC TTG CGC AGC TCG AGA AGC TCT TAC TTT GCG ACC TTT CG 	(DMT ON) 	\"FISUNOV\" 	#= 62
N10 	phiX174-V2_F1-6 	TCA GTT TTT GAC AGA ATC GTT AGT TGA TGG CGA AAG GTC GCA AAG TAA GAG 	(DMT ON) 	\"FISUNOV\" 	#= 51
O10 	phiX174-V2_F1-7 	ACT AAC GAT TCT GTC AAA AAC TGA CGC GTT GGA TGA GGA GAA GTG GCT TAA TAT G 	(DMT ON) 	\"FISUNOV\" 	#= 55
P10 	phiX174-V2_F1-8 	ATC TAA ACC AGT CCT TGA CGA ACG TGC CAA GCA TAT TAA GCC ACT TCT CCT CAT C 	(DMT ON) 	\"FISUNOV\" 	#= 55
A11 	phiX174-V2_F1-9 	TTC GTC AAG GAC TGG TTT AGA TAT GAG TCA CAT TTT GTT CAT GGT 	(DMT ON) 	\"FISUNOV\" 	#= 45
B11 	phiX174-V2_F1-10 	ACG CTC TTT TAA AAT GTC AAC AAG AGA ATC TCT ACC ATG AAC AAA ATG TGA CTC AT 	(DMT ON) 	\"FISUNOV\" 	#= 56
C11 	phiX174-V2_F1-11 	CTT GTT GAC ATT TTA AAA GAG CGT GGA TTA CTA TCT GAG TCC GAT GCT GTT C 	(DMT ON) 	\"FISUNOV\" 	#= 52
D11 	phiX174-V2_F1-12 	CTC ATG ATT TCT TAC CTA TTA GTG GTT GAA CAG CAT CGG ACT CAG AT 	(DMT ON) 	\"FISUNOV\" 	#= 47
E11 	phiX174-V2_F1-13 	ACC ACT AAT AGG TAA GAA ATC ATG AGT CAA GTT ACT GAA CAA TCC GTA CGT TTC C 	(DMT ON) 	\"FISUNOV\" 	#= 55
F11 	phiX174-V2_F1-14 	AAT AGA GGC CAA AGC GGT CTG GAA ACG TAC GGA TTG TTC AG 	(DMT ON) 	\"FISUNOV\" 	#= 41
G11 	phiX174-V2_F1-15 	GAC CGC TTT GGC CTC TAT TAA GCT CAT TCA GGC TTC TGC CGT TTT GGA TTT AAC CG 	(DMT ON) 	\"FISUNOV\" 	#= 56
H11 	phiX174-V2_F1-16 	TGT TAC TCG TCA GAA AAT CGA AAT CAT CTT CGG TTA AAT CCA AAA CGG CA 	(DMT ON) 	\"FISUNOV\" 	#= 50
I11 	phiX174-V2_F1-17 	ATT TCG ATT TTC TGA CGA GTA ACA AAG TTT GGA TTG CTA CTG ACC GC 	(DMT ON) 	\"FISUNOV\" 	#= 47
J11 	phiX174-V2_F1-18 	ACC ATA AAC GCA AGC CTC AAC GCA GCG ACG AGC ACG AGA GCG GTC AGT AGC AAT CCA A 	(DMT ON) 	\"FISUNOV\" 	#= 58
K11 	phiX174-V2_F1-19 	TGA GGC TTG CGT TTA TGG TAC GCT GGA CTT TGT GGG ATA CCC TC 	(DMT ON) 	\"FISUNOV\" 	#= 44
L11 	phiX174-V2_F1-20 	AAT GAC GGC AGC AAT AAA CTC AAC AGG AGC AGG AAA GCG AGG GTA TCC CAC AAA GTC C 	(DMT ON) 	\"FISUNOV\" 	#= 58
M11 	phiX174-V2_F1-21 	GAG TTT ATT GCT GCC GTC ATT GCT TAT TAT GTT CAT CCC GTC AA 	(DMT ON) 	\"FISUNOV\" 	#= 44
N11 	phiX174-V2_F1-22 	GAT GAG ACA GGC CGT TTG AAT GTT GAC GGG ATG AAC ATA ATA AGC 	(DMT ON) 	\"FISUNOV\" 	#= 45
O11 	phiX174-V2_F1-23 	TCA AAC GGC CTG TCT CAT CAT GGA AGG CGC TGA ATT TAC GGA 	(DMT ON) 	\"FISUNOV\" 	#= 42
P11 	phiX174-V2_F1-24 	ACG CTC GAC GCC ATT AAT AAT GTT TTC CGT AAA TTC AGC GCC TT 	(DMT ON) 	\"FISUNOV\" 	#= 44
A12 	phiX174-V2_F1-25 	TTA TTA ATG GCG TCG AGC GTC CGG TTA AAG CCG CTG AAT TGT TCG CGT TTA CCT 	(DMT ON) 	\"FISUNOV\" 	#= 54
B12 	phiX174-V2_F1-26 	GTA AGA ACG TCA GTG TTT CCT GCG CGT ACA CGC AAG GTA AAC GCG AAC AAT TCA G 	(DMT ON) 	\"FISUNOV\" 	#= 55
C12 	phiX174-V2_F1-27 	CAG GAA ACA CTG ACG TTC TTA CTG ACG CAG AAG AAA ACG TGC GTC AAA AAT TAC GTG CGG A 	(DMT ON) 	\"FISUNOV\" 	#= 61
D12 	phiX174-V2_F1-28 	AAC GTT TTT TAC CTT TAG ACA TTA CAT CAC TCC TTC CGC ACG TAA TTT TTG ACG 	(DMT ON) 	\"FISUNOV\" 	#= 54
E12 	phiX174-V2_F1-29 	ATG TAA TGT CTA AAG GTA AAA AAC GTT CTG GCG CTC GCC CTG GTC GTC CGC AGC CGT T 	(DMT ON) 	\"FISUNOV\" 	#= 58
F12 	phiX174-V2_F1-30 	GCC TTT ACG CTT GCC TTT AGT ACC TCG CAA CGG CTG CGG ACG ACC AG 	(DMT ON) 	\"FISUNOV\" 	#= 47
G12 	phiX174-V2_F1-31 	CTA AAG GCA AGC GTA AAG GCG CTC GTC TTT GGT ATG TAG GTG GTC AAC AAT 	(DMT ON) 	\"FISUNOV\" 	#= 51
H12 	phiX174-V2_F1-32 	CTC AAG TAA GGG GCC GAA GCC CCT GCA ATT AAA ATT GTT GAC CAC CTA CAT ACC A 	(DMT ON) 	\"FISUNOV\" 	#= 55
I12 	phiX174-V2_F1-33 	CTT CGG CCC CTT ACT TGA GGA TAA ATT ATG TCT AAT ATT CAA ACT GGC GC 	(DMT ON) 	\"FISUNOV\" 	#= 50
J12 	phiX174-V2_F1-34 	AGA TGG GAA AGG TCA TGC GGC ATA CGC TCG GCG CCA GTT TGA ATA TTA GAC A 	(DMT ON) 	\"FISUNOV\" 	#= 52
K12 	phiX174-V2_F1-35 	CGC ATG ACC TTT CCC ATC TTG GCT TCC TTG CTG GTC AGA T 	(DMT ON) 	\"FISUNOV\" 	#= 40
L12 	phiX174-V2_F1-36 	GAT AAC CGG AGT AGT TGA AAT GGT AAT AAG ACG ACC AAT CTG ACC AGC AAG GAA GC 	(DMT ON) 	\"FISUNOV\" 	#= 56
M12 	phiX174-V2_F1-37 	CCA TTT CAA CTA CTC CGG TTA TCG CTG GCG ACT CCT TCG AGA TGG AC 	(DMT ON) 	\"FISUNOV\" 	#= 47
N12 	phiX174-V2_F1-38 	AAT GGA GAA AGA CGG AGA GCG CCA ACG GCG TCC ATC TCG AAG GAG TCG 	(DMT ON) 	\"FISUNOV\" 	#= 48
O12 	phiX174-V2_F1-39 	GCT CTC CGT CTT TCT CCA TTG CGT CGT GGC CTT GCT ATT GAC TCT ACT 	(DMT ON) 	\"FISUNOV\" 	#= 48
P12 	phiX174-V2_F1-40 	GAC GAT GAG GGA CAT AAA AAG TAA AAA TGT CTA CAG TAG AGT CAA TAG CAA GGC C 	(DMT ON) 	\"FISUNOV\" 	#= 55
A13 	phiX174-V2_F1-41 	TTA CTT TTT ATG TCC CTC ATC GTC ACG TTT ATG GTG AAC AGT GGA TT 	(DMT ON) 	\"FISUNOV\" 	#= 47
B13 	phiX174-V2_F1-42 	GTG GCA TTA ACA CCA TCC TTC ATG AAC TTA ATC CAC TGT TCA CCA TAA ACG 	(DMT ON) 	\"FISUNOV\" 	#= 51
C13 	phiX174-V2_F1-43 	GAA GGA TGG TGT TAA TGC CAC TCC TCT CCC GAC TGT TAA CAC TAC TGG T 	(DMT ON) 	\"FISUNOV\" 	#= 49
D13 	phiX174-V2_F1-44 	GAA AAG CGG CAT GGT CAA TAT AAC CAG TAG TGT TAA CAG TCG G 	(DMT ON) 	\"FISUNOV\" 	#= 43
E13 	phiX174-V2_F1-45 	ATA TTG ACC ATG CCG CTT TTC TTG GCA CGA TTA ACC CTG AT 	(DMT ON) 	\"FISUNOV\" 	#= 41
F13 	phiX174-V2_F1-46 	CAA ATA ACC CTG AAA CAA ATG CTT AGG GAT TTT ATT GGT ATC AGG GTT AAT CGT GCC AA 	(DMT ON) 	\"FISUNOV\" 	#= 59
G13 	phiX174-V2_F1-47 	AAG CAT TTG TTT CAG GGT TAT TTG AAT ATC TAT AAC AAC TAT TTT AAA GCG CCG TGG 	(DMT ON) 	\"FISUNOV\" 	#= 57
H13 	phiX174-V2_F1-48 	CCA CGG CGC TTT AAA ATA GTT 	(DMT ON) 	\"FISUNOV\" 	#= 21
I13 	phiX174-V2_F2-1 	ACT ATT TTA AAG CGC CGT GGA TGC CTG ACC GTA CCG AGG CTA ACC CTA ATG AGC TT 	(DMT ON) 	\"FISUNOV\" 	#= 56
J13 	phiX174-V2_F2-2 	CCA TAA CGA GCA TCA TCT TGA TTA AGC TCA TTA GGG TTA GCC TC 	(DMT ON) 	\"FISUNOV\" 	#= 44
K13 	phiX174-V2_F2-3 	AAT CAA GAT GAT GCT CGT TAT GGT TTC CGT TGC TGC CAT CTC AAA AAC ATT TGG A 	(DMT ON) 	\"FISUNOV\" 	#= 55
L13 	phiX174-V2_F2-4 	GAA AGC TCA GTC TCA GGA GGA AGC GGA GCA GTC CAA ATG TTT TTG AGA TGG CA 	(DMT ON) 	\"FISUNOV\" 	#= 53
M13 	phiX174-V2_F2-5 	CCT CCT GAG ACT GAG CTT TCT CGC CAA ATG ACG ACT TCT ACC ACA TCT 	(DMT ON) 	\"FISUNOV\" 	#= 48
N13 	phiX174-V2_F2-6 	AGC ATA AGC AGC TTG CAG ACC CAT AAT GTC AAT AGA TGT GGT AGA AGT CGT CAT T 	(DMT ON) 	\"FISUNOV\" 	#= 55
O13 	phiX174-V2_F2-7 	TCT GCA AGC TGC TTA TGC TAA TTT GCA TAC TGA CCA AGA ACG TGA TTA CTT CAT G 	(DMT ON) 	\"FISUNOV\" 	#= 55
P13 	phiX174-V2_F2-8 	TTT ACC TCC AAA TGA AGA AAT AAC ATC ATG GTA ACG CTG CAT GAA GTA ATC ACG TTC TTG GT 	(DMT ON) 	\"FISUNOV\" 	#= 62
A14 	phiX174-V2_F2-9 	GAT GTT ATT TCT TCA TTT GGA GGT AAA ACC TCT TAT GAC GCT GAC AAC CGT C 	(DMT ON) 	\"FISUNOV\" 	#= 52
B14 	phiX174-V2_F2-10 	AGA GAT TAG AGC GCA TGA CAA GTA AAG GAC GGT TGT CAG CGT CAT A 	(DMT ON) 	\"FISUNOV\" 	#= 46
C14 	phiX174-V2_F2-11 	TTG TCA TGC GCT CTA ATC TCT GGG CAT CTG GCT ATG ATG TTG ATG GA 	(DMT ON) 	\"FISUNOV\" 	#= 47
D14 	phiX174-V2_F2-12 	AAC TGG CCT AAC GAC GTT TGG TCA GTT CCA TCA ACA TCA TAG CCA GAT 	(DMT ON) 	\"FISUNOV\" 	#= 48
E14 	phiX174-V2_F2-13 	AAA CGT CGT TAG GCC AGT TTT CTG GTC GTG TTC AAC AGA CC 	(DMT ON) 	\"FISUNOV\" 	#= 41
F14 	phiX174-V2_F2-14 	CAG GAA CAA AGA AAC GCG GCA CAG AAT GTT TAT AGG TCT GTT GAA CAC GAC CA 	(DMT ON) 	\"FISUNOV\" 	#= 53
G14 	phiX174-V2_F2-15 	CCG CGT TTC TTT GTT CCT GAG CAT GGC ACT ATG TTT ACT CTT GCG CTT GTT CGT 	(DMT ON) 	\"FISUNOV\" 	#= 54
H14 	phiX174-V2_F2-16 	ATC TCT TTA GTC GCA GTA GGC GGA AAA CGA ACA AGC GCA AGA GTA 	(DMT ON) 	\"FISUNOV\" 	#= 45
I14 	phiX174-V2_F2-17 	GCC TAC TGC GAC TAA AGA GAT TCA GTA CCT TAA CGC TAA AGG TGC TTT GAC TTA T 	(DMT ON) 	\"FISUNOV\" 	#= 55
J14 	phiX174-V2_F2-18 	TAC AAA ACA GGG TCG CCA GCA ATA TCG GTA TAA GTC AAA GCA CCT TTA GCG 	(DMT ON) 	\"FISUNOV\" 	#= 51
K14 	phiX174-V2_F2-19 	CTG GCG ACC CTG TTT TGT ATG GCA ACT TGC CGC CGC GTG AAA TTT CTA TGA AGG A 	(DMT ON) 	\"FISUNOV\" 	#= 55
L14 	phiX174-V2_F2-20 	TCT TAA ACT TCT TAG ACG AAT CAC CAG AAC GGA AAA CAT CCT TCA TAG AAA TTT CAC GCG 	(DMT ON) 	\"FISUNOV\" 	#= 60
M14 	phiX174-V2_F2-21 	GGT GAT TCG TCT AAG AAG TTT AAG ATT GCT GAG GGT CAG TGG TAT CGT 	(DMT ON) 	\"FISUNOV\" 	#= 48
N14 	phiX174-V2_F2-22 	AGA AAC ATA CGA AGG CGC ATA ACG ATA CCA CTG ACC CTC A 	(DMT ON) 	\"FISUNOV\" 	#= 40
O14 	phiX174-V2_F2-23 	TGC GCC TTC GTA TGT TTC TCC TGC TTA TCA CCT TCT TGA AGG CTT CCC ATT CAT 	(DMT ON) 	\"FISUNOV\" 	#= 54
P14 	phiX174-V2_F2-24 	ACG CGT TCT TGC AAA TCA CCA GAA GGC GGT TCC TGA ATG AAT GGG AAG CCT TCA AGA 	(DMT ON) 	\"FISUNOV\" 	#= 57
A15 	phiX174-V2_F2-25 	GTG ATT TGC AAG AAC GCG TAC TTA TTC GCC ACC ATG ATT ATG 	(DMT ON) 	\"FISUNOV\" 	#= 42
B15 	phiX174-V2_F2-26 	AAC TGA ACG GAC TGG AAA CAC TGG TCA TAA TCA TGG TGG CGA ATA AGT 	(DMT ON) 	\"FISUNOV\" 	#= 48
C15 	phiX174-V2_F2-27 	TGT TTC CAG TCC GTT CAG TTG TTG CAG TGG AAT AGT CAG GTT AAA TTT AAT GTG ACC GT 	(DMT ON) 	\"FISUNOV\" 	#= 59
D15 	phiX174-V2_F2-28 	CAT GAT TGA ATC GCG AGT GGT CGG CAG ATT GCG ATA AAC GGT CAC ATT AAA TTT AAC CTG A 	(DMT ON) 	\"FISUNOV\" 	#= 61
E15 	phiX174-V2_F2-29 	CCA CTC GCG ATT CAA TCA TGA CTT CGT GAT AAA AGA TTG AGT GTG AGG TTA T 	(DMT ON) 	\"FISUNOV\" 	#= 52
F15 	phiX174-V2_F2-30 	CTC AGC GGC AAA AAT TAA AAT TTT TAC CGC TTC GGC GTT ATA ACC TCA CAC TCA ATC TTT TAT CA 	(DMT ON) 	\"FISUNOV\" 	#= 65
G15 	phiX174-V2_F2-31 	AAA AAT TTT AAT TTT TGC CGC TGA GGG GTT GAC CAA GCG AAG CGC GGT AGG TTT TCT 	(DMT ON) 	\"FISUNOV\" 	#= 57
H15 	phiX174-V2_F2-32 	AAG TCT GAA ACA TGA TTA AAC TCC TAA GCA GAA AAC CTA CCG CGC TTC 	(DMT ON) 	\"FISUNOV\" 	#= 48
I15 	phiX174-V2_F2-33 	AGG AGT TTA ATC ATG TTT CAG ACT TTT ATT TCT CGC CAT AAT TCA AAC TTT TT 	(DMT ON) 	\"FISUNOV\" 	#= 53
J15 	phiX174-V2_F2-34 	ACA GAA GTG AGA ACC AGC TTA TCA GAA AAA AAG TTT GAA TTA TGG CGA GAA A 	(DMT ON) 	\"FISUNOV\" 	#= 52
K15 	phiX174-V2_F2-35 	ATA AGC TGG TTC TCA CTT CTG TTA CTC CAG CTT CTT CGG CAC CTG TTT TAC A 	(DMT ON) 	\"FISUNOV\" 	#= 52
L15 	phiX174-V2_F2-36 	GTT GAC GAT GTA GCT TTA GGT GTC TGT AAA ACA GGT GCC GAA GA 	(DMT ON) 	\"FISUNOV\" 	#= 44
M15 	phiX174-V2_F2-37 	CAC CTA AAG CTA CAT CGT CAA CGT TAT ATT TTG ATA GTT TGA CGG TTA ATG CTG GTA ATG 	(DMT ON) 	\"FISUNOV\" 	#= 60
N15 	phiX174-V2_F2-38 	ATG TAT CCA TCT GAA TGC AAT GAA GAA AAC CAC CAT TAC CAG CAT TAA CCG TCA A 	(DMT ON) 	\"FISUNOV\" 	#= 55
O15 	phiX174-V2_F2-39 	TTC ATT GCA TTC AGA TGG ATA CAT CTG TCA ACG CCG CTA ATC AGG TTG TTT CTG 	(DMT ON) 	\"FISUNOV\" 	#= 54
P15 	phiX174-V2_F2-40 	GGT CGG CAT CAA AAG CAA TAT CAG CAC CAA CAG AAA CAA CCT GAT TAG CGG 	(DMT ON) 	\"FISUNOV\" 	#= 51
A16 	phiX174-V2_F2-41 	ATA TTG CTT TTG ATG CCG ACC CTA AAT TTT TTG CCT GTT TGG TTC G 	(DMT ON) 	\"FISUNOV\" 	#= 46
B16 	phiX174-V2_F2-42 	CGG AAC CGA AGA AGA CTC AAA GCG AAC CAA ACA GGC AAA AAA TT 	(DMT ON) 	\"FISUNOV\" 	#= 44
C16 	phiX174-V2_F2-43 	TTG AGT CTT CTT CGG TTC CGA CTA CCC TCC CGA CTG CCT ATG ATG TTT ATC CTT T 	(DMT ON) 	\"FISUNOV\" 	#= 55
D16 	phiX174-V2_F2-44 	AAT AAC CAC CAT CAT GGC GAC CAT TCA AAG GAT AAA CAT CAT AGG CAG TC 	(DMT ON) 	\"FISUNOV\" 	#= 50
E16 	phiX174-V2_F2-45 	TCG CCA TGA TGG TGG TTA TTA TAC CGT CAA GGA CTG TGT G 	(DMT ON) 	\"FISUNOV\" 	#= 40
F16 	phiX174-V2_F2-46 	CAC ACA GTC CTT GAC GGT AT 	(DMT ON) 	\"FISUNOV\" 	#= 20
G16 	phiX174-V2_F3-1 	TAC CGT CAA GGA CTG TGT GAC TAT TGA CGT CCT TCC CCG 	(DMT ON) 	\"FISUNOV\" 	#= 39
H16 	phiX174-V2_F3-2 	AAC ATA AAC GTT ATT GCC CGG CGT ACG GGG AAG GAC GTC AAT AG 	(DMT ON) 	\"FISUNOV\" 	#= 44
I16 	phiX174-V2_F3-3 	CCG GGC AAT AAC GTT TAT GTT GGT TTC ATG GTT TGG TCT AAC TTT AC 	(DMT ON) 	\"FISUNOV\" 	#= 47
J16 	phiX174-V2_F3-4 	GAT TCA GCG AAA CCA ATC CGC GGC ATT TAG TAG CGG TAA AGT TAG ACC AAA CCA TGA AAC 	(DMT ON) 	\"FISUNOV\" 	#= 60
K16 	phiX174-V2_F3-5 	CGG ATT GGT TTC GCT GAA TCA GGT TAT TAA AGA GAT TAT TTG TCT CCA GCC ACT TAA GT 	(DMT ON) 	\"FISUNOV\" 	#= 59
L16 	phiX174-V2_F3-6 	AAT AGC ACC AAA CAT AAA TCA CCT CAC TTA AGT GGC TGG AGA CAA A 	(DMT ON) 	\"FISUNOV\" 	#= 46
M16 	phiX174-V2_F3-7 	AGG TGA TTT ATG TTT GGT GCT ATT GCT GGC GGT ATT GCT TCT GCT CTT GC 	(DMT ON) 	\"FISUNOV\" 	#= 50
N16 	phiX174-V2_F3-8 	TGA CCG CCT CCA AAC AAT TTA GAC ATG GCG CCA CCA GCA AGA GCA GAA GCA ATA CC 	(DMT ON) 	\"FISUNOV\" 	#= 56
O16 	phiX174-V2_F3-9 	AAT TGT TTG GAG GCG GTC AAA AAG CCG CCT CCG GTG GCA TTC AAG GTG ATG TG 	(DMT ON) 	\"FISUNOV\" 	#= 53
P16 	phiX174-V2_F3-10 	CAT CAC CCA TGC CTA CAG TAT TGT TAT CGG TAG CAA GCA CAT CAC CTT GAA TGC CAC 	(DMT ON) 	\"FISUNOV\" 	#= 57
A17 	phiX174-V2_F3-11 	ATA CTG TAG GCA TGG GTG ATG CTG GTA TTA AAT CTG CCA TTC AAG GCT CTA ATG TTC C 	(DMT ON) 	\"FISUNOV\" 	#= 58
B17 	phiX174-V2_F3-12 	GCA CCA GAA ACA AAA CTA GGG GCG GCC TCA TCA GGG TTA GGA ACA TTA GAG CCT TGA ATG G 	(DMT ON) 	\"FISUNOV\" 	#= 61
C17 	phiX174-V2_F3-13 	CCC TAG TTT TGT TTC TGG TGC TAT GGC TAA AGC TGG TAA AGG ACT TC 	(DMT ON) 	\"FISUNOV\" 	#= 47
D17 	phiX174-V2_F3-14 	GCC TGC AAC GTA CCT TCA AGA AGT CCT TTA CCA GCT TTA GC 	(DMT ON) 	\"FISUNOV\" 	#= 41
E17 	phiX174-V2_F3-15 	TTG AAG GTA CGT TGC AGG CTG GCA CTT CTG CCG TTT CTG ATA AGT TGC TT 	(DMT ON) 	\"FISUNOV\" 	#= 50
F17 	phiX174-V2_F3-16 	GAC TTG CCA CCA AGT CCA ACC AAA TCA AGC AAC TTA TCA GAA ACG GC 	(DMT ON) 	\"FISUNOV\" 	#= 47
G17 	phiX174-V2_F3-17 	TTG GAC TTG GTG GCA AGT CTG CCG CTG ATA AAG GAA AGG ATA CTC GTG 	(DMT ON) 	\"FISUNOV\" 	#= 48
H17 	phiX174-V2_F3-18 	GGA AAT GCA GCA GCA AGA TAA TCA CGA GTA TCC TTT CCT TTA TCA G 	(DMT ON) 	\"FISUNOV\" 	#= 46
I17 	phiX174-V2_F3-19 	TTA TCT TGC TGC TGC ATT TCC TGA GCT TAA TGC TTG GGA GCG 	(DMT ON) 	\"FISUNOV\" 	#= 42
J17 	phiX174-V2_F3-20 	CAT ACC AGC AGA GGA AGC ATC AGC ACC AGC ACG CTC CCA AGC ATT AAG CT 	(DMT ON) 	\"FISUNOV\" 	#= 50
K17 	phiX174-V2_F3-21 	ATG CTT CCT CTG CTG GTA TGG TTG ACG CCG GAT TTG AGA A 	(DMT ON) 	\"FISUNOV\" 	#= 40
L17 	phiX174-V2_F3-22 	TGA TTG TCC AGT TGC ATT TTA GTA AGC TCT TTT TGA TTC TCA AAT CCG GCG TCA A 	(DMT ON) 	\"FISUNOV\" 	#= 55
M17 	phiX174-V2_F3-23 	ACT AAA ATG CAA CTG GAC AAT CAG AAA GAG ATT GCC GAG ATG CAA AAT 	(DMT ON) 	\"FISUNOV\" 	#= 48
N17 	phiX174-V2_F3-24 	AAT GCC AGC AAT CTC TTT TTG AGT CTC ATT TTG CAT CTC GGC AAT CTC 	(DMT ON) 	\"FISUNOV\" 	#= 48
O17 	phiX174-V2_F3-25 	TCA AAA AGA GAT TGC TGG CAT TCA GTC GGC GAC TTC ACG CCA GAA TAC GAA 	(DMT ON) 	\"FISUNOV\" 	#= 51
P17 	phiX174-V2_F3-26 	CAT TTT GTG CAT ATA CCT GGT CTT TCG TAT TCT GGC GTG AAG T 	(DMT ON) 	\"FISUNOV\" 	#= 43
A18 	phiX174-V2_F3-27 	AGA CCA GGT ATA TGC ACA AAA TGA GAT GCT TGC TTA TCA ACA GAA GG 	(DMT ON) 	\"FISUNOV\" 	#= 47
B18 	phiX174-V2_F3-28 	TTT CCA TAA TAG ACG CAA CGC GAG CAG TAG ACT CCT TCT GTT GAT AAG CAA GCA T 	(DMT ON) 	\"FISUNOV\" 	#= 55
C18 	phiX174-V2_F3-29 	GCG TTG CGT CTA TTA TGG AAA ACA CCA ATC TTT CCA AGC AAC 	(DMT ON) 	\"FISUNOV\" 	#= 42
D18 	phiX174-V2_F3-30 	GAG TAA GCA TTT GGC GCA TAA TCT CGG AAA CCT GCT GTT GCT TGG AAA GAT TGG TGT 	(DMT ON) 	\"FISUNOV\" 	#= 57
E18 	phiX174-V2_F3-31 	TTA TGC GCC AAA TGC TTA CTC AAG CTC AAA CGG CTG GTC AGT ATT 	(DMT ON) 	\"FISUNOV\" 	#= 45
F18 	phiX174-V2_F3-32 	AGT CAT TTC TTT GAT TTG GTC ATT GGT AAA ATA CTG ACC AGC CGT TTG A 	(DMT ON) 	\"FISUNOV\" 	#= 49
G18 	phiX174-V2_F3-33 	CAA TGA CCA AAT CAA AGA AAT GAC TCG CAA GGT TAG TGC TGA GGT 	(DMT ON) 	\"FISUNOV\" 	#= 45
H18 	phiX174-V2_F3-34 	TAC CGC TGA TTC TGC GTT TGC TGA TGA ACT AAG TCA ACC TCA GCA CTA ACC TTG C 	(DMT ON) 	\"FISUNOV\" 	#= 55
I18 	phiX174-V2_F3-35 	AAA CGC AGA ATC AGC GGT ATG GCT CTT CTC ATA TTG GCG CTA CTG CAA AGG ATA 	(DMT ON) 	\"FISUNOV\" 	#= 54
J18 	phiX174-V2_F3-36 	CCA GAA GCA GCA TCA GTG ACG ACA TTA GAA ATA TCC TTT GCA GTA GCG CC 	(DMT ON) 	\"FISUNOV\" 	#= 50
K18 	phiX174-V2_F3-37 	TCA CTG ATG CTG CTT CTG GTG TGG TTG ATA TTT TTC ATG GTA TTG 	(DMT ON) 	\"FISUNOV\" 	#= 45
L18 	phiX174-V2_F3-38 	CAA GTA TCG GCA ACA GCT TTA TCA ATA CCA TGA AAA ATA TCA ACC ACA 	(DMT ON) 	\"FISUNOV\" 	#= 48
M18 	phiX174-V2_F3-39 	ATA AAG CTG TTG CCG ATA CTT GGA ACA ATT TCT GGA AAG ACG GTA AAG CT 	(DMT ON) 	\"FISUNOV\" 	#= 50
N18 	phiX174-V2_F3-40 	CCT AGA CAA ATT AGA GCC AAT ACC ATC AGC TTT ACC GTC TTT CCA GAA 	(DMT ON) 	\"FISUNOV\" 	#= 48
O18 	phiX174-V2_F3-41 	GGT ATT GGC TCT AAT TTG TCT AGG AAA TAA CCG TCA GGA TTG ACA CCC TCC CAA TTG TAT GTT 	(DMT ON) 	\"FISUNOV\" 	#= 63
P18 	phiX174-V2_F3-42 	AAA AAG CCT CCA AGA TTT GGA GGC ATG AAA ACA TAC AAT TGG GAG GGT GT 	(DMT ON) 	\"FISUNOV\" 	#= 50
A19 	phiX174-V2_F3-43 	CTC CAA ATC TTG GAG GCT TTT TTA TGG TTC GTT CTT ATT ACC CTT CTG AAT GTC ACG CT 	(DMT ON) 	\"FISUNOV\" 	#= 59
B19 	phiX174-V2_F3-44 	AGG TTT AAG AGC CTC GAT ACG CTC AAA GTC AAA ATA ATC AGC GTG ACA TTC AGA AGG G 	(DMT ON) 	\"FISUNOV\" 	#= 58
C19 	phiX174-V2_F3-45 	CGT ATC GAG GCT CTT AAA CCT GCT ATT GAG GCT TGT GGC ATT TCT ACT CTT TCT CAA TC 	(DMT ON) 	\"FISUNOV\" 	#= 59
D19 	phiX174-V2_F3-46 	ATG CGG TTA TCC ATC TGC TTA TGG AAG CCA AGC ATT GGG GAT TGA GAA AGA GTA GAA ATG CCA 	(DMT ON) 	\"FISUNOV\" 	#= 63
E19 	phiX174-V2_F4-1 	AGC AGA TGG ATA ACC GCA TCA AGC TCT TGG AAG AGA TTC TGT 	(DMT ON) 	\"FISUNOV\" 	#= 42
F19 	phiX174-V2_F4-2 	TAT CGA ACT CAA CGC CCT GCA TAC GAA AAG ACA GAA TCT CTT CCA AGA GCT T 	(DMT ON) 	\"FISUNOV\" 	#= 52
G19 	phiX174-V2_F4-3 	CAG GGC GTT GAG TTC GAT AAT GGT GAT ATG TAT GTT GAC GGC CA 	(DMT ON) 	\"FISUNOV\" 	#= 44
H19 	phiX174-V2_F4-4 	ACA GAT ACA AAC TCA TCA CGA ACG TCA GAA GCA GCC TTA TGG CCG TCA ACA TAC ATA TCA 	(DMT ON) 	\"FISUNOV\" 	#= 60
I19 	phiX174-V2_F4-5 	GTT CGT GAT GAG TTT GTA TCT GTT ACT GAG AAG TTA ATG GAT GAA TTG GCA CAA TGC 	(DMT ON) 	\"FISUNOV\" 	#= 57
J19 	phiX174-V2_F4-6 	ATA TCA AGT TGG GGG AGC ACA TTG TAG CAT TGT GCC AAT TCA TCC A 	(DMT ON) 	\"FISUNOV\" 	#= 46
K19 	phiX174-V2_F4-7 	GTG CTC CCC CAA CTT GAT ATT AAT AAC ACT ATA GAC CAC CGC C 	(DMT ON) 	\"FISUNOV\" 	#= 43
L19 	phiX174-V2_F4-8 	AAA AAC CAT TTT TCG TCC CCT TCG GGG CGG TGG TCT ATA GTG TTA T 	(DMT ON) 	\"FISUNOV\" 	#= 46
M19 	phiX174-V2_F4-9 	AAG GGG ACG AAA AAT GGT TTT TAG AGA ACG AGA AGA CGG TTA CG 	(DMT ON) 	\"FISUNOV\" 	#= 44
N19 	phiX174-V2_F4-10 	TTA AGA GGG CGT TCA GCA GCC AGC TTG CGG CAA AAC TGC GTA ACC GTC TTC TCG TTC T 	(DMT ON) 	\"FISUNOV\" 	#= 58
O19 	phiX174-V2_F4-11 	CTG CTG AAC GCC CTC TTA AGG ATA TTC GCG ATG AGT ATA ATT ACC C 	(DMT ON) 	\"FISUNOV\" 	#= 46
P19 	phiX174-V2_F4-12 	TGA ACA CTC ATC CTT AAT ACC TTT CTT TTT GGG GTA ATT ATA CTC ATC GCG AAT AT 	(DMT ON) 	\"FISUNOV\" 	#= 56
A20 	phiX174-V2_F4-13 	GAA AGG TAT TAA GGA TGA GTG TTC AAG ATT GCT GGA GGC CTC CAC TAT GAA 	(DMT ON) 	\"FISUNOV\" 	#= 51
B20 	phiX174-V2_F4-14 	ACG CTG AAT AGC AAA GCC TCT ACG CGA TTT CAT AGT GGA GGC CTC CA 	(DMT ON) 	\"FISUNOV\" 	#= 47
C20 	phiX174-V2_F4-15 	AGG CTT TGC TAT TCA GCG TTT GAT GAA TGC AAT GCG ACA G 	(DMT ON) 	\"FISUNOV\" 	#= 40
D20 	phiX174-V2_F4-16 	GTG TCA AAA ACG ATA AAC CAA CCA TCA GCA TGA GCC TGT CGC ATT GCA TTC ATC A 	(DMT ON) 	\"FISUNOV\" 	#= 55
E20 	phiX174-V2_F4-17 	GGT TGG TTT ATC GTT TTT GAC ACT CTC ACG TTG GCT GAC GAC CGA TTA GAG 	(DMT ON) 	\"FISUNOV\" 	#= 51
F20 	phiX174-V2_F4-18 	CGC AAA GCA TTG GGA TTA TCA TAA AAC GCC TCT AAT CGG TCG TCA GCC 	(DMT ON) 	\"FISUNOV\" 	#= 48
G20 	phiX174-V2_F4-19 	TGA TAA TCC CAA TGC TTT GCG TGA CTA TTT TCG TGA TAT TGG TCG TAT GG 	(DMT ON) 	\"FISUNOV\" 	#= 50
H20 	phiX174-V2_F4-20 	ATC ATT AGC CTT GCG ACC CTC GGC AGC AAG AAC CAT ACG ACC AAT ATC ACG AAA A 	(DMT ON) 	\"FISUNOV\" 	#= 55
I20 	phiX174-V2_F4-21 	GGG TCG CAA GGC TAA TGA TTC ACA CGC CGA CTG CTA TCA GTA TTT TTG T 	(DMT ON) 	\"FISUNOV\" 	#= 49
J20 	phiX174-V2_F4-22 	AAT GAA GAC GGC CAT TAG CTG TAC CAT ACT CAG GCA CAC AAA AAT ACT GAT AGC AGT CGG 	(DMT ON) 	\"FISUNOV\" 	#= 60
K20 	phiX174-V2_F4-23 	AGC TAA TGG CCG TCT TCA TTT CCA TGC GGT GCA CTT TAT 	(DMT ON) 	\"FISUNOV\" 	#= 39
L20 	phiX174-V2_F4-24 	CGC TAC CTG TAG GAA GTG TCC GCA TAA AGT GCA CCG CAT GGA 	(DMT ON) 	\"FISUNOV\" 	#= 42
M20 	phiX174-V2_F4-25 	GAC ACT TCC TAC AGG TAG CGT TGA CCC TAA TTT TGG TCG TCG GGT ACG 	(DMT ON) 	\"FISUNOV\" 	#= 48
N20 	phiX174-V2_F4-26 	ACG TAT TTT GCA AGC TAT TTA ACT GGC GGC GAT TGC GTA CCC GAC GAC CAA AAT 	(DMT ON) 	\"FISUNOV\" 	#= 54
O20 	phiX174-V2_F4-27 	CAG TTA AAT AGC TTG CAA AAT ACG TGG CCT TAT GGT TAC AGT ATG CCC ATC G 	(DMT ON) 	\"FISUNOV\" 	#= 52
P20 	phiX174-V2_F4-28 	AAC CAG AAC GTG AAA AAG CGT CCT GCG TGT AGC GAA CTG CGA TGG GCA TAC TGT AAC CA 	(DMT ON) 	\"FISUNOV\" 	#= 59
A21 	phiX174-V2_F4-29 	CGC TTT TTC ACG TTC TGG TTG GTT GTG GCC TGT TGA TGC TAA AGG TGA GC 	(DMT ON) 	\"FISUNOV\" 	#= 50
B21 	phiX174-V2_F4-30 	ACA GCC ATA TAA CTG GTA GCT TTA AGC GGC TCA CCT TTA GCA TCA ACA G 	(DMT ON) 	\"FISUNOV\" 	#= 49
C21 	phiX174-V2_F4-31 	AAG CTA CCA GTT ATA TGG CTG TTG GTT TCT ATG TGG CTA AAT ACG TTA ACA AAA AG 	(DMT ON) 	\"FISUNOV\" 	#= 56
D21 	phiX174-V2_F4-32 	GCA GCA AGG TCC ATA TCT GAC TTT TTG TTA ACG TAT TTA GCC ACA 	(DMT ON) 	\"FISUNOV\" 	#= 45
E21 	phiX174-V2_F4-33 	TCA GAT ATG GAC CTT GCT GCT AAA GGT CTA GGA GCT AAA GAA TGG AAC AAC TCA C 	(DMT ON) 	\"FISUNOV\" 	#= 55
F21 	phiX174-V2_F4-34 	GAA GTA GCG ACA GCT TGG TTT TTA GTG AGT TGT TCC ATT CTT TAG CT 	(DMT ON) 	\"FISUNOV\" 	#= 47
G21 	phiX174-V2_F4-35 	ACC AAG CTG TCG CTA CTT CCC AAG AAG CTG TTC AGA ATC AGA ATG AGC C 	(DMT ON) 	\"FISUNOV\" 	#= 49
H21 	phiX174-V2_F4-36 	ATT GTG AGC ATT TTC ATC CCG AAG TTG CGG CTC ATT CTG ATT CTG AAC AG 	(DMT ON) 	\"FISUNOV\" 	#= 50
I21 	phiX174-V2_F4-37 	CGG GAT GAA AAT GCT CAC AAT GAC AAA TCT GTC CAC GGA GTG CTT AAT CCA ACT TAC 	(DMT ON) 	\"FISUNOV\" 	#= 57
J21 	phiX174-V2_F4-38 	TAT CTG GTT GAA CGG CGT CGC GTC GTA ACC CAG CTT GGT AAG TTG GAT TAA GCA CTC CG 	(DMT ON) 	\"FISUNOV\" 	#= 59
K21 	phiX174-V2_F4-39 	GAC GCC GTT CAA CCA GAT ATT GAA GCA GAA CGC AAA AAG A 	(DMT ON) 	\"FISUNOV\" 	#= 40
L21 	phiX174-V2_F4-40 	AGT AAC TTT TCC CAG CCT CAA TCT CAT CTC TCT TTT TGC GTT CTG CTT CAA 	(DMT ON) 	\"FISUNOV\" 	#= 51
M21 	phiX174-V2_F4-41 	TTG AGG CTG GGA AAA GTT ACT GTA GCC GAC GTT TTG GCG GCG CAA CCT GTG ACG ACA AAT 	(DMT ON) 	\"FISUNOV\" 	#= 60
N21 	phiX174-V2_F4-42 	TTT TAT CGA AGC GCG CAT AAA TTT GAG CAG ATT TGT CGT CAC AGG TTG C 	(DMT ON) 	\"FISUNOV\" 	#= 49
O21 	phiX174-V2_F4-43 	TTT ATG CGC GCT TCG ATA AAA ATG ATT GGC GTA TCC AAC CTG CA 	(DMT ON) 	\"FISUNOV\" 	#= 44
P21 	phiX174-V2_F4-44 	TGC AGG TTG GAT ACG CCA ATC AT 	(DMT ON) 	\"FISUNOV\" 	#= 23
A22 	phiX174-V2_F1_P-F_(pTZ/F) 	CGA CGG GCC CGG GAT CCG ATG AGT TTT ATC GCT TCC ATG AC 	(DMT OFF) 	\"FISUNOV\" 	#= 41
B22 	phiX174-V2_F1_P-R_(pTZ/F) 	CCT CGC GAA TGC ATC TAG ATC CAC GGC GCT TTA AAA TAG T 	(DMT OFF) 	\"FISUNOV\" 	#= 40
C22 	phiX174-V2_F2_P-F_(pTZ/F) 	CGA CGG GCC CGG GAT CCG ATA CTA TTT TAA AGC GCC GTG G 	(DMT OFF) 	\"FISUNOV\" 	#= 40
D22 	phiX174-V2_F2_P-R_(pTZ/F) 	CCT CGC GAA TGC ATC TAG ATC ACA CAG TCC TTG ACG GTA 	(DMT OFF) 	\"FISUNOV\" 	#= 39
E22 	phiX174-V2_F3_P-F_(pTZ/F) 	CGA CGG GCC CGG GAT CCG ATT ACC GTC AAG GAC TGT GTG 	(DMT OFF) 	\"FISUNOV\" 	#= 39
F22 	phiX174-V2_F3_P-R_(pTZ/F) 	CCT CGC GAA TGC ATC TAG ATA TGC GGT TAT CCA TCT GCT 	(DMT OFF) 	\"FISUNOV\" 	#= 39
G22 	phiX174-V2_F4_P-F_(pTZ/F) 	CGA CGG GCC CGG GAT CCG ATA GCA GAT GGA TAA CCG CAT 	(DMT OFF) 	\"FISUNOV\" 	#= 39
H22 	phiX174-V2_F4_P-R_(pTZ/F) 	CCT CGC GAA TGC ATC TAG ATT GCA GGT TGG ATA CGC 	(DMT OFF) 	\"FISUNOV\" 	#= 36
I22 	phiX174-V2_F1_P-F_T 	GAT AAA AAT GAT TGG CGT ATC CAA CCT GCA GAG TTT TAT CGC TTC CAT GAC 	(DMT OFF) 	\"FISUNOV\" 	#= 51
J22 	phiX174-V2_F1_P-R_T 	GCC TCG GTA CGG TCA GGC ATC CAC GGC GCT TTA AAA TAG T 	(DMT OFF) 	\"FISUNOV\" 	#= 40
K22 	phiX174-V2_F2_P-F_T 	TTA TTT GAA TAT CTA TAA CAA CTA TTT TAA AGC GCC GTG G 	(DMT OFF) 	\"FISUNOV\" 	#= 40
L22 	phiX174-V2_F2_P-R_T 	ACG GGG AAG GAC GTC AAT AGT CAC ACA GTC CTT GAC GGT A 	(DMT OFF) 	\"FISUNOV\" 	#= 40
M22 	phiX174-V2_F3_P-F_T 	TCG CCA TGA TGG TGG TTA TTA TAC CGT CAA GGA CTG TGT G 	(DMT OFF) 	\"FISUNOV\" 	#= 40
N22 	phiX174-V2_F3_P-R_T 	AGA ATC TCT TCC AAG AGC TTG ATG CGG TTA TCC ATC TGC T 	(DMT OFF) 	\"FISUNOV\" 	#= 40
O22 	phiX174-V2_F4_P-F_T 	CCC CAA TGC TTG GCT TCC ATA AGC AGA TGG ATA ACC GCA T 	(DMT OFF) 	\"FISUNOV\" 	#= 40
P22 	phiX174-V2_F4_P-R_T 	AAC TTC TGC GTC ATG GAA GCG ATA AAA CTC TGC AGG TTG GAT ACG C 	(DMT OFF) 	\"FISUNOV\" 	#= 46
A23 	pRS426G-F2 	ATC GGA TCC CGG GCC CGT CGA CTG CAG AGG CGC GCT TGG CGT AAT CAT GGT C 	(DMT OFF) 	\"FISUNOV\" 	#= 52
B23 	pRS426G-R2 	ATC TAG ATG CAT TCG CGA GGT ACC GAG CTC CAA GCT TAT CGA TAC CGT CG 	(DMT OFF) 	\"FISUNOV\" 	#= 50
C23 	pRM5L2-X 	CTC GAG TAT CCT CCT TTC AG 	(DMT OFF) 	\"FISUNOV\" 	#= 20
D23 	pRM5L2-N 	CCA TGG ACA TCT GCA GAA AAT C 	(DMT OFF) 	\"FISUNOV\" 	#= 22
E23 	CAHS94-F 	AAA CTG AAA GGA GGA TAC TCG AGA TGT CAG GTC GTA ATG TGG AG 	(DMT OFF) 	\"FISUNOV\" 	#= 44
F23 	CAHS94-R 	TCC ATA TCT TGG ATC CTC CTT TAG TTA CGC TTA ATC TCC ATC 	(DMT OFF) 	\"FISUNOV\" 	#= 42
G23 	CAHS106-F 	GAT GGA GAT TAA GCG TAA CTA AAG GAG GAT CCA AGA TAT GGA 	(DMT OFF) 	\"FISUNOV\" 	#= 42
H23 	CAHS106-R 	AGA TTT TCT GCA GAT GTC CAT GGT TAT CTC TTC ATT TCT CTG TTC C 	(DMT OFF) 	\"FISUNOV\" 	#= 46
I23 	Fpic9k 	CCT AGG GCG GCC GCG AAT TAA 	(DMT OFF) 	\"DANIS\" 	#= 21
J23 	Rpic9k 	GAA TTC TAC GTA AGC TTC AG 	(DMT OFF) 	\"DANIS\" 	#= 20
K23 	Fgfppic 	TGA AGC TTA CGT AGA ATT CAT GGC TAG CAA AGG AGA AGA A 	(DMT OFF) 	\"DANIS\" 	#= 40
L23 	Rgfppic 	TTA ATT CGC GGC CGC CCT AGG CAC CAC CAC CAC CAC CAC TTT GTA GAG CTC ATC CAT GCC 	(DMT OFF) 	\"DANIS\" 	#= 60
M23 	Fsacaox 	GAT CTA ACA TCC AAA GAC GAA AGG TTG AAT G 	(DMT OFF) 	\"DANIS\" 	#= 31
N23 	Rsacaox 	TTC GAA TAA TTA GTT GTT TTT TGA TCT TCT 	(DMT OFF) 	\"DANIS\" 	#= 30
O23 	Fsachis 	GAT CTA ACA TCC AAA GAC GAA AGG TTG AAT G 	(DMT OFF) 	\"DANIS\" 	#= 31
P23 	Rsachis 	GAT CTT GAG ATA AAT TTC ACG TTT AAA ATC A 	(DMT OFF) 	\"DANIS\" 	#= 31
A1 	Calibration 	AAA AAA AAA AAA AAA AAA AAA AAA A 	(DMT OFF) 	\"KUZMINA\" 	#= 25
B1 	Calibration 	TTT TTT TTT TTT TTT TTT TTT TTT T 	(DMT OFF) 	\"KUZMINA\" 	#= 25
C1 	Calibration 	AGA GAG AGA GAG AGA GAG AGA GAG A 	(DMT OFF) 	\"KUZMINA\" 	#= 25
D1 	Calibration 	CCC CCC CCC CCC CCC CCC CCC CCC C 	(DMT OFF) 	\"KUZMINA\" 	#= 25
E1 	Calibration 	AAA AAA AAA AAA AAA AAA AAA AAA A 	(DMT OFF) 	\"KUZMINA\" 	#= 25
F1 	Calibration 	TTT TTT TTT TTT TTT TTT TTT TTT T 	(DMT OFF) 	\"KUZMINA\" 	#= 25
G1 	Calibration 	AGA GAG AGA GAG AGA GAG AGA GAG A 	(DMT OFF) 	\"KUZMINA\" 	#= 25
H1 	Calibration 	CCC CCC CCC CCC CCC CCC CCC CCC C 	(DMT OFF) 	\"KUZMINA\" 	#= 25
I1 	Calibration 	AAA AAA AAA AAA AAA AAA AAA AAA A 	(DMT OFF) 	\"KUZMINA\" 	#= 25
J1 	Calibration 	TTT TTT TTT TTT TTT TTT TTT TTT T 	(DMT OFF) 	\"KUZMINA\" 	#= 25
K1 	Calibration 	AGA GAG AGA GAG AGA GAG AGA GAG A 	(DMT OFF) 	\"KUZMINA\" 	#= 25
L1 	Calibration 	CCC CCC CCC CCC CCC CCC CCC CCC C 	(DMT OFF) 	\"KUZMINA\" 	#= 25
M1 	Calibration 	AAA AAA AAA AAA AAA AAA AAA AAA A 	(DMT OFF) 	\"KUZMINA\" 	#= 25
N1 	Calibration 	TTT TTT TTT TTT TTT TTT TTT TTT T 	(DMT OFF) 	\"KUZMINA\" 	#= 25
O1 	Calibration 	AGA GAG AGA GAG AGA GAG AGA GAG A 	(DMT OFF) 	\"KUZMINA\" 	#= 25
P1 	Calibration 	CCC CCC CCC CCC CCC CCC CCC CCC C 	(DMT OFF) 	\"KUZMINA\" 	#= 25
A2 	515F 	GTG CCA GCM GCC GCG GTA A 	(DMT OFF) 	\"VVEDENSKII\" 	#= 19
B2 	806R 	GGA CTA CHV GGG TWT CTA AT 	(DMT OFF) 	\"VVEDENSKII\" 	#= 20
C2 	27F 	AGA GTT TGA TYM TGG CTC AG 	(DMT OFF) 	\"VVEDENSKII\" 	#= 20
D2 	338R 	GCT GCC TCC CGT AGG AGT 	(DMT OFF) 	\"VVEDENSKII\" 	#= 18
E2 	rLuc-myco_F0-1 	AGG AGG TTT AAG ATA TGA CTT CTA AGG TTT ATG ATC CTG AAT TAA GAA AAA GA 	(DMT ON) 	\"Alekhina\" 	#= 53
F2 	rLuc-myco_F0-2 	ACT GAG GTC CTG TAA TCA TTC TTT TTC TTA ATT CAG GAT CAT 	(DMT ON) 	\"Alekhina\" 	#= 42
G2 	rLuc-myco_F0-3 	ATG ATT ACA GGA CCT CAG TGG TGG GCA AGA TGT AAA CAA AT 	(DMT ON) 	\"Alekhina\" 	#= 41
H2 	rLuc-myco_F0-4 	ATA AAT GAA TCA AGC ACG TTC ATT TGT TTA CAT CTT GCC C 	(DMT ON) 	\"Alekhina\" 	#= 40
I2 	rLuc-myco_F0-5 	AAC GTG CTT GAT TCA TTT ATT AAT TAC TAT GAT TCT GAA AAA CAT GCT GAG 	(DMT ON) 	\"Alekhina\" 	#= 51
J2 	rLuc-myco_F0-6 	CAT TAC CAT GTA AAA AAA TCA CAG CAT TCT CAG CAT GTT TTT CAG AA 	(DMT ON) 	\"Alekhina\" 	#= 47
K2 	rLuc-myco_F0-7 	TGT GAT TTT TTT ACA TGG TAA TGC TGC GTC ATC ATA TTT ATG GCG 	(DMT ON) 	\"Alekhina\" 	#= 45
L2 	rLuc-myco_F0-8 	GGT TCA ACA TGA GGA ACT ACG TGA CGC CAT AAA TAT GAT GAC G 	(DMT ON) 	\"Alekhina\" 	#= 43
M2 	rLuc-myco_F0-9 	TAG TTC CTC ATG TTG AAC CTG TTG CAA GAT GTA TCA TCC CAG ACC TAA TTG 	(DMT ON) 	\"Alekhina\" 	#= 51
N2 	rLuc-myco_F0-10 	CAG ATT TAC CTG ATT TTC CCA TAC CAA TTA GGT CTG GGA TGA T 	(DMT ON) 	\"Alekhina\" 	#= 43
O2 	rLuc-myco_F0-11 	GGG AAA ATC AGG TAA ATC TGG TAA TGG TTC TTA TAG ATT ATT AGA CCA TTA TAA GT 	(DMT ON) 	\"Alekhina\" 	#= 56
P2 	rLuc-myco_F0-12 	TTA AGT GTT TAA ACC ACT CAG TTA AAT ACT TAT AAT GGT CTA ATA ATC TAT AAG A 	(DMT ON) 	\"Alekhina\" 	#= 55
A3 	rLuc-myco_F0-13 	CTG AGT GGT TTA AAC ACT TAA ACT TAC CTA AGA AAA TTA TTT TTG TTG 	(DMT ON) 	\"Alekhina\" 	#= 48
B3 	rLuc-myco_F0-14 	ACA ATA ATG AAA AGC TAA ACA TGC ACC CCA ATC GTG TCC AAC AAA AAT AAT TTT CTT AGG TAA G 	(DMT ON) 	\"Alekhina\" 	#= 64
C3 	rLuc-myco_F0-15 	CAT GTT TAG CTT TTC ATT ATT GTT ACG AAC ACC AGG ATA GAA TTA AGG C 	(DMT ON) 	\"Alekhina\" 	#= 49
D3 	rLuc-myco_F0-16 	ATA ACA TCT ACA ACA GAC TCA GCG TGC ACT ACT GCC TTA ATT CTA TCC TGG T 	(DMT ON) 	\"Alekhina\" 	#= 52
E3 	rLuc-myco_F0-17 	TGA GTC TGT TGT AGA TGT TAT TGA ATC TTG GGA TGA ATG GCC TGA TAT CGA AGA GGA TAT 	(DMT ON) 	\"Alekhina\" 	#= 60
F3 	rLuc-myco_F0-18 	TTT TTC ACC TTC TTC AGA TTT GAT AAG AGC AAT ATC CTC TTC GAT ATC AGG 	(DMT ON) 	\"Alekhina\" 	#= 51
G3 	rLuc-myco_F0-19 	AAA TCT GAA GAA GGT GAA AAA ATG GTA TTA GAA AAC AAT TTT TTT GTT GAA ACA ATG 	(DMT ON) 	\"Alekhina\" 	#= 57
H3 	rLuc-myco_F0-20 	TTC AGG TTC TAA CTT TCT CAT AAT TTT AGA AGG TAA CAT TGT TTC AAC AAA AAA ATT GT 	(DMT ON) 	\"Alekhina\" 	#= 59
I3 	rLuc-myco_F0-21 	TGA GAA AGT TAG AAC CTG AAG AAT TCG CAG CAT ATT TAG AAC CAT T 	(DMT ON) 	\"Alekhina\" 	#= 46
J3 	rLuc-myco_F0-22 	CTT CTA ACT TCT CCT TTT TCT TTA AAT GGT TCT AAA TAT GCT GC 	(DMT ON) 	\"Alekhina\" 	#= 44
K3 	rLuc-myco_F0-23 	AAG AAA AAG GAG AAG TTA GAA GAC CTA CCT TAT CGT GGC CGA GAG AAA TCC CGT TAG TTA A 	(DMT ON) 	\"Alekhina\" 	#= 61
L3 	rLuc-myco_F0-24 	TTC AAC AAC ATC AGG TTT ACC ACC TTT AAC TAA CGG GAT TTC TCT 	(DMT ON) 	\"Alekhina\" 	#= 45
M3 	rLuc-myco_F0-25 	GTA AAC CTG ATG TTG TTG AAA TTG TTA GAA ATT ATA ATG CAT ATC TTA G 	(DMT ON) 	\"Alekhina\" 	#= 49
N3 	rLuc-myco_F0-26 	GAA CAT CTT TGG TAA ATC GTG CGA AGC TCT AAG ATA TGC ATT ATA ATT TCT AAC A 	(DMT ON) 	\"Alekhina\" 	#= 55
O3 	rLuc-myco_F0-27 	ACG ATT TAC CAA AGA TGT TCA TTG AAT CAG ATC CTG GTT TTT TCT 	(DMT ON) 	\"Alekhina\" 	#= 45
P3 	rLuc-myco_F0-28 	AAA TTT TTT AGC CCC TTC AAC AAT TGC ATT TGA GAA AAA ACC AGG ATC TGA 	(DMT ON) 	\"Alekhina\" 	#= 51
A4 	rLuc-myco_F0-29 	TTG AAG GGG CTA AAA AAT TTC CAA ACA CCG AAT TCG TGA AAG TTA AAG GTT TAC ATT T 	(DMT ON) 	\"Alekhina\" 	#= 58
B4 	rLuc-myco_F0-30 	ATA ATT TCC CAT TTC ATC AGG TGC ATC TTC TTG AGA AAA ATG TAA ACC TTT AAC TTT CAC 	(DMT ON) 	\"Alekhina\" 	#= 60
C4 	rLuc-myco_F0-31 	CCT GAT GAA ATG GGA AAT TAT ATT AAG TCA TTT GTT GAA CGT GTT TTA AAG AAC GAA CAA TAA 	(DMT ON) 	\"Alekhina\" 	#= 63
D4 	rLuc-myco_F0-32 	TTA TTG TTC GTT CTT TAA AAC ACG TTC AAC AAA TGA 	(DMT ON) 	\"Alekhina\" 	#= 36
E4 	rLuc-myco_F0_P-F_(pTZ/F) 	CGA CGG GCC CGG GAT CCG ATA GGA GGT TTA AGA TAT GAC TTC TAA G 	(DMT OFF) 	\"Alekhina\" 	#= 46
F4 	rLuc-myco_F0_P-R_(pTZ/F) 	CCT CGC GAA TGC ATC TAG ATT TAT TGT TCG TTC TTT AAA ACA CGT 	(DMT OFF) 	\"Alekhina\" 	#= 45
G4 	sfGFP-myco_F0-1 	AGG AGG TTT AAG ATA TGT CAA AAG GTG AAG AAT TAT TCA CAG GAG TT 	(DMT ON) 	\"Alekhina\" 	#= 47
H4 	sfGFP-myco_F0-2 	TTT ACA TCA CCG TCT AAC TCC ACT AAG ATT GGA ACA ACT CCT GTG AAT AAT TCT TC 	(DMT ON) 	\"Alekhina\" 	#= 56
I4 	sfGFP-myco_F0-3 	AGT TAG ACG GTG ATG TAA ATG GAC ATA AAT TTT CAG TTC GTG 	(DMT ON) 	\"Alekhina\" 	#= 42
J4 	sfGFP-myco_F0-4 	TTA GTT TAC CAA TCG TTG CAT CCC CCT CTC CCT CTC CAC GAA CTG AAA ATT TAT GTC 	(DMT ON) 	\"Alekhina\" 	#= 57
K4 	sfGFP-myco_F0-5 	GCA ACG ATT GGT AAA CTA ACA TTA AAA TTT ATT TGT ACT ACT GGT AAA TTA CC 	(DMT ON) 	\"Alekhina\" 	#= 53
L4 	sfGFP-myco_F0-6 	TGT TAA TGT AGT AAC AAG AGT AGG CCA AGG CAC CGG TAA TTT ACC AGT AGT ACA AA 	(DMT ON) 	\"Alekhina\" 	#= 56
M4 	sfGFP-myco_F0-7 	CTA CTC TTG TTA CTA CAT TAA CAT ATG GTG TAC AAT GTT TCT CTA GAT AT 	(DMT ON) 	\"Alekhina\" 	#= 50
N4 	sfGFP-myco_F0-8 	CTG ATT TGA AGA AAT CGT GAC GTT TCA TGT GGT CAG GAT ATC TAG AGA AAC ATT GTA CAC 	(DMT ON) 	\"Alekhina\" 	#= 60
O4 	sfGFP-myco_F0-9 	TCA CGA TTT CTT CAA ATC AGC GAT GCC AGA AGG TTA TGT TCA AGA ACG TAC TAT C 	(DMT ON) 	\"Alekhina\" 	#= 55
P4 	sfGFP-myco_F0-10 	TCT AGT TTT ATA TTT ACC ATC ATC TTT AAA AGA GAT AGT ACG TTC TTG AAC ATA A 	(DMT ON) 	\"Alekhina\" 	#= 55
A5 	sfGFP-myco_F0-11 	AGA TGA TGG TAA ATA TAA AAC TAG AGC AGT TGT TAA ATT CGA AGG AG 	(DMT ON) 	\"Alekhina\" 	#= 47
B5 	sfGFP-myco_F0-12 	TTA ATT CAA TAC GAT TAA CTA ATG TAT CTC CTT CGA ATT TAA CAA CT 	(DMT ON) 	\"Alekhina\" 	#= 47
C5 	sfGFP-myco_F0-13 	ATA CAT TAG TTA ATC GTA TTG AAT TAA AAG GAA CCG ATT TTA AAG AAG 	(DMT ON) 	\"Alekhina\" 	#= 48
D5 	sfGFP-myco_F0-14 	CTA ACT TAT GAC CTA GGA TAT TAC CAT CTT CTT TAA AAT CGG TTC CT 	(DMT ON) 	\"Alekhina\" 	#= 47
E5 	sfGFP-myco_F0-15 	GTA ATA TCC TAG GTC ATA AGT TAG AAT ATA ATT TTA ATT CAC ATA ACG TTT ATA TTA CA 	(DMT ON) 	\"Alekhina\" 	#= 59
F5 	sfGFP-myco_F0-16 	AGC TTT GAT ACC ATT TTT TTG TTT ATC TGC TGT AAT ATA AAC GTT ATG TGA ATT AA 	(DMT ON) 	\"Alekhina\" 	#= 56
G5 	sfGFP-myco_F0-17 	CAA AAA AAT GGT ATC AAA GCT AAT TTT ACT GTT AGA CAT AAC GT 	(DMT ON) 	\"Alekhina\" 	#= 44
H5 	sfGFP-myco_F0-18 	ATA GTG ATC CGC TAA TTG AAC TGA ACC GTC TTC TAC GTT ATG TCT AAC AGT AAA AT 	(DMT ON) 	\"Alekhina\" 	#= 56
I5 	sfGFP-myco_F0-19 	TCA ATT AGC GGA TCA CTA TCA ACA AAA TAC TCC GAT TGG 	(DMT ON) 	\"Alekhina\" 	#= 39
J5 	sfGFP-myco_F0-20 	GTT ATC TGG TAG TAA AAC CGG ACC ATC ACC AAT CGG AGT ATT TTG TT 	(DMT ON) 	\"Alekhina\" 	#= 47
K5 	sfGFP-myco_F0-21 	CGG TTT TAC TAC CAG ATA ACC ACT ATT TAT CAA CAC AAA CTG TTC TAT CAA AAG ATC C 	(DMT ON) 	\"Alekhina\" 	#= 58
L5 	sfGFP-myco_F0-22 	TGT AAA ACC ATA TGA TCA CGA GTC CCT TTT TCA TTA GGA TCT TTT GAT AGA ACA GTT 	(DMT ON) 	\"Alekhina\" 	#= 57
M5 	sfGFP-myco_F0-23 	CGT GAT CAT ATG GTT TTA CAT GAG TAT GTT AAC GCA GCA GGA ATT ACA TAA 	(DMT ON) 	\"Alekhina\" 	#= 51
N5 	sfGFP-myco_F0-24 	TTA TGT AAT TCC TGC TGC G 	(DMT ON) 	\"Alekhina\" 	#= 19
O5 	sfGFP-myco_F0_P-F_(pTZ/F) 	CGA CGG GCC CGG GAT CCG ATA GGA GGT TTA AGA TAT GTC AAA AGG 	(DMT OFF) 	\"Alekhina\" 	#= 45
P5 	sfGFP-myco_F0_P-R_(pTZ/F) 	CCT CGC GAA TGC ATC TAG ATT TAT GTA ATT CCT GCT GCG TTA 	(DMT OFF) 	\"Alekhina\" 	#= 42
A6 	RNA2-F 	AAC AAA ACA AGT TCA ATG GTT AAT AAC AAC 	(DMT OFF) 	\"CHUDINOV\" 	#= 30
B6 	RNA2-R 	TCG CGC TAA GGG GTT ATT TG 	(DMT OFF) 	\"CHUDINOV\" 	#= 20
C6 	Caps-F 	ATG GTT AAT AAC AAC AAC CGA CG 	(DMT OFF) 	\"CHUDINOV\" 	#= 23
D6 	Caps-R 	TTA TAA ACC GAG TCC ATT GAA TAA TGC 	(DMT OFF) 	\"CHUDINOV\" 	#= 27
E6 	A353NNKforward 	CAA GTC CAG AAN NKA CCG AAG ATG AAG AGC AGC AGC TGT TG 	(DMT OFF) 	\"Nikiteev\" 	#= 41
F6 	A353NNKreverse 	TCA TCT TCG GTM NNT TCT GGA CTT GTG ATC AGG AAA TCA AC 	(DMT OFF) 	\"Nikiteev\" 	#= 41
G6 	T354NNKforward 	GTC CAG AAG CGN NKG AAG ATG AAG AGC AGC AGC TGT TGC A 	(DMT OFF) 	\"Nikiteev\" 	#= 40
H6 	T354NNKreverse 	TCA TCT TCM NNC GCT TCT GGA CTT GTG ATC AGG AAA TCA ACG 	(DMT OFF) 	\"Nikiteev\" 	#= 42
I6 	L181Rforward 	GAA AAC GAC GAA CGT CGT GAA AAT GAA GGC TCG TGT CTG GC 	(DMT OFF) 	\"Nikiteev\" 	#= 41
J6 	L181Rreverse 	TCA TTT TCA CGA CGT TCG TCG TTT TCC GCC AGG ATG TCG A 	(DMT OFF) 	\"Nikiteev\" 	#= 40
K6 	R182Nforward 	ACG ACG AAT TGA ATG AAA ATG AAG GCT CGT GTC TGG CGT TC 	(DMT OFF) 	\"Nikiteev\" 	#= 41
L6 	R182Nreverse 	CCT TCA TTT TCA TTC AAT TCG TCG TTT TCC GCC AGG ATG TC 	(DMT OFF) 	\"Nikiteev\" 	#= 41
M6 	M288Kforward 	GCT TTA CCC AGA AGC AGA AAG CGG GCT TCC TGT ATT ATG AG 	(DMT OFF) 	\"Nikiteev\" 	#= 41
N6 	M288Kreverse 	CCC GCT TTC TGC TTC TGG GTA AAG CGG AGG GAC TTG TCG C 	(DMT OFF) 	\"Nikiteev\" 	#= 40
O6 	M288Rforward 	GCT TTA CCC AGC GTC AGA AAG CGG GCT TCC TGT ATT ATG AG 	(DMT OFF) 	\"Nikiteev\" 	#= 41
P6 	M288Rreverse 	CCC GCT TTC TGA CGC TGG GTA AAG CGG AGG GAC TTG TCG C 	(DMT OFF) 	\"Nikiteev\" 	#= 40
A7 	L283Qforward 	GCG ACA AGT CCC AAC GCT TTA CCC AGA TGC AGA AAG CGG G 	(DMT OFF) 	\"Nikiteev\" 	#= 40
B7 	L283Qreverse 	TGG GTA AAG CGT TGG GAC TTG TCG CTT TGG ATC TTA CTC AG 	(DMT OFF) 	\"Nikiteev\" 	#= 41
C7 	GKNNKforward 	AAC TGG ATG AAN NKN NKG GTT GGA AAG CGA TTC GTG TGG ATC TG 	(DMT OFF) 	\"Nikiteev\" 	#= 44
D7 	GKNNKreverse 	GCT TTC CAA CCM NNM NNT TCA TCC AGT TTA AGA ATG AGA AAA C 	(DMT OFF) 	\"Nikiteev\" 	#= 43
