GGCGACGGTTATTATTGTTGACCAT;DMT ON;CapsidProteinAlpha_F0-0;DIY
ATGGTCAACAATAATAACCGTCGCCGCCGCCGTCCGCGCGGCAATGCGGTGACCATCCAGACCG;DMT ON;CapsidProteinAlpha_F0-1;DIY
GGTCTGGCGTGGAACGTTCTGTTGCGGCACTGGCGCGGTCTGGATGGTCACCGC;DMT ON;CapsidProteinAlpha_F0-2;DIY
AGAACGTTCCACGCCAGACCCGCCGCCGTCGCAAGATGAAAC;DMT ON;CapsidProteinAlpha_F0-3;DIY
TTGCCGCACGACCCTGTTTGCGGCTACGTTTCATCTTGCGACGGCGG;DMT ON;CapsidProteinAlpha_F0-4;DIY
AAACAGGGTCGTGCGGCAAATATGGGTATGCTGACGAAACTCTCTCAACCGGGTCT;DMT ON;CapsidProteinAlpha_F0-5;DIY
TGCAAACGCACATTTCAGAAACGCCAGACCCGGTTGAGAGAGTTTCG;DMT ON;CapsidProteinAlpha_F0-6;DIY
CGTTTCTGAAATGTGCGTTTGCACCGCCAGACTTTAATACGGATCCGGGTAAAGGCATC;DMT ON;CapsidProteinAlpha_F0-7;DIY
GACTTTACCCTCAAAACGGTCCGGGATGCCTTTACCCGGATCCGT;DMT ON;CapsidProteinAlpha_F0-8;DIY
CGGACCGTTTTGAGGGTAAAGTCGTCACCCGTAAAGATGTTCTTACGCA;DMT ON;CapsidProteinAlpha_F0-9;DIY
GTGTTGGCGACAAACGAAATTGATTGCGTAAGAACATCTTTACGGGTG;DMT ON;CapsidProteinAlpha_F0-10;DIY
ATCAATTTCGTTTGTCGCCAACACCGAAACGTTCATTATTGTTGCGCCGACACCG;DMT ON;CapsidProteinAlpha_F0-11;DIY
GGACAGAGGCGGTCCAATAGGCAACGCCCGGTGTCGGCGCAACAATAAT;DMT ON;CapsidProteinAlpha_F0-12;DIY
CCTATTGGACCGCCTCTGTCCCGATCAACACCTTTCCGACCACCGCCACAGTGTT;DMT ON;CapsidProteinAlpha_F0-13;DIY
ACATGGTGTTAAAACCTGGATAATTGACCGGGGTAAACACTGTGGCGGTGGTCG;DMT ON;CapsidProteinAlpha_F0-14;DIY
GTCAATTATCCAGGTTTTAACACCATGTTTGGTATTACGAGTAATGCGCGTTCTGATCAAGTGTCC;DMT ON;CapsidProteinAlpha_F0-15;DIY
CCACGTTCATCGAGGCATAACGAAAGGAGGACACTTGATCAGAACGCGC;DMT ON;CapsidProteinAlpha_F0-16;DIY
CGTTATGCCTCGATGAACGTGGGCATCTATCCGACCAGTAATCTGATGCA;DMT ON;CapsidProteinAlpha_F0-17;DIY
TTCCAAACCGTAATCGAACCTGCGAACTGCATCAGATTACTGGTCGGATAGA;DMT ON;CapsidProteinAlpha_F0-18;DIY
GCAGGTTCGATTACGGTTTGGAAATGCCCGATCAAACTGAGCAGT;DMT ON;CapsidProteinAlpha_F0-19;DIY
GGTTGTGACCGGAAACTGCACACTGCTCAGTTTGATCGGGCA;DMT ON;CapsidProteinAlpha_F0-20;DIY
GTGCAGTTTCCGGTCACAACCACCCCGGCGACCTCAGCGCTTGTGCATAGT;DMT ON;CapsidProteinAlpha_F0-21;DIY
CTGCCAGAACGCCATCGAGACCGACCAGACTATGCACAAGCGCTGAGGT;DMT ON;CapsidProteinAlpha_F0-22;DIY
TCTCGATGGCGTTCTGGCAGTGGGTCCAGACAACTACAGCGAAAGCTTTATCA;DMT ON;CapsidProteinAlpha_F0-23;DIY
CGGTTCGTTAGAAACAGATTGTGAAAACATACCTTTGATAAAGCTTTCGCTGTAGTTGTCT;DMT ON;CapsidProteinAlpha_F0-24;DIY
TTTTCACAATCTGTTTCTAACGAACCGGATTTTGAGTTCCGTAACATCATGGAAGGCGT;DMT ON;CapsidProteinAlpha_F0-25;DIY
CACTGCGAGGGACACATTTGTCGGCGGGAGCAGCTGAACGCCTTCCATGATGTTACGGA;DMT ON;CapsidProteinAlpha_F0-26;DIY
GACAAATGTGTCCCTCGCAGTGTCTGGCCAACCATTTTCTCTGAGCGCGGGTCC;DMT ON;CapsidProteinAlpha_F0-27;DIY
CCAGCCGACAATACCGGAGGTTGCTTCCGGACCCGCGCTCAGAGAAAA;DMT ON;CapsidProteinAlpha_F0-28;DIY
CCTCCGGTATTGTCGGCTGGGGCTGCATGGACACCATCGTGATTCGTGTTT;DMT ON;CapsidProteinAlpha_F0-29;DIY
AGGATCGCCGCGTTAACCGCCAGCGCTGGGCTGGAAACACGAATCACGATGGTGTCC;DMT ON;CapsidProteinAlpha_F0-30;DIY
CGGTTAACGCGGCGATCCTGAAAGCCTGGAGCTGCATTGAATATCGTCCGAATCCAA;DMT ON;CapsidProteinAlpha_F0-31;DIY
AATCGTGACCAAACTGATACAGCATCGCATTTGGATTCGGACGATATTCAATGCA;DMT ON;CapsidProteinAlpha_F0-32;DIY
ATGCTGTATCAGTTTGGTCACGATTCACCACCGCTGGATGAAGTGGCGCTGCAGGAATACCG;DMT ON;CapsidProteinAlpha_F0-33;DIY
TGCGTTCACTGCCACTGGGATACTTTTTGCAACATTACGGTATTCCTGCAGCGCCA;DMT ON;CapsidProteinAlpha_F0-34;DIY
CCCAGTGGCAGTGAACGCAGCCCAGAATGCGTCCATGTGGGAACG;DMT ON;CapsidProteinAlpha_F0-35;DIY
GCTAAGCGAGCTTTTCACGATAGACTTAACGCGTTCCCACATGGACGCATTC;DMT ON;CapsidProteinAlpha_F0-36;DIY
TCTATCGTGAAAAGCTCGCTTAGCTTTGCAAGTGCCATTCCGGGCCCAATC;DMT ON;CapsidProteinAlpha_F0-37;DIY
CAATGCCACTGGCCGCAACACCGATTGGGCCCGGAATGGCA;DMT ON;CapsidProteinAlpha_F0-38;DIY
GTTGCGGCCAGTGGCATTGGCGGCCTGGCAGCGCTGTTTAATGGTCTGGGTCTG;DMT ON;CapsidProteinAlpha_F0-39;DIY
CAGACCCAGACCATTAAACAGCG;DMT ON;CapsidProteinAlpha_F0-40;DIY
CCTCGCGAATGCATCTAGATATGGTCAACAATAATAACCGTC;DMT OFF;CapsidProteinAlpha_F0-F_(pTZ/R);DIY
CGACGGGCCCGGGATCCGATCAGACCCAGACCATTAAACA;DMT OFF;CapsidProteinAlpha_F0-R_(pTZ/R);DIY
TGGTGCCGCGCGGCAGCCATATGGTCAACAATAATAACCG;DMT OFF;CAP_Prot_Alpha_GEN REV;DIY
CTTCCTTTCGGGCTTTGTTACAGACCCAGACCATTAAACA;DMT OFF;CAP_Prot_Alpha_GEN FWD;DIY
TGTTTAATGGTCTGGGTCTGTAACAAAGCCCGAAAGGAAGCTGAGTTGGCTG;DMT OFF;Pet28(+) REV;DIY
CGGTTATTATTGTTGACCATATGGCTGCCGCGCGGCACCA;DMT OFF;Pet28(+) FWD;DIY
TGTTTAATGGTCTGGGTCTGatcggatcccgggcccgtcg;DMT OFF;pTZ57R. FWD;DIY
CGGTTATTATTGTTGACCATatctagatgcattcgcgaggtaccgagc;DMT OFF;pTZ57R. REV;DIY
