where	code	length	seq	monoisotopic_mass
A1 	Tr-1 	#= 48	GAT TAT GAC ATC CCG ACG ACG GAA AAC CTG TAT TTC CAA GGC GCA ATG 	14769.52
B1 	Tr-2 	#= 40	GGC ATC ACC TCC GCG CTG CAC CGT GCA GCC GAC TGG GCC A 	12204.81
C1 	Tr-3 	#= 44	AAT CTG TGT TCT CTT CGG CAG CCC TGG GTG ATC CAC GTC GTA CG 	13481.63
D1 	Tr-4 	#= 45	GCA CGT CTC GTT AAT GTG GCA GCA CAG CTC GCG AAA TAT TCG GGT 	13876.91
E1 	Tr-5 	#= 48	AAA AGC ATT ACG ATT TCC AGC GAA GGC TCA AAA GCG ATG CAG GAG GGT 	14907.62
F1 	Tr-6 	#= 46	GCG TAC CGT TTC ATT CGC AAT CCG AAT GTT TCT GCC GAG GCC ATT C 	14043.01
G1 	Tr-7 	#= 45	GTA AAG CCG GTG CCA TGC AGA CCG TGA AAC TGG CAC AAG AGT TTC 	13903.95
H1 	Tr-8 	#= 45	CGG AAC TGT TGG CCA TTG AAG ATA CCA CCT CGC TGT CGT ACC GTC 	13772.84
I1 	Tr-9 	#= 49	ATC AGG TCG CAG AAG AGC TGG GCA AAC TGG GTT CAA TTC AAG ATA AAT C 	15186.80
J1 	Tr-10 	#= 44	GCG TGG CTG GTG GGT TCA CAG TGT TCT GCT TTT GGA AGC AAC GA 	13665.75
K1 	Tr-11 	#= 43	CCT TTC GTA CCG TTG GTC TGC TTC ACC AGG AGT GGT GGA TGC G 	13248.47
L1 	Tr-12 	#= 47	TCC GGA TGA CCC AGC GGA TGC AGA TGA GAA AGA GTC TGG TAA ATG GC 	14626.41
M1 	Tr-13 	#= 42	TGG CGG CAG CGG CGA CAA GTC GCC TCC GTA TGG GCT CTA TGA 	12972.31
N1 	Tr-14 	#= 43	TGA GCA ACG TCA TTG CCG TGT GCG ACC GCG AAG CAG ATA TTC A 	13252.53
O1 	Tr-15 	#= 45	TGC CTA TCT GCA GGA TAA ACT GGC GCA CAA CGA ACG CTT TGT GGT 	13860.91
P1 	Tr-16 	#= 52	TCG TAG CAA ACA TCC ACG TAA AGA TGT GGA ATC GGG TCT GTA CCT GTA TGA C 	16051.33
A2 	Tr-17 	#= 47	CAC TTG AAG AAC CAA CCG GAA CTC GGC GGC TAC CAG ATC TCC ATT GG 	14402.27
B2 	Tr-18 	#= 48	TCA GAA AGG CGT TGT TGA TAA ACG TGG CAA GCG TAA GAA TCG TCC GGC 	14905.59
C2 	Tr-19 	#= 40	ACG TAA AGC GAG CCT GAG CCT GCG TAG TGG TCG CAT CAC C 	12306.91
D2 	Tr-20 	#= 47	CTT AAA CAA GGC AAT ATT ACA CTG AAT GCG GTG CTG GCG GAG GAA AT 	14584.41
E2 	Tr-21 	#= 42	TAA CCC GCC GAA AGG TGA AAC CCC GCT GAA ATG GCT GCT GCT 	12893.30
F2 	Tr-22 	#= 42	GAC CAG CGA ACC AGT GGA ATC ACT TGC GCA GGC ACT GCG CGT 	12934.31
G2 	Tr-23 	#= 52	GAT CGA TAT TTA CAC CCA TCG TTG GCG TAT CGA GGA ATT CCA TAA GGC GTG G 	16058.32
H2 	Tr-24 	#= 40	AAA ACC GGT GCG GGT GCG GAA CGC CAG CGT ATG GAA GAG C 	12470.02
I2 	Tr-25 	#= 49	CGG ATA ACC TGG AAC GCA TGG TCA GTA TTC TGT CAT TTG TTG CGG TTC G 	15124.70
J2 	Tr-26 	#= 41	TCT GTT GCA GCT GCG TGA GAG CTT TAC CCC ACC GCA GGC CC 	12514.01
K2 	Tr-27 	#= 45	TCC GTG CCC AGG GTC TTC TGA AAG AAG CGG AAC ATG TCG AAA GTC 	13894.94
L2 	Tr-28 	#= 40	AGA GCG CCG AAA CCG TTC TGA CCC CGG ACG AAT GCC AAC T 	12244.89
M2 	Tr-29 	#= 47	TTT GGG CTA CCT GGA TAA AGG CAA GCG CAA ACG TAA AGA GAA AGC GG 	14643.45
N2 	Tr-30 	#= 41	GTT CGT TGC AGT GGG CGT ACA TGG CGA TTG CGC GCC TTG GT 	12711.12
O2 	Tr-31 	#= 46	GGC TTT ATG GAC TCT AAA CGT ACC GGC ATT GCA AGC TGG GGT GCA C 	14206.12
P2 	Tr-32 	#= 44	TGT GGG AGG GCT GGG AGG CGC TGC AAT CGA AAC TGG ACG GTT TC 	13749.80
A3 	Tr-33 	#= 44	TGC AGC GCG GAG GTG ATG CCC ATT GCG CCT TGG AAA TAC AGG TT 	13628.74
B3 	Tr-34 	#= 43	GGC TGC CGA AGA GAA CAC AGA TTT GGC CCA GTC GGC TGC ACG G 	13303.54
C3 	Tr-35 	#= 43	CTG CCA CAT TAA CGA GAC GTG CCG TAC GAC GTG GAT CAC CCA G 	13182.48
D3 	Tr-36 	#= 49	CCT TCG CTG GAA ATC GTA ATG CTT TTA CCC GAA TAT TTC GCG AGC TGT G 	15028.65
E3 	Tr-37 	#= 45	GGA TTG CGA ATG AAA CGG TAC GCA CCC TCC TGC ATC GCT TTT GAG 	13836.89
F3 	Tr-38 	#= 44	TCT GCA TGG CAC CGG CTT TAC GAA TGG CCT CGG CAG AAA CAT TC 	13492.67
G3 	Tr-39 	#= 49	GTA TCT TCA ATG GCC AAC AGT TCC GGA AAC TCT TGT GCC AGT TTC ACG G 	15022.65
H3 	Tr-40 	#= 42	CCC AGC TCT TCT GCG ACC TGA TGA CGG TAC GAC AGC GAG GTG 	12916.28
I3 	Tr-41 	#= 47	TGT GAA CCC ACC AGC CAC GCG ATT TAT CTT GAA TTG AAC CCA GTT TG 	14373.25
J3 	Tr-42 	#= 46	AGC AGA CCA ACG GTA CGA AAG GTC GTT GCT TCC AAA AGC AGA ACA C 	14179.16
K3 	Tr-43 	#= 41	CAT CCG CTG GGT CAT CCG GAC GCA TCC ACC ACT CCT GGT GA 	12483.00
L3 	Tr-44 	#= 47	ACT TGT CGC CGC TGC CGC CAG CCA TTT ACC AGA CTC TTT CTC ATC TG 	14228.12
M3 	Tr-45 	#= 43	ACA CGG CAA TGA CGT TGC TCA TCA TAG AGC CCA TAC GGA GGC G 	13246.53
N3 	Tr-46 	#= 46	GCC AGT TTA TCC TGC AGA TAG GCA TGA ATA TCT GCT TCG CGG TCG C 	14132.07
O3 	Tr-47 	#= 48	ACA TCT TTA CGT GGA TGT TTG CTA CGA ACC ACA AAG CGT TCG TTG TGC 	14748.48
P3 	Tr-48 	#= 50	CGA GTT CCG GTT GGT TCT TCA AGT GGT CAT ACA GGT ACA GAC CCG ATT CC 	15367.86
A4 	Tr-49 	#= 48	CAC GTT TAT CAA CAA CGC CTT TCT GAC CAA TGG AGA TCT GGT AGC CGC 	14687.45
B4 	Tr-50 	#= 42	GGC TCA GGC TCG CTT TAC GTG CCG GAC GAT TCT TAC GCT TGC 	12864.23
C4 	Tr-51 	#= 47	ATT CAG TGT AAT ATT GCC TTG TTT AAG GGT GAT GCG ACC ACT ACG CA 	14483.32
D4 	Tr-52 	#= 42	GGT TTC ACC TTT CGG CGG GTT AAT TTC CTC CGC CAG CAC CGC 	12784.18
E4 	Tr-53 	#= 42	TGA TTC CAC TGG TTC GCT GGT CAG CAG CAG CCA TTT CAG CGG 	12897.27
F4 	Tr-54 	#= 46	GCC AAC GAT GGG TGT AAA TAT CGA TCA CGC GCA GTG CCT GCG CAA G 	14209.13
G4 	Tr-55 	#= 46	TCC GCA CCC GCA CCG GTT TTC CAC GCC TTA TGG AAT TCC TCG ATA C 	13932.94
H4 	Tr-56 	#= 42	ACC ATG CGT TCC AGG TTA TCC GGC TCT TCC ATA CGC TGG CGT 	12808.21
I4 	Tr-57 	#= 48	CTC TCA CGC AGC TGC AAC AGA CGA ACC GCA ACA AAT GAC AGA ATA CTG 	14701.50
J4 	Tr-58 	#= 40	CAG AAG ACC CTG GGC ACG GAG GGC CTG CGG TGG GGT AAA G 	12502.02
K4 	Tr-59 	#= 45	CAG AAC GGT TTC GGC GCT CTG ACT TTC GAC ATG TTC CGC TTC TTT 	13735.80
L4 	Tr-60 	#= 44	TTG CCT TTA TCC AGG TAG CCC AAA AGT TGG CAT TCG TCC GGG GT 	13529.68
M4 	Tr-61 	#= 44	TGT ACG CCC ACT GCA ACG AAC CCG CTT TCT CTT TAC GTT TGC GC 	13345.56
N4 	Tr-62 	#= 46	CCG GTA CGT TTA GAG TCC ATA AAG CCA CCA AGG CGC GCA ATC GCC A 	14098.07
O4 	Tr-63 	#= 40	CGC CTC CCA GCC CTC CCA CAG TGC ACC CCA GCT TGC AAT G 	12043.73
P4 	Tr-64 	#= 63	GAT CTT AAT ACC CTG CGC CAT CAG ATC TTT TGC TGC CAG GAA ACC GTC CAG TTT CGA TTG CAG 	19283.36
A5 	Tr-F 	#= 32	TAT AGG ATC CGA TTA TGA CAT CCC GAC GAC GG 	9833.36
B5 	Tr-R 	#= 32	TAT AGT CGA CGA TCT TAA TAC CCT GCG CCA TC 	9719.28
C5 	T7 	#= 20	TAA TAC GAC TCA CTA TAG GG 	6125.01
D5 	T7t 	#= 19	GCT AGT TAT TGC TCA GCG G 	5834.79
E5 	M13F 	#= 24	CGC CAG GGT TTT CCC AGT CAC GAC 	7289.71
F5 	M13R 	#= 24	AGC GGA TAA CAA TTT CAC ACA GGA 	7378.82
G5 	Tr_G-F 	#= 42	CGA CGG GCC CGG GAT CCG ATG ATT ATG ACA TCC CGA CGA CGG 	12950.31
H5 	Tr_G-R 	#= 42	CCT CGC GAA TGC ATC TAG ATG ATC TTA ATA CCC TGC GCC ATC 	12769.22
I5 	petR1 	#= 24	TTA AGG ATC CCA TAT GGC TGC CGC 	7328.74
J5 	petF2 	#= 24	ATA TGT CGA CGG TAC CTG ATC CGG 	7368.77
K5 	PAMR3 	#= 30	TAC GGT ATC AGT CAT TTT AGG GAA GTC ACG 	9260.99
L5 	PAMF4 	#= 21	CTC CCT GCA GCC CCT TTT TAC 	6244.04
M5 	BP_199 	#= 25	CCC GGG GTA CCA CGG AGA GAT GGT G 	7773.01
N5 	pam-1 	#= 70	AAT ACC AGA GAT AAG AGA GTA GGC TGG TAG ATG GAG TTG CCC GTC GTG CTC AAT GAA AGG AGA TAA GGT C 	21864.05
O5 	pam-2 	#= 70	AAT ACC AGA GAT AAG AGA GTA GGC TGG TAG ATG GAG TTG GCC TTG GTG CTC AAT GAA AGG AGA TAA GGT C 	21919.09
P5 	pam-3 	#= 70	AAT ACC AGA GAT AAG AGA GTA GGC TGG TAG ATG GAG TTG GGG GGC GTG CTC AAT GAA AGG AGA TAA GGT C 	22009.14
A6 	pam-4 	#= 70	AAT ACC AGA GAT AAG AGA GTA GGC TGG TAG ATG GAG TTG CGG AAG GTG CTC AAT GAA AGG AGA TAA GGT C 	21977.14
B6 	pam-5 	#= 70	AAT ACC AGA GAT AAG AGA GTA GGC TGG TAG ATG GAG TTC CCA TAT GTG CTC AAT GAA AGG AGA TAA GGT C 	21847.07
C6 	pam-6 	#= 70	AAT ACC AGA GAT AAG AGA GTA GGC TGG TAG ATG GAG TTC CCC GTT GTG CTC AAT GAA AGG AGA TAA GGT C 	21839.04
D6 	pam-7 	#= 70	AAT ACC AGA GAT AAG AGA GTA GGC TGG TAG ATG GAG TTA CAC TTA GTG CTC AAT GAA AGG AGA TAA GGT C 	21871.09
E6 	pam-8 	#= 70	AAT ACC AGA GAT AAG AGA GTA GGC TGG TAG ATG GAG TTT CCG GGA GTG CTC AAT GAA AGG AGA TAA GGT C 	21928.10
F6 	pam-9 	#= 70	AAT ACC AGA GAT AAG AGA GTA GGC TGG TAG ATG GAG TTT CGC CCC GTG CTC AAT GAA AGG AGA TAA GGT C 	21824.03
G6 	pam-10 	#= 70	AAT ACC AGA GAT AAG AGA GTA GGC TGG TAG ATG GAG TTC TCA TGG GTG CTC AAT GAA AGG AGA TAA GGT C 	21903.09
H6 	pam-11 	#= 70	AAT ACC AGA GAT AAG AGA GTA GGC TGG TAG ATG GAG TTA GGT AAG GTG CTC AAT GAA AGG AGA TAA GGT C 	21976.15
I6 	pam-12 	#= 70	AAT ACC AGA GAT AAG AGA GTA GGC TGG TAG ATG GAG TTG TAC AGG GTG CTC AAT GAA AGG AGA TAA GGT C 	21952.13
J6 	pam-13 	#= 70	AAT ACC AGA GAT AAG AGA GTA GGC TGG TAG ATG GAG TTC GAT ACC GTG CTC AAT GAA AGG AGA TAA GGT C 	21872.08
K6 	pam-14 	#= 70	AAT ACC AGA GAT AAG AGA GTA GGC TGG TAG ATG GAG TTA GTA CAT GTG CTC AAT GAA AGG AGA TAA GGT C 	21911.11
L6 	pam-15 	#= 70	AAT ACC AGA GAT AAG AGA GTA GGC TGG TAG ATG GAG TTT GGG AAA GTG CTC AAT GAA AGG AGA TAA GGT C 	21976.15
M6 	pam-16 	#= 70	AAT ACC AGA GAT AAG AGA GTA GGC TGG TAG ATG GAG TTC GAA TAT GTG CTC AAT GAA AGG AGA TAA GGT C 	21911.11
N6 	pam-17 	#= 70	AAT ACC AGA GAT AAG AGA GTA GGC TGG TAG ATG GAG TTC TTC CAA GTG CTC AAT GAA AGG AGA TAA GGT C 	21847.07
O6 	pam-18 	#= 70	AAT ACC AGA GAT AAG AGA GTA GGC TGG TAG ATG GAG TTG AAC GAA GTG CTC AAT GAA AGG AGA TAA GGT C 	21945.14
P6 	pam-19 	#= 70	AAT ACC AGA GAT AAG AGA GTA GGC TGG TAG ATG GAG TTG GAC CGG GTG CTC AAT GAA AGG AGA TAA GGT C 	21953.11
A7 	pam-20 	#= 70	AAT ACC AGA GAT AAG AGA GTA GGC TGG TAG ATG GAG TTT AAT CAG GTG CTC AAT GAA AGG AGA TAA GGT C 	21911.11
B7 	pam-21 	#= 70	AAT ACC AGA GAT AAG AGA GTA GGC TGG TAG ATG GAG TTG ACC ACC GTG CTC AAT GAA AGG AGA TAA GGT C 	21857.07
C7 	pam-22 	#= 70	AAT ACC AGA GAT AAG AGA GTA GGC TGG TAG ATG GAG TTC TGG GGA GTG CTC AAT GAA AGG AGA TAA GGT C 	21968.13
D7 	pam-23 	#= 70	AAT ACC AGA GAT AAG AGA GTA GGC TGG TAG ATG GAG TTC GTG GGA GTG CTC AAT GAA AGG AGA TAA GGT C 	21968.13
E7 	pam-24 	#= 70	AAT ACC AGA GAT AAG AGA GTA GGC TGG TAG ATG GAG TTC GCT TAT GTG CTC AAT GAA AGG AGA TAA GGT C 	21878.08
F7 	pam-25 	#= 70	AAT ACC AGA GAT AAG AGA GTA GGC TGG TAG ATG GAG TTA GAG GCA GTG CTC AAT GAA AGG AGA TAA GGT C 	21961.14
G7 	pam-26 	#= 70	AAT ACC AGA GAT AAG AGA GTA GGC TGG TAG ATG GAG TTC GAC GAT GTG CTC AAT GAA AGG AGA TAA GGT C 	21912.10
H7 	pam-27 	#= 70	AAT ACC AGA GAT AAG AGA GTA GGC TGG TAG ATG GAG TTC AAA CCT GTG CTC AAT GAA AGG AGA TAA GGT C 	21856.08
I7 	pam-28 	#= 70	AAT ACC AGA GAT AAG AGA GTA GGC TGG TAG ATG GAG TTC ACG TGC GTG CTC AAT GAA AGG AGA TAA GGT C 	21888.08
J7 	pam-29 	#= 70	AAT ACC AGA GAT AAG AGA GTA GGC TGG TAG ATG GAG TTG ACT CCT GTG CTC AAT GAA AGG AGA TAA GGT C 	21863.07
K7 	pam-30 	#= 70	AAT ACC AGA GAT AAG AGA GTA GGC TGG TAG ATG GAG TTC AGC TCT GTG CTC AAT GAA AGG AGA TAA GGT C 	21863.07
L7 	pam-31 	#= 70	AAT ACC AGA GAT AAG AGA GTA GGC TGG TAG ATG GAG TTC TGG TCC GTG CTC AAT GAA AGG AGA TAA GGT C 	21879.06
M7 	pam-32 	#= 70	AAT ACC AGA GAT AAG AGA GTA GGC TGG TAG ATG GAG TTT TTT TTT GTG CTC AAT GAA AGG AGA TAA GGT C 	21874.07
N7 	pam-33 	#= 70	AAT ACC AGA GAT AAG AGA GTA GGC TGG TAG ATG GAG TTA TGT AAT GTG CTC AAT GAA AGG AGA TAA GGT C 	21926.13
O7 	pam-34 	#= 70	AAT ACC AGA GAT AAG AGA GTA GGC TGG TAG ATG GAG TTC TTC TGT GTG CTC AAT GAA AGG AGA TAA GGT C 	21869.06
P7 	pam-35 	#= 70	AAT ACC AGA GAT AAG AGA GTA GGC TGG TAG ATG GAG TTG AAT TGT GTG CTC AAT GAA AGG AGA TAA GGT C 	21942.13
A8 	pam-36 	#= 70	AAT ACC AGA GAT AAG AGA GTA GGC TGG TAG ATG GAG TTG ATG TTA GTG CTC AAT GAA AGG AGA TAA GGT C 	21942.13
B8 	pam-37 	#= 70	AAT ACC AGA GAT AAG AGA GTA GGC TGG TAG ATG GAG TTC GAT TGC GTG CTC AAT GAA AGG AGA TAA GGT C 	21903.09
C8 	pam-38 	#= 70	AAT ACC AGA GAT AAG AGA GTA GGC TGG TAG ATG GAG TTC ACT GGA GTG CTC AAT GAA AGG AGA TAA GGT C 	21912.10
D8 	pam-39 	#= 70	AAT ACC AGA GAT AAG AGA GTA GGC TGG TAG ATG GAG TTA TGC GTA GTG CTC AAT GAA AGG AGA TAA GGT C 	21927.11
E8 	pam-40 	#= 70	AAT ACC AGA GAT AAG AGA GTA GGC TGG TAG ATG GAG TTA CCC TGG GTG CTC AAT GAA AGG AGA TAA GGT C 	21888.08
F8 	pam-41 	#= 70	AAT ACC AGA GAT AAG AGA GTA GGC TGG TAG ATG GAG TTA ACC CAC GTG CTC AAT GAA AGG AGA TAA GGT C 	21841.07
G8 	pam-42 	#= 70	AAT ACC AGA GAT AAG AGA GTA GGC TGG TAG ATG GAG TTA CTG GAC GTG CTC AAT GAA AGG AGA TAA GGT C 	21912.10
H8 	pam-43 	#= 70	AAT ACC AGA GAT AAG AGA GTA GGC TGG TAG ATG GAG TTA GGG GGT GTG CTC AAT GAA AGG AGA TAA GGT C 	22008.15
I8 	pam-44 	#= 70	AAT ACC AGA GAT AAG AGA GTA GGC TGG TAG ATG GAG TTA GCA AGT GTG CTC AAT GAA AGG AGA TAA GGT C 	21936.13
J8 	pam-45 	#= 70	AAT ACC AGA GAT AAG AGA GTA GGC TGG TAG ATG GAG TTA GCA TTC GTG CTC AAT GAA AGG AGA TAA GGT C 	21887.09
K8 	pam-46 	#= 70	AAT ACC AGA GAT AAG AGA GTA GGC TGG TAG ATG GAG TTT ACC GGC GTG CTC AAT GAA AGG AGA TAA GGT C 	21888.08
L8 	pam-47 	#= 70	AAT ACC AGA GAT AAG AGA GTA GGC TGG TAG ATG GAG TTT GCA GCG GTG CTC AAT GAA AGG AGA TAA GGT C 	21928.10
M8 	pam-48 	#= 70	AAT ACC AGA GAT AAG AGA GTA GGC TGG TAG ATG GAG TTT AGG TGG GTG CTC AAT GAA AGG AGA TAA GGT C 	21983.14
N8 	pam-49 	#= 70	AAT ACC AGA GAT AAG AGA GTA GGC TGG TAG ATG GAG TTG TGC TAA GTG CTC AAT GAA AGG AGA TAA GGT C 	21927.11
O8 	pam-50 	#= 70	AAT ACC AGA GAT AAG AGA GTA GGC TGG TAG ATG GAG TTA TCG GAC GTG CTC AAT GAA AGG AGA TAA GGT C 	21912.10
P8 	pam-51 	#= 70	AAT ACC AGA GAT AAG AGA GTA GGC TGG TAG ATG GAG TTG TAT TCA GTG CTC AAT GAA AGG AGA TAA GGT C 	21902.10
A9 	pam-52 	#= 70	AAT ACC AGA GAT AAG AGA GTA GGC TGG TAG ATG GAG TTA TGT AAA GTG CTC AAT GAA AGG AGA TAA GGT C 	21935.14
B9 	pam-53 	#= 70	AAT ACC AGA GAT AAG AGA GTA GGC TGG TAG ATG GAG TTT TCT CGA GTG CTC AAT GAA AGG AGA TAA GGT C 	21878.08
C9 	pam-54 	#= 70	AAT ACC AGA GAT AAG AGA GTA GGC TGG TAG ATG GAG TTT GCT TCA GTG CTC AAT GAA AGG AGA TAA GGT C 	21878.08
D9 	pam-55 	#= 70	AAT ACC AGA GAT AAG AGA GTA GGC TGG TAG ATG GAG TTC CTT TAC GTG CTC AAT GAA AGG AGA TAA GGT C 	21838.05
E9 	pam-56 	#= 70	AAT ACC AGA GAT AAG AGA GTA GGC TGG TAG ATG GAG TTC CTC TGG GTG CTC AAT GAA AGG AGA TAA GGT C 	21879.06
F9 	pam-57 	#= 70	AAT ACC AGA GAT AAG AGA GTA GGC TGG TAG ATG GAG TTG TTA ATC GTG CTC AAT GAA AGG AGA TAA GGT C 	21902.10
G9 	pam-58 	#= 70	AAT ACC AGA GAT AAG AGA GTA GGC TGG TAG ATG GAG TTT TTT AGG GTG CTC AAT GAA AGG AGA TAA GGT C 	21933.11
H9 	pam-59 	#= 70	AAT ACC AGA GAT AAG AGA GTA GGC TGG TAG ATG GAG TTA GTT CCA GTG CTC AAT GAA AGG AGA TAA GGT C 	21887.09
I9 	pam-60 	#= 70	AAT ACC AGA GAT AAG AGA GTA GGC TGG TAG ATG GAG TTG GCA CAG GTG CTC AAT GAA AGG AGA TAA GGT C 	21937.12
J9 	pam-61 	#= 70	AAT ACC AGA GAT AAG AGA GTA GGC TGG TAG ATG GAG TTG CGA GCA GTG CTC AAT GAA AGG AGA TAA GGT C 	21937.12
K9 	pam-62 	#= 70	AAT ACC AGA GAT AAG AGA GTA GGC TGG TAG ATG GAG TTA AGG ACA GTG CTC AAT GAA AGG AGA TAA GGT C 	21945.14
L9 	pam-63 	#= 70	AAT ACC AGA GAT AAG AGA GTA GGC TGG TAG ATG GAG TTG TTG GCC GTG CTC AAT GAA AGG AGA TAA GGT C 	21919.09
M9 	pam-64 	#= 70	AAT ACC AGA GAT AAG AGA GTA GGC TGG TAG ATG GAG TTT ACC AAG GTG CTC AAT GAA AGG AGA TAA GGT C 	21896.10
N9 	pam-65 	#= 70	AAT ACC AGA GAT AAG AGA GTA GGC TGG TAG ATG GAG TTT AAG AAG GTG CTC AAT GAA AGG AGA TAA GGT C 	21960.15
O9 	pam-66 	#= 70	AAT ACC AGA GAT AAG AGA GTA GGC TGG TAG ATG GAG TTA CAT CAG GTG CTC AAT GAA AGG AGA TAA GGT C 	21896.10
P9 	pam-67 	#= 70	AAT ACC AGA GAT AAG AGA GTA GGC TGG TAG ATG GAG TTA CGA GGG GTG CTC AAT GAA AGG AGA TAA GGT C 	21977.14
A10 	pam-68 	#= 70	AAT ACC AGA GAT AAG AGA GTA GGC TGG TAG ATG GAG TTG GGA TGC GTG CTC AAT GAA AGG AGA TAA GGT C 	21968.13
B10 	pam-69 	#= 70	AAT ACC AGA GAT AAG AGA GTA GGC TGG TAG ATG GAG TTC TGG ACG GTG CTC AAT GAA AGG AGA TAA GGT C 	21928.10
C10 	pam-70 	#= 70	AAT ACC AGA GAT AAG AGA GTA GGC TGG TAG ATG GAG TTA CGG AGG GTG CTC AAT GAA AGG AGA TAA GGT C 	21977.14
D10 	pam-71 	#= 70	AAT ACC AGA GAT AAG AGA GTA GGC TGG TAG ATG GAG TTC TGT CAC GTG CTC AAT GAA AGG AGA TAA GGT C 	21863.07
E10 	pam-72 	#= 70	AAT ACC AGA GAT AAG AGA GTA GGC TGG TAG ATG GAG TTC CTG ACG GTG CTC AAT GAA AGG AGA TAA GGT C 	21888.08
F10 	16S_v3-4_seqprimerminus_F=5 	#= 31	TCG TCG GCA GCG TCC CTA CGG GNG GCW GCA G 	NaN
G10 	16S_v3-4_seqprimerminus_F=5 	#= 31	TCG TCG GCA GCG TCC CTA CGG GNG GCW GCA G 	NaN
H10 	16S-v3-4_seqprimerminus_R=5 	#= 36	GTC TCG TGG GCT CGG GAC TAC HVG GGT ATC TAA TCC 	NaN
I10 	16S-v3-4_seqprimerminus_R=5 	#= 36	GTC TCG TGG GCT CGG GAC TAC HVG GGT ATC TAA TCC 	NaN
J10 	InfA-BC01/2F 	#= 58	GGT GCT GAA GAA AGT TGT CGG TGT CTT TGT GTT AAC CTA gTC Agg CAg CAA AAg CAg g 	18056.59
K10 	unitail-oxford 	#= 27	TTA ACC TAg TCA ggC AgC AAA AgC Agg 	8326.42
L10 	InfA_-BC01/2R 	#= 59	GGT GCT GAA GAA AGT TGT CGG TGT CTT TGT GTT AAC CTA gAA Agg gAg TAg AAA CAA gg 	18457.87
M10 	Runitail-oxford 	#= 28	TTA ACC TAg AAA ggg AgT AgA AAC AAg g 	8727.70
N10 	InfA_-BC02/2F 	#= 58	GGT GCT GTC GAT TCC GTT TGT AGT CGT CTG TTT AAC CTA gTC Agg CAg CAA AAg CAg g 	17934.49
O10 	InfA_-BC02/2R 	#= 59	GGT GCT GTC GAT TCC GTT TGT AGT CGT CTG TTT AAC CTA gAA Agg gAg TAg AAA CAA gg 	18335.77
P10 	Alpha_1000_1_LEFT 	#= 26	GGA TAG TGC GTC TCA TTC TTT AGA CT 	7967.15
A11 	Alpha_1000_1__RIGHT 	#= 22	CCA GTC ACC AAC ACT CCA TTG T 	6599.30
B11 	Alpha_1000_2_LEFT 	#= 24	TGC CAA AGT CTA CAA AAG CAT TGG 	7369.81
C11 	Alpha_1000_2_RIGHT 	#= 22	CTG GAG ATA GGG ACA GGC TCA T 	6824.43
D11 	Alpha_400_1_LEFT 	#= 22	TGT GGT TCT GAT GGC AAA CCT G 	6781.39
E11 	Alpha_400_1__RIGHT 	#= 20	TTC CAG TCA CCC ACA CTC CA 	5941.87
F11 	Alpha_400_2_LEFT 	#= 25	AGA CCT GTT TTC TTT CAT GCT CTC A 	7548.89
G11 	Alpha_400_2_RIGHT 	#= 23	CAC ACT TTC ACT GAA ATC GCC AC 	6912.50
H11 	InfA-BC01/2F 	#= 58	GGT GCT GAA GAA AGT TGT CGG TGT CTT TGT GTT AAC CTA gTC Agg CAg CAA AAg CAg g 	18056.59
I11 	unitail-oxford 	#= 27	TTA ACC TAg TCA ggC AgC AAA AgC Agg 	8326.42
J11 	InfA_-BC01/2R 	#= 59	GGT GCT GAA GAA AGT TGT CGG TGT CTT TGT GTT AAC CTA gAA Agg gAg TAg AAA CAA gg 	18457.87
K11 	Runitail-oxford 	#= 28	TTA ACC TAg AAA ggg AgT AgA AAC AAg g 	8727.70
L11 	InfA_-BC02/2F 	#= 58	GGT GCT GTC GAT TCC GTT TGT AGT CGT CTG TTT AAC CTA gTC Agg CAg CAA AAg CAg g 	17934.49
M11 	InfA_-BC02/2R 	#= 59	GGT GCT GTC GAT TCC GTT TGT AGT CGT CTG TTT AAC CTA gAA Agg gAg TAg AAA CAA gg 	18335.77
N11 	M13-F 	#= 21	GTT GTA AAA CGA CGG CCA GTG 	6495.23
O11 	M13-R 	#= 24	AGC GGA TAA CAA TTT CAC ACA GGA 	7378.82
P11 	b-glob-D 	#= 21	CAA GTA TCA CTA AGC TCG CTT 	6365.15
A12 	b-glob-R 	#= 21	CAA GGT TTG AAC TAG CTC TTC 	6396.16
B12 	Kp_qacG-105 	#= 105	TAG TAC CGT CTT TTA TCG TCG TAG CGG GAT ACG CTG CTG CTT TTT ATT TCC TGT CGC TGA CAC TCA AAT CGA TTC CTG TTG GAA TCG CCT ACG CAG TTT GGT CGG 	32266.58
C12 	ATP1 	#= 46	ATG GTG TCC AAG GGC GAG GAG CTC TTT ACA GGA GTG GTG CCT ATT C 	14277.15
D12 	ATP2 	#= 46	TGG TGG AGC TGG ATG GGG ACG TGA ACG GTC ATC GGT TCA GCG TGA G 	14423.23
E12 	ATP3 	#= 46	CGG GGA GGG GGA AGG CGA CGC CAC TTA CGG CAA GCT GAC ACT GAA G 	14349.21
F12 	ATP4 	#= 46	TTC ATT TGT ACA ACG GGC AAA CTG CCT GTG CCC TGG CCA ACA TTG G 	14101.06
G12 	ATP5 	#= 46	TAA CTA CCC TCA CTT GGG GAG TTC AAT GTT TTG CCA GAT ACC CGG A 	14100.07
H12 	ATP6 	#= 46	CCA TAT GAA ACA ACA TGA CTT TTT CAA AAG TGC TAT GCC CGA AGG A 	14134.15
I12 	ATP7 	#= 46	TAT GTT CAG GAG AGA ACT ATC TTT TTC AAG GAC GAT GGA AAC TAT A 	14235.20
J12 	ATP8 	#= 46	AGA CCA GGG CTG AAG TTA AGT TTG AGG GTG ACA CCC TCG TGA ACC G 	14264.17
K12 	ATP9 	#= 46	CAT CGA GCT GAA AGG TAT CGA CTT TAA GGA AGA TGG AAA CAT ACT G 	14279.23
L12 	ATP10 	#= 46	GGT CAC AAG CTG GAA TAT AAT TAC ATT TCC CAC AAC GTG TAC ATT A 	14100.12
M12 	ATP11 	#= 46	CTG CCG ACA AGC AGA AGA ACG GGA TCA AAG CAC ATT TCA AGA TCC G 	14179.16
N12 	ATP12 	#= 46	GCA TAA CAT TGA GGA TGG AGG CGT CCA GCT GGC CGA CCA TTA CCA G 	14209.13
O12 	ATP13 	#= 46	CAG AAT ACA CCC ATC GGG GAT GGG CCT GTG CTG CTG CCA GAC AAT C 	14145.08
P12 	ATP14 	#= 46	ACT ACC TGT CCA CAC AGA GTA AGC TCT CCA AGG ATC CAA ACG AGA A 	14074.10
A13 	ATP15 	#= 46	GAG GGA TCA TAT GGT TCT GCT GGA GTT TGT GAC AGC TGC CAT GAA G 	14316.19
B13 	ATP16 	#= 46	ACC ATC CAC GTG AGT GTG ACA ACA CCC GAT GGC CCT GTG TAC GAG G 	14145.08
C13 	ATP17 	#= 46	ACG ACG TGG AGA TGG TCA GCG TCA AGG CTA AGA GTG GGG AGC TTG G 	14425.25
D13 	ATP18 	#= 46	CAT TCT GCC TGG CCA TAT ACC CCT CAA AGC CCC TCT TGA AAT TAG C 	13924.96
E13 	ATP19 	#= 46	GCT GCC CGG CTG AAA AAA GGT GGT AAG ACG CAG TAT ATC GCC GTG T 	14264.17
F13 	ATP20 	#= 46	CTG GAG GCA ATC TCG AAG TTC GCC CCG ATA AAG TCA CTA TCA CAG C 	14088.07
G13 	ATP21 	#= 46	CCA GGC TGC CGA GCG GGC AGA AGA TAT TGA CGT CCT CAG GGC CAA A 	14219.13
H13 	ATP22 	#= 46	GCA GCC AAA GAA CGG GCC GAA CGA AGA CTG CAG TCT CAG CAG GAC G 	14246.17
I13 	ATP23 	#= 46	ATA TCG ATT TTA AGA GAG CCG AGC TCG CTC TCA AAA GAG CGA TGA A 	14215.18
J13 	ATP24 	#= 46	CAG GCT GTC TGT GGC CGA AAT GAA AAT GGT TTC TAA GGG CGA AGA G 	14343.23
K13 	ATP25 	#= 46	CTG TTT ACT GGC GTG GTT CCC ATT CTG GTG GAG CTG GAT GGG GAT G 	14306.14
L13 	ATP26 	#= 46	TCA ATG GCC ATA AGT TCT CTG TGT CTG GCG AGG GCG AGG GAG ACG C 	14287.15
M13 	ATP27 	#= 46	TAC TTA TGG TAA GCT GAC CCT CAA GCT GAT TTG TAC CAC TGG GAA G 	14164.12
N13 	ATP28 	#= 46	CTG CCT GTG CCT TGG CCA ACA TTG GTG ACT ACG CTG GGC TAT GGC C 	14125.03
O13 	ATP29 	#= 46	TGC AGT GCT TTG CCA GAT ACC CTG ATC ATA TGA AGC AGC ACG ACT T 	14109.08
P13 	ATP30 	#= 46	TTT TAA AAG TGC AAT GCC CGA GGG CTA CGT GCA GGA ACG GAC AAT C 	14232.17
A14 	ATP31 	#= 46	TTC TTC AAG GAC GAT GGG AAC TAT AAG ACG AGG GCC GAG GTT AAG T 	14327.23
B14 	ATP32 	#= 46	TTG AAG GGG ATA CGT TGG TCA ACA GAA TCG AGC TGA AGG GTA TCG A 	14367.25
C14 	ATP33 	#= 46	CTT CAA GGA GGA TGG TAA CAT TCT GGG CCA CAA ACT GGA GTA TAA C 	14231.18
D14 	ATP34 	#= 46	TAC AAC TCT CAC AAC GTG TAC ATT ACC GCA GAC AAG CAA AAG AAT G 	14097.14
E14 	ATP35 	#= 47	GAA TCA AGG CGA ATT TCA AAA TCA GGC ATA ACA TTG AAG ACT AAT AA 	14528.44
F14 	ATP36 	#= 46	CAC GTC CCC ATC CAG CTC CAC CAG AAT AGG CAC CAC TCC TGT AAA G 	13937.98
G14 	ATP37 	#= 46	TGG CGT CGC CTT CCC CCT CCC CGC TCA CGC TGA ACC GAT GAC CGT T 	13910.89
H14 	ATP38 	#= 46	AGT TTG CCC GTT GTA CAA ATG AAC TTC AGT GTC AGC TTG CCG TAA G 	14155.10
I14 	ATP39 	#= 46	AAC TCC CCA AGT GAG GGT AGT TAC CAA TGT TGG CCA GGG CAC AGG C 	14209.13
J14 	ATP40 	#= 46	AAA AGT CAT GTT GTT TCA TAT GGT CCG GGT ATC TGG CAA AAC ATT G 	14218.17
K14 	ATP41 	#= 46	AAG ATA GTT CTC TCC TGA ACA TAT CCT TCG GGC ATA GCA CTT TTG A 	14074.07
L14 	ATP42 	#= 46	AAA CTT AAC TTC AGC CCT GGT CTT ATA GTT TCC ATC GTC CTT GAA A 	14009.03
M14 	ATP43 	#= 46	AGT CGA TAC CTT TCA GCT CGA TGC GGT TCA CGA GGG TGT CAC CCT C 	14093.03
N14 	ATP44 	#= 46	TAA TTA TAT TCC AGC TTG TGA CCC AGT ATG TTT CCA TCT TCC TTA A 	13990.02
O14 	ATP45 	#= 46	CCC GTT CTT CTG CTT GTC GGC AGT AAT GTA CAC GTT GTG GGA AAT G 	14178.09
P14 	ATP46 	#= 46	CGC CTC CAT CCT CAA TGT TAT GCC GGA TCT TGA AAT GTG CTT TGA T 	14057.03
A15 	ATP47 	#= 46	CCA TCC CCG ATG GGT GTA TTC TGC TGG TAA TGG TCG GCC AGC TGG A 	14189.08
B15 	ATP48 	#= 46	CTT ACT CTG TGT GGA CAG GTA GTG ATT GTC TGG CAG CAG CAC AGG C 	14237.13
C15 	ATP49 	#= 46	CCA GCA GAA CCA TAT GAT CCC TCT TCT CGT TTG GAT CCT TGG AGA G 	14076.04
D15 	ATP50 	#= 46	GTT GTC ACA CTC ACG TGG ATG GTC TTC ATG GCA GCT GTC ACA AAC T 	14116.07
E15 	ATP51 	#= 46	GAC GCT GAC CAT CTC CAC GTC GTC CTC GTA CAC AGG GCC ATC GGG T 	14048.00
F15 	ATP52 	#= 46	GGG GTA TAT GGC CAG GCA GAA TGC CAA GCT CCC CAC TCT TAG CCT T 	14111.06
G15 	ATP53 	#= 46	CCA CCT TTT TTC AGC CGG GCA GCG CTA ATT TCA AGA GGG GCT TTG A 	14132.07
H15 	ATP54 	#= 46	GCG AAC TTC GAG ATT GCC TCC AGA CAC GGC GAT ATA CTG CGT CTT A 	14110.07
I15 	ATP55 	#= 46	CTT CTG CCC GCT CGG CAG CCT GGG CTG TGA TAG TGA CTT TAT CGG G 	14156.04
J15 	ATP56 	#= 46	CGT TCG GCC CGT TCT TTG GCT GCT TTG GCC CTG AGG ACG TCA ATA T 	14106.02
K15 	ATP57 	#= 46	CTC GGC TCT CTT AAA ATC GAT ATC GTC CTG CTG AGA CTG CAG TCT T 	14042.02
L15 	ATP58 	#= 46	TCA TTT CGG CCA CAG ACA GCC TGT TCA TCG CTC TTT TGA GAG CGA G 	14092.04
M15 	ATP59 	#= 46	ATG GGA ACC ACG CCA GTA AAC AGC TCT TCG CCC TTA GAA ACC ATT T 	14047.06
N15 	ATP60 	#= 46	CAC AGA GAA CTT ATG GCC ATT GAC ATC CCC ATC CAG CTC CAC CAG A 	13977.01
O15 	ATP61 	#= 46	TGA GGG TCA GCT TAC CAT AAG TAG CGT CTC CCT CGC CCT CGC CAG A 	14047.01
P15 	ATP62 	#= 46	AAT GTT GGC CAA GGC ACA GGC AGC TTC CCA GTG GTA CAA ATC AGC T 	14168.12
A16 	ATP63 	#= 46	AGG GTA TCT GGC AAA GCA CTG CAG GCC ATA GCC CAG CGT AGT CAC C 	14154.10
B16 	ATP64 	#= 46	CCT CGG GCA TTG CAC TTT TAA AAA AGT CGT GCT GCT TCA TAT GAT C 	14090.07
C16 	ATP65 	#= 46	TAG TTC CCA TCG TCC TTG AAG AAG ATT GTC CGT TCC TGC ACG TAG C 	14067.03
D16 	ATP66 	#= 46	GTT GAC CAA CGT ATC CCC TTC AAA CTT AAC CTC GGC CCT CGT CTT A 	13915.95
E16 	ATP67 	#= 46	GAA TGT TAC CAT CCT CCT TGA AGT CGA TAC CCT TCA GCT CGA TTC T 	13985.99
F16 	ATP67 	#= 46	ATG TAC ACG TTG TGA GAG TTG TAG TTA TAC TCC AGT TTG TGG CCC A 	14201.13
G16 	ATP69 	#= 46	GAT TTT GAA ATT CGC CTT GAT TCC ATT CTT TTG CTT GTC TGC GGT A 	14084.04
H16 	ATP70 	#= 24	TTA TTA GTC TTC AAT GTT ATG CCT 	7298.74
I16 	ATP-F 	#= 40	CCT CGC GAA TGC ATC TAG ATA TGG TGT CCA AGG GCG AGG A 	12385.97
J16 	ATP-R 	#= 59	CGA CGG GCC CGG GAT CCG ATT TAT TAG TCT TCA ATG TTA TGC CTG ATT TTG AAA TTC GC 	18148.63
K16 	ATP-F1-R 	#= 40	CGA CGG GCC CGG GAT CCG ATG CTG ACC ATC TCC ACG TCG T 	12234.83
L16 	ATP-F2-F 	#= 42	CCT CGC GAA TGC ATC TAG ATA CGA CGT GGA GAT GGT CAG CGT 	12979.34
M16 	HSATPPIRES1 	#= 55	TTT AGT GAA CCG TCA GAT CCG CTA GCG CCA CCA TGG TGT CCA AGG GCG AGG AGC T 	16976.88
N16 	HSATPPIRES2 	#= 63	CAG AAT TCG AAG CTT GAG CTC GAG TTA TTA GTC TTC AAT GTT ATG CCT GAT TTT GAA ATT CGC 	19406.47
O16 	CEL-F-PET2 	#= 34	AAA ACA TAT GAC TCG TCT GTA TTC TGT TTT CTT C 	10347.69
P16 	M13F 	#= 24	CGC CAG GGT TTT CCC AGT CAC GAC 	7289.71
A17 	M13R 	#= 24	AGC GGA TAA CAA TTT CAC ACA GGA 	7378.82
B17 	VibriophageN4_F1-F_(pTZ/F) 	#= 48	CGA CGG GCC CGG GAT CCG ATA TCT GTA TCT TAA AGA CTA TCA TCA AGA 	14760.51
C17 	VibriophageN4_F1-R_(pTZ/F) 	#= 45	CCT CGC GAA TGC ATC TAG ATT AAT CAT AGC GAA GTA ACC TTT TGA 	13802.91
D17 	VibriophageN4_F4-F_(pTZ/F) 	#= 44	CGA CGG GCC CGG GAT CCG ATT TTA CGT GAA CTA TTC ATT AGT GC 	13538.69
E17 	VibriophageN4_F4-R_(pTZ/F) 	#= 45	CCT CGC GAA TGC ATC TAG ATA TAG ACT GAT TAC TTG CAT GTT AGT 	13824.91
F17 	VibriophageN4_F26-F_(pTZ/F) 	#= 46	CGA CGG GCC CGG GAT CCG ATA GAA TGA CGG AAA GTA TCA GTT ATT A 	14272.19
G17 	VibriophageN4_F26-R_(pTZ/F) 	#= 44	CCT CGC GAA TGC ATC TAG ATA GTC AAT GAT ACG CTT AAT GAA GA 	13547.76
H17 	F16-err-1 	#= 50	CGT GAT GGG CTT CGA GGT CGT AGA GAC TCC ACA CAT GAC TGC TCA AAT GG 	15450.92
I17 	F16-err-2 	#= 50	CCA TTT GAG CAG TCA TGT GTG GAG TCT CTA CGA CCT CGA AGC CCA TCA CG 	15321.83
J17 	F17-err-1 	#= 49	GGT GCT CCT GAG ATT GAT ACT GTG CTT GGT AAC GAA CTG ATT GAC TTA G 	15172.74
K17 	F17-err-2 	#= 49	CTA AGT CAA TCA GTT CGT TAC CAA GCA CAG TAT CAA TCT CAG GAG CAC C 	14977.67
L17 	F18-err-1 	#= 43	GGC TAC CAT GCC TCA TGT GTT GAT TCG TGA AGC TGA CGG TAC G 	13265.51
M17 	F18-err-2 	#= 43	CGT ACC GTC AGC TTC ACG AAT CAA CAC ATG AGG CAT GGT AGC C 	13181.49
N17 	F19-err-1 	#= 46	CGT ATT AAG TTC CAA AAG TAT CTC ACC AAT CAG CGT CAA GAG ATG C 	14110.12
O17 	F19-err-2 	#= 46	GCA TCT CTT GAC GCT GAT TGG TGA GAT ACT TTT GGA ACT TAA TAC G 	14185.13
P17 	F20-err-1 	#= 46	GGT GCT CTG TCA GGC TCT ATG GCT GCT CCA AGA CCT AAT GCT GGC G 	14149.06
A18 	F20-err-2 	#= 46	CGC CAG CAT TAG GTC TTG GAG CAG CCA TAG AGC CTG ACA GAG CAC C 	14154.10
B18 	F20-err-3 	#= 46	GCG TGA AGA TGG TAC TCT ACT TTA TCA AGA TGA CCC TTA CGC AAT G 	14148.12
C18 	F20-err-4 	#= 46	CAT TGC GTA AGG GTC ATC TTG ATA AAG TAG AGT ACC ATC TTC ACG C 	14148.12
D18 	F22-err-1 	#= 47	GAA CAA GAC CTT GGT ACG TGG TGT TGA AGG TGC TGC TGT AGG TTT GG 	14676.41
E18 	F22-err-2 	#= 47	CCA AAC CTA CAG CAG CAC CTT CAA CAC CAC GTA CCA AGG TCT TGT TC 	14241.18
F18 	F22-err-3 	#= 44	GGT GAA GGA CTG GTT CGT TCT CCT GTT GGT ACA CAA TCT GGT GG 	13640.74
G18 	F22-err-4 	#= 44	CCA CCA GAT TGT GTA CCA ACA GGA GAA CGA ACC AGT CCT TCA CC 	13423.66
H18 	F23-err-1 	#= 47	CGT ATG GGT ACT ATT GCT GAT GTT GCT AAT CAT GCT CTG TTT GGA AG 	14536.33
I18 	F23-err-2 	#= 47	CTT CCA AAC AGA GCA TGA TTA GCA ACA TCA GCA ATA GTA CCC ATA CG 	14377.31
J18 	M13F 	#= 24	CGC CAG GGT TTT CCC AGT CAC GAC 	7289.71
K18 	M13R 	#= 24	AGC GGA TAA CAA TTT CAC ACA GGA 	7378.82
L18 	YCpLAC35-F 	#= 20	ACT GGC CGT CGT TTT ACA AC 	6067.94
M18 	YCpLAC35-R 	#= 20	GGC GTA ATC ATG GTC ATA GC 	6157.01
N18 	pY-F 	#= 20	GCT ATG ACC ATG ATT ACG CC 	6076.96
O18 	pY-R 	#= 22	CGT TGT AAA ACG ACG GCC AGT G 	6784.41
P18 	F14-15-F 	#= 23	GAG TAT CCT TTA GAC TCT TGC CC 	6965.51
A19 	F14-15-R 	#= 22	CGA TTG CAG GCT CAA CAG CCT C 	6680.33
B19 	F27-seq1 	#= 24	GCT TCG TGA TTT CAT CGT AGC GGC 	7350.74
C19 	F27-seq2 	#= 22	GTC CCA TAA GGC TTC CCG AAG G 	6720.36
D19 	F2-err-1 	#= 49	GAG CGT AAG TTC AAA GGT ATT CCA GAT AAA GAC CAT GAA GCT TTA CAC C 	15105.76
E19 	F2-err-2 	#= 49	GGT GTA AAG CTT CAT GGT CTT TAT CTG GAA TAC CTT TGA ACT TAC GCT C 	15042.67
F19 	F10-err-1 	#= 48	GGC AAT CTA TCA GTT GAT TTC ACG TTC ATT GCT CGT GAT TTA GAA ACC 	14722.48
G19 	F10-err-2 	#= 48	GGT TTC TAA ATC ACG AGC AAT GAA CGT GAA ATC AAC TGA TAG ATT GCC 	14807.57
H19 	F10-err-3 	#= 47	GTG GTG GTG AAT ACT GCC TAT GAA CAA GCG TAA GAT TGT ATT TGA AG 	14636.43
I19 	F10-err-4 	#= 47	CTT CAA ATA CAA TCT TAC GCT TGT TCA TAG GCA GTA TTC ACC ACC AC 	14276.22
J19 	F12-err-1 	#= 48	GGC GTT GTT GGT GCT TAC CCT TAC ATT CAA CGT CCA GAC ACT CAG TTC 	14660.41
K19 	F12-err-2 	#= 48	GAA CTG AGT GTC TGG ACG TTG AAT GTA AGG GTA AGC ACC AAC AAC GCC 	14874.58
L19 	F12-err-3 	#= 48	CAC CGG ATT TCA TCT TAC CGA ATG GAA TCA TCA TTG AAT CAA AAG GTC 	14718.51
M19 	F12-err-4 	#= 48	GAC CTT TTG ATT CAA TGA TGA TTC CAT TCG GTA AGA TGA AAT CCG GTG 	14811.54
N19 	F12-err-5 	#= 50	CTA ATC AAA GAA CAA TAT CCA GAC TTG GAG ATT CGC TTC GTG TTC TCT CG 	15318.87
O19 	F12-err-6 	#= 50	CGA GAG AAC ACG AAG CGA ATC TCC AAG TCT GGA TAT TGT TCT TTG ATT AG 	15447.95
P19 	F13-err-1 	#= 50	GAT TAT AAA AGT GCT GAG AAA GTT TGG CAT TTC GTG TCA GAT TTC GAC CG 	15493.98
A20 	F13-err-2 	#= 50	CGG TCG AAA TCT GAC ACG AAA TGC CAA ACT TTC TCA GCA CTT TTA TAA TC 	15271.86
B20 	F24-err-1 	#= 48	CAA CAT GTT CGC TGC TCC ATT GGG ATT CGA CCC TGC GAA GCA AGT CCG 	14704.43
C20 	F24-err-2 	#= 48	CGG ACT TGC TTC GCA GGG TCG AAT CCC AAT GGA GCA GCG AAC ATG TTG 	14833.52
D20 	F6-2-R 	#= 48	CTT CAT ATA ACC ATA GAA CAT GCG CTT GAA GTT TTG AAT CAG GAA GTC 	14773.54
E20 	F6-half-F 	#= 54	CCT GAT TCA AAA CTT CAA GCG CAT GTT CTA TGG TTA TAT GAA GTT AAT CAA CCG 	16577.69
F20 	F6-half-clone-F 	#= 55	CGA CGG GCC CGG GAT CCG ATC GCA TGT TCT ATG GTT ATA TGA AGT TAA TCA ACC G 	16965.89
G20 	pool1_SARSCoV_1200_1_LEFT 	#= 24	ACC AAC CAA CTT TCG ATC TCT TGT 	7222.70
H20 	pool1_SARSCoV_1200_1_RIGHT 	#= 22	GGT TGC ATT CAT TTG GTG ACG C 	6772.38
I20 	pool1_SARSCoV_1200_3_LEFT 	#= 26	GGC TTG AAG AGA AGT TTA AGG AAG GT 	8163.30
J20 	pool1_SARSCoV_1200_3_RIGHT 	#= 22	GAT TGT CCT CAC TGC CGT CTT G 	6668.31
K20 	pool1_SARSCoV_1200_5_LEFT 	#= 22	ACC TAC TAA AAA GGC TGG TGG C 	6768.41
L20 	pool1_SARSCoV_1200_5_RIGHT 	#= 22	AGC ATC TTG TAG AGC AGG TGG A 	6839.44
M20 	pool1_SARSCoV_1200_7_LEFT 	#= 24	ACC TGG TGT ATA CGT TGT CTT TGG 	7380.77
N20 	pool1_SARSCoV_1200_7_RIGHT 	#= 22	GCT GAA ATC GGG GCC ATT TGT A 	6790.41
O20 	pool1_SARSCoV_1200_9_LEFT 	#= 29	AGA AGT TAC TGG CGA TAG TTG TAA TAA CT 	8979.84
P20 	pool1_SARSCoV_1200_9_RIGHT 	#= 22	TGC TGA TAT GTC CAA AGC ACC A 	6703.37
A21 	pool1_SARSCoV_1200_11_LEFT 	#= 27	AGA CAC CTA AGT ATA AGT TTG TTC GCA 	8282.39
B21 	pool1_SARSCoV_1200_11_RIGHT 	#= 22	GCC CAC ATG GAA ATG GCT TGA T 	6759.39
C21 	pool1_SARSCoV_1200_13_LEFT 	#= 23	ACC TCT TAC AAC AGC AGC CAA AC 	6930.53
D21 	pool1_SARSCoV_1200_13_RIGHT 	#= 22	CGT CCT TTT CTT GGA AGC GAC A 	6701.34
E21 	pool1_SARSCoV_1200_15_LEFT 	#= 28	TTT TAA GGA ATT ACT TGT GTA TGC TGC T 	8614.58
F21 	pool1_SARSCoV_1200_15_RIGHT 	#= 22	ACA CAC AAC AGC ATC GTC AGA G 	6706.39
G21 	pool1_SARSCoV_1200_17_LEFT 	#= 23	TCA AGC TTT TTG CAG CAG AAA CG 	7047.59
H21 	pool1_SARSCoV_1200_17_RIGHT 	#= 22	CCA AGC AGG GTT ACG TGT AAG G 	6824.43
I21 	pool1_SARSCoV_1200_19_LEFT 	#= 22	GGC ACA TGG CTT TGA GTT GAC A 	6790.41
J21 	pool1_SARSCoV_1200_19_RIGHT 	#= 23	CCT GTT GTC CAT CAA AGT GTC CC 	6950.50
K21 	pool1_SARSCoV_1200_21_LEFT 	#= 28	TCT GTA GTT TCT AAG GTT GTC AAA GTG A 	8648.60
L21 	pool1_SARSCoV_1200_21_RIGHT 	#= 22	GCA GGG GGT AAT TGA GTT CTG G 	6886.45
M21 	pool1_SARSCoV_1200_23_LEFT 	#= 26	ACT TTA GAG TCC AAC CAA CAG AAT CT 	7907.16
N21 	pool1_SARSCoV_1200_23_RIGHT 	#= 22	TGA CTA GCT ACA CTA CGT GCC C 	6655.32
O21 	pool1_SARSCoV_1200_25_LEFT 	#= 25	TGC TGC TAC TAA AAT GTC AGA GTG T 	7696.00
P21 	pool1_SARSCoV_1200_25_RIGHT 	#= 22	CAT TTC CAG CAA AGC CAA AGC C 	6657.35
A22 	pool1_SARSCoV_1200_27_LEFT 	#= 22	TGG ATC ACC GGT GGA ATT GCT A 	6790.41
B22 	pool1_SARSCoV_1200_27_RIGHT 	#= 22	TGT TCG TTT AGG CGT GAC AAG T 	6796.40
C22 	pool1_SARSCoV_1200_29_LEFT 	#= 22	TGA GGG AGC CTT GAA TAC ACC A 	6768.41
D22 	pool1_SARSCoV_1200_29_RIGHT 	#= 22	TAG GCA GCT CTC CCT AGC ATT G 	6686.33
E22 	pool1_nCoV_1200_23_Left_Omicron 	#= 26	ACT TTA GAG TTC AAC CAA CAG AAT CT 	7922.17
F22 	pool1_nCov_ARTIC_V4_71_Right 	#= 25	TGA GGA TCT GAA AAC TTT GTC AGG G 	7761.04
G22 	pool2_SARSCoV_1200_2_LEFT 	#= 28	CCA TAA TCA AGA CTA TTC AAC CAA GGG T 	8549.57
H22 	pool2_SARSCoV_1200_2_RIGHT 	#= 22	ACA GGT GAC AAT TTG TCC ACC G 	6719.37
I22 	pool2_SARSCoV_1200_4_LEFT 	#= 22	GGA ATT TGG TGC CAC TTC TGC T 	6732.35
J22 	pool2_SARSCoV_1200_4_RIGHT 	#= 22	CCT GAC CCG GGT AAG TGG TTA T 	6766.38
K22 	pool2_SARSCoV_1200_6_LEFT 	#= 29	ACT TCT ATT AAA TGG GCA GAT AAC AAC TG 	8908.80
L22 	pool2_SARSCoV_1200_6_RIGHT 	#= 22	GAT TAT CCA TTC CCT GCG CGT C 	6637.30
M22 	pool2_SARSCoV_1200_8_LEFT 	#= 30	CAA TCA TGC AAT TGT TTT TCA GCT ATT TTG 	9151.93
N22 	pool2_SARSCoV_1200_8_RIGHT 	#= 22	TGA CTT TTT GCT ACC TGC GCA T 	6667.32
O22 	pool2_SARSCoV_1200_10_LEFT 	#= 24	TTT ACC AGG AGT TTT CTG TGG TGT 	7395.78
P22 	pool2_SARSCoV_1200_10_RIGHT 	#= 22	TGG GCC TCA TAG CAC ATT GGT A 	6750.38
A23 	pool2_SARSCoV_1200_12_LEFT 	#= 22	ATG GTG CTA GGA GAG TGT GGA C 	6895.47
B23 	pool2_SARSCoV_1200_12_RIGHT 	#= 22	GGA TTT CCC ACA ATG CTG ATG C 	6710.36
C23 	pool2_SARSCoV_1200_14_LEFT 	#= 23	ACA GGC ACT AGT ACT GAT GTC GT 	7063.59
D23 	pool2_SARSCoV_1200_14_RIGHT 	#= 22	GTG CAG CTA CTG AAA AGC ACG T 	6768.41
E23 	pool2_SARSCoV_1200_16_LEFT 	#= 26	ACA ACA CAG ACT TTA TGA GTG TCT CT 	7929.16
F23 	pool2_SARSCoV_1200_16_RIGHT 	#= 22	CTC TGT CAG ACA GCA CTT CAC G 	6655.32
G23 	pool2_SARSCoV_1200_18_LEFT 	#= 27	GCA CAT AAA GAC AAA TCA GCT CAA TGC 	8254.39
H23 	pool2_SARSCoV_1200_18_RIGHT 	#= 22	TGT CTG AAG CAG TGG AAA AGC A 	6832.46
I23 	pool2_SARSCoV_1200_20_LEFT 	#= 30	ACA ATT TGA TAC TTA TAA CCT CTG GAA CAC 	9132.95
J23 	pool2_SARSCoV_1200_20_RIGHT 	#= 22	GAT TAG GCA TAG CAA CAC CCG G 	6753.40
K23 	pool2_SARSCoV_1200_22_LEFT 	#= 30	GTG ATG TTC TTG TTA ACA ACT AAA CGA ACA 	9212.99
L23 	pool2_SARSCoV_1200_22_RIGHT 	#= 22	AAC AGA TGC AAA TCT GGT GGC G 	6808.43
M23 	pool2_SARSCoV_1200_24_LEFT 	#= 26	GCT GAA CAT GTC AAC AAC TCA TAT GA 	7947.18
N23 	pool2_SARSCoV_1200_24_RIGHT 	#= 22	ATG AGG TGC TGA CTG AGG GAA G 	6904.48
O23 	pool2_SARSCoV_1200_26_LEFT 	#= 22	GCC TTG AAG CCC CTT TTC TCT A 	6612.28
P23 	pool2_SARSCoV_1200_26_RIGHT 	#= 22	AAT GAC CAC ATG GAA CGC GTA C 	6737.40
A24 	pool2_SARSCoV_1200_28_LEFT 	#= 24	TTT GTG CTT TTT AGC CTT TCT GCT 	7272.69
B24 	pool2_SARSCoV_1200_28_RIGHT 	#= 22	GTT TGG CCT TGT TGT TGT TGG C 	6785.36
C24 	pool2_nCoV_1200_22_RightOmicron 	#= 22	AAC AGA TGC AAA TTT GGT GGC G 	6823.44
D24 	pool2_nCoV_1200_28_Left_Omicron 	#= 24	TTT GTG CTT TTT AGC CTT TCT GTT 	7287.70
E24 	pool2_nCoV_1200_26_Left_Omicron 	#= 22	GCC TTG AAG CCC CTT TTT TCT A 	6627.29
F24 	1GAPDH-F 	#= 20	TTG GCT ACA GCA ACA GGG TG 	6182.02
G24 	2GAPDH-R 	#= 20	GGG GAG ATT CAG TGT GGT GG 	6309.08
