where	code	seq	DMT	comment	length	
A1 	VibriophageN4_F1-1 	ATC TGT ATC TTA AAG ACT ATC ATC AAG ACT CAC ATC AAG ACT ATC ATC AAG TCA TAC 	(DMT ON) 	\"CUSTOMER\" 	#= 57
B1 	VibriophageN4_F1-2 	TAT ATC TTG ATG ATT ACC TAA AGA GGA GAT GAT TGA TGT ATG ACT TGA TGA TAG TCT TGA TG 	(DMT ON) 	\"CUSTOMER\" 	#= 62
C1 	VibriophageN4_F1-3 	TCC TCT TTA GGT AAT CAT CAA GAT ATA CGG TAA GAC TAT CAT CAA GAC TAA CAT CAA GTC AAG ACC 	(DMT ON) 	\"CUSTOMER\" 	#= 66
D1 	VibriophageN4_F1-4 	GCT TAT TGA TTG GCT TAT GGT CTA TCC TTT AGA TAG GTC TTG ACT TGA TGT TAG TCT 	(DMT ON) 	\"CUSTOMER\" 	#= 57
E1 	VibriophageN4_F1-5 	GAC CAT AAG CCA ATC AAT AAG CCC ACA CTA TAA GGA GGA GAC AAA CAG AGA 	(DMT ON) 	\"CUSTOMER\" 	#= 51
F1 	VibriophageN4_F1-6 	GAC TAT CTC TTA TAG TTC TCC TCT TAT AGT CTC TGT TTG TCT CCT CCT T 	(DMT ON) 	\"CUSTOMER\" 	#= 49
G1 	VibriophageN4_F1-7 	ATA AGA GGA GAA CTA TAA GAG ATA GTC ACT AAC AAA CAA TTA TAA TAA GAA TAA T 	(DMT ON) 	\"CUSTOMER\" 	#= 55
H1 	VibriophageN4_F1-8 	AAG ATA GTC TTT AAG TCT ATG ATT GTA ATA GTA TTA TTC TTA TTA TAA TTG TTT GTT AGT 	(DMT ON) 	\"CUSTOMER\" 	#= 60
I1 	VibriophageN4_F1-9 	ATT ACA ATC ATA GAC TTA AAG ACT ATC TTA AAG ATT ATC TCA AAA TAC CTA TTG ACT AT 	(DMT ON) 	\"CUSTOMER\" 	#= 59
J1 	VibriophageN4_F1-10 	CCG TCT CGA TGG AAT GAA TAA TAC ATA GAC CAG ACA CCA TAG TCA ATA GGT ATT TTG AGA TAA TCT 	(DMT ON) 	\"CUSTOMER\" 	#= 66
K1 	VibriophageN4_F1-11 	TTA TTC ATT CCA TCG AGA CGG GAC ATA GAG ACC TTA CCC GAA AGG AAG T 	(DMT ON) 	\"CUSTOMER\" 	#= 49
L1 	VibriophageN4_F1-12 	TGC TAC TTA ACG TTA TCA GAC TTA GTG ACT TCC TTT CGG GTA AGG T 	(DMT ON) 	\"CUSTOMER\" 	#= 46
M1 	VibriophageN4_F1-13 	AAG TCT GAT AAC GTT AAG TAG CAA TCA ACA AGG CGT ACG AAA GTT GTT GAC TCG ATG AAA AA 	(DMT ON) 	\"CUSTOMER\" 	#= 62
N1 	VibriophageN4_F1-14 	TGT TTC GTT ATG TGG TGT ATC TTA GTT CAT CTT TTT CAT CGA GTC AAC AAC TTT 	(DMT ON) 	\"CUSTOMER\" 	#= 54
O1 	VibriophageN4_F1-15 	AGA TAC ACC ACA TAA CGA AAC ACT AAC ACT AAC ACT AAA GGA AAT AAT ACT 	(DMT ON) 	\"CUSTOMER\" 	#= 51
P1 	VibriophageN4_F1-16 	ACT TGT TGT CAG CAT TAG AGA TAA ACA TAG TAT TAT TTC CTT TAG TGT TAG TGT T 	(DMT ON) 	\"CUSTOMER\" 	#= 55
A2 	VibriophageN4_F1-17 	ATC TCT AAT GCT GAC AAC AAG TTC ACT GTA ATT GCT TCA CCA T 	(DMT ON) 	\"CUSTOMER\" 	#= 43
B2 	VibriophageN4_F1-18 	TGC ATA CTC ATA TTA GCA CGG AAT GGT GAA GCA ATT ACA GTG A 	(DMT ON) 	\"CUSTOMER\" 	#= 43
C2 	VibriophageN4_F1-19 	CCG TGC TAA TAT GAG TAT GCA AAC TAA CAT GAT GCG CTT AGA GGC TGC AAT GAA 	(DMT ON) 	\"CUSTOMER\" 	#= 54
D2 	VibriophageN4_F1-20 	TTG AAG CAC ATA GTT AAG CGA TTC ATT GCA GCC TCT AAG C 	(DMT ON) 	\"CUSTOMER\" 	#= 40
E2 	VibriophageN4_F1-21 	TCG CTT AAC TAT GTG CTT CAA TAT CAC TAA CAT GAA GAC TGT GCT TGG AGT CTA T 	(DMT ON) 	\"CUSTOMER\" 	#= 55
F2 	VibriophageN4_F1-22 	CTT CCT GAC CCT CTT CCT GAT AGA CTC CAA GCA CAG TCT 	(DMT ON) 	\"CUSTOMER\" 	#= 39
G2 	VibriophageN4_F1-23 	CAG GAA GAG GGT CAG GAA GCT GCT ACA CGC GAA GTT TCA ATC AAG ATG GAT GGT CT 	(DMT ON) 	\"CUSTOMER\" 	#= 56
H2 	VibriophageN4_F1-24 	ACA CAG GTT CTT AAC TTC AGG CCA GCA TAG ACC ATC CAT CTT GAT TGA AA 	(DMT ON) 	\"CUSTOMER\" 	#= 50
I2 	VibriophageN4_F1-25 	CCT GAA GTT AAG AAC CTG TGT ACG CTG TTC TGT GAG GAT TT 	(DMT ON) 	\"CUSTOMER\" 	#= 41
J2 	VibriophageN4_F1-26 	CAT TCT CAT TGT TAA TCA CAA GGA TAC AGT CTT GCT CGA AAT CCT CAC AGA ACA GCG 	(DMT ON) 	\"CUSTOMER\" 	#= 57
K2 	VibriophageN4_F1-27 	TCC TTG TGA TTA ACA ATG AGA ATG GTC GTT GTG CTC TGT GGA GTA ATT CAT GGT CAG AAG 	(DMT ON) 	\"CUSTOMER\" 	#= 60
L2 	VibriophageN4_F1-28 	CTT GTG TCC AGA AAC CTA ACT CTT CTG ACC ATG AAT TAC TCC A 	(DMT ON) 	\"CUSTOMER\" 	#= 43
M2 	VibriophageN4_F1-29 	AGT TAG GTT TCT GGA CAC AAG TGA CCG CTG AGG AAG CTC ACG AAG CTG GTA TCT ACA C 	(DMT ON) 	\"CUSTOMER\" 	#= 58
N2 	VibriophageN4_F1-30 	AGC CAG TAG GTG AAG TTA GTG TCC AGA GTG TAG ATA CCA GCT TCG TG 	(DMT ON) 	\"CUSTOMER\" 	#= 47
O2 	VibriophageN4_F1-31 	ACT AAC TTC ACC TAC TGG CTG GCT AAG TAA TGA GTC CTT ATG AAA TAA GCT GGG 	(DMT ON) 	\"CUSTOMER\" 	#= 54
P2 	VibriophageN4_F1-32 	GCT ATC CTC AAA CCA ATC GTG GGA TGA TGC CCA GCT TAT TTC ATA AGG ACT 	(DMT ON) 	\"CUSTOMER\" 	#= 51
A3 	VibriophageN4_F1-33 	ACG ATT GGT TTG AGG ATA GCT TTG AAG TTG ATG ATT ATC TAT GTG TGC TTA CCA CTT 	(DMT ON) 	\"CUSTOMER\" 	#= 57
B3 	VibriophageN4_F1-34 	CAA AGT TAG TGA AGA TAA TCC CAC AAG TGG TAA GCA CAC ATA GAT AA 	(DMT ON) 	\"CUSTOMER\" 	#= 47
C3 	VibriophageN4_F1-35 	GTG GGA TTA TCT TCA CTA ACT TTG ACA ATA TGA AAG AAT GGG CAG AAG AA 	(DMT ON) 	\"CUSTOMER\" 	#= 50
D3 	VibriophageN4_F1-36 	AAG TGT TTT ATC AGA CTT TTT CAG ATT TTC TTC TGC CCA TTC TTT CAT 	(DMT ON) 	\"CUSTOMER\" 	#= 48
E3 	VibriophageN4_F1-37 	TCT GAA AAA GTC TGA TAA AAC ACT TGA CGA AGA CTT TTA AAT TAA CTA AGA TAC TCG T 	(DMT ON) 	\"CUSTOMER\" 	#= 58
F3 	VibriophageN4_F1-38 	GGT TCC TGT TGT TTG TTT CGA TAC GAG TAT CTT AGT TAA TTT AAA AGT CT 	(DMT ON) 	\"CUSTOMER\" 	#= 50
G3 	VibriophageN4_F1-39 	CGA AAC AAA CAA CAG GAA CCA TTA ACA TGG CTA ACG TAA TCA AAC CAG AAT CTC A 	(DMT ON) 	\"CUSTOMER\" 	#= 55
H3 	VibriophageN4_F1-40 	GCA GCA GAG ATA TCA GAG AAG TTG TGA GAT TCT GGT TTG ATT ACG T 	(DMT ON) 	\"CUSTOMER\" 	#= 46
I3 	VibriophageN4_F1-41 	CTT CTC TGA TAT CTC TGC TGC AAT CCT ACC GTT CAA CGT ATT GGC AGA CTC TTA CGG 	(DMT ON) 	\"CUSTOMER\" 	#= 57
J3 	VibriophageN4_F1-42 	TGC TCA AGC ATC AAC TGT TCA GCG GCC AGA GCC TCA CCG TAA GAG TCT GCC AAT AC 	(DMT ON) 	\"CUSTOMER\" 	#= 56
K3 	VibriophageN4_F1-43 	AAC AGT TGA TGC TTG AGC ATG AAT CTT ACC AGT TAG GTG AAG CAC GAT TCA TCA AAG C 	(DMT ON) 	\"CUSTOMER\" 	#= 58
L3 	VibriophageN4_F1-44 	ACC TCA CCA CGT TCT ACT TGA CGT TCC ATC GCT TTG ATG AAT CGT GCT TC 	(DMT ON) 	\"CUSTOMER\" 	#= 50
M3 	VibriophageN4_F1-45 	AAG TAG AAC GTG GTG AGG TGT CTG ATA ATG CTG TGG CGA A 	(DMT ON) 	\"CUSTOMER\" 	#= 40
N3 	VibriophageN4_F1-46 	AGG AAT TAG AGT GTC TAA CAG TGG TTT CGC CAC AGC ATT ATC AG 	(DMT ON) 	\"CUSTOMER\" 	#= 44
O3 	VibriophageN4_F1-47 	CAC TGT TAG ACA CTC TAA TTC CTG CTC TGG CAG CTC GTA TCA CTG AGT TTG TCG AGA TG 	(DMT ON) 	\"CUSTOMER\" 	#= 59
P3 	VibriophageN4_F1-48 	TTG ATA CGT GAG GTT TAC CAC GCT GTT TCA TCT CGA CAA ACT CAG TGA T 	(DMT ON) 	\"CUSTOMER\" 	#= 49
A4 	VibriophageN4_F1-49 	GTG GTA AAC CTC ACG TAT CAA AAG GTT ACT TCG CTA TGA TTA 	(DMT ON) 	\"CUSTOMER\" 	#= 42
B4 	VibriophageN4_F1-50 	TAA TCA TAG CGA AGT AAC CTT 	(DMT ON) 	\"CUSTOMER\" 	#= 21
C4 	VibriophageN4_F2-1 	TCA AAA GGT TAC TTC GCT ATG ATT AAA CCT GAG TCT GCT GCA TTT AT 	(DMT ON) 	\"CUSTOMER\" 	#= 47
D4 	VibriophageN4_F2-2 	TCT TCT TTA GCA AGG ATA TTC AGA GTA GTC TTA ACG ATG ATA AAT GCA GCA GAC TCA GG 	(DMT ON) 	\"CUSTOMER\" 	#= 59
E4 	VibriophageN4_F2-3 	TCT GAA TAT CCT TGC TAA AGA AGA GTC TGT TCC GGT TCA ACG TGT AGC AAT GGC TA 	(DMT ON) 	\"CUSTOMER\" 	#= 56
F4 	VibriophageN4_F2-4 	CGA CCA AAG CGA ATC TCA TCT TCG ATG TTA CCA CCG ATA GCC ATT GCT ACA CGT TG 	(DMT ON) 	\"CUSTOMER\" 	#= 56
G4 	VibriophageN4_F2-5 	ATG AGA TTC GCT TTG GTC GTA TCC GTG ACG AAG AAA TCA AAC ACT T 	(DMT ON) 	\"CUSTOMER\" 	#= 46
H4 	VibriophageN4_F2-6 	TAA GTT AGG CTT TAC GCG CTC CTT GAA GTG TTT GAT TTC TTC GTC AC 	(DMT ON) 	\"CUSTOMER\" 	#= 47
I4 	VibriophageN4_F2-7 	GCG CGT AAA GCC TAA CTT AGA CAA GCG TAA CGG TTT CAT CTA CAA GAA AGC ATA CA 	(DMT ON) 	\"CUSTOMER\" 	#= 56
J4 	VibriophageN4_F2-8 	TTT GTC TTG CAT ACC AGC TTC CAC AGC TTC CAT GTA TGC TTT CTT GTA GAT GAA AC 	(DMT ON) 	\"CUSTOMER\" 	#= 56
K4 	VibriophageN4_F2-9 	AAG CTG GTA TGC AAG ACA AAG GTG AGT TAA ACT CAA CGC ATG AAG CT 	(DMT ON) 	\"CUSTOMER\" 	#= 47
L4 	VibriophageN4_F2-10 	ACG GAT ACC AAC GTG AAA CTT AAC GTC TTT TTC CCA AGC TTC ATG CGT TGA GTT T 	(DMT ON) 	\"CUSTOMER\" 	#= 55
M4 	VibriophageN4_F2-11 	GTT TCA CGT TGG TAT CCG TGC TAT TGA AAT GCT GAT TGA AGC GAC 	(DMT ON) 	\"CUSTOMER\" 	#= 45
N4 	VibriophageN4_F2-12 	CTC AAG TTG AAC CAT GCC AGT CGC TTC AAT CAG CAT TTC 	(DMT ON) 	\"CUSTOMER\" 	#= 39
O4 	VibriophageN4_F2-13 	TGG CAT GGT TCA ACT TGA GCG TAA GTT CAA AGG TAT TCC AGA TAA AG 	(DMT ON) 	\"CUSTOMER\" 	#= 47
P4 	VibriophageN4_F2-14 	CGC AAG GTG TAA AGC TTC ATG GTC TTT ATC TGG AAT ACC TTT GAA CTT 	(DMT ON) 	\"CUSTOMER\" 	#= 48
A5 	VibriophageN4_F2-15 	TGA AGC TTT ACA CCT TGC GCC TGA ATA CGT AGA GAA ACT GAC T 	(DMT ON) 	\"CUSTOMER\" 	#= 43
B5 	VibriophageN4_F2-16 	ATA CAT CGG TGA GAT TCC TGC CAG AGC GTG AGC ACG GTT AGT CAG TTT CTC TAC GTA TTC AG 	(DMT ON) 	\"CUSTOMER\" 	#= 62
C5 	VibriophageN4_F2-17 	CAG GAA TCT CAC CGA TGT ATC AAC CAA TGA TTG TCA AAC CTA AGC GTT GG 	(DMT ON) 	\"CUSTOMER\" 	#= 50
D5 	VibriophageN4_F2-18 	CTT TAG CCC AAT AGC CAC CAC CTT GTA CAC CAG TCC AAC GCT TAG GTT TGA CA 	(DMT ON) 	\"CUSTOMER\" 	#= 53
E5 	VibriophageN4_F2-19 	GGT GGC TAT TGG GCT AAA GGT CGT CGT CCA CTG AAT CTA ATC CGT GTA GGC TC 	(DMT ON) 	\"CUSTOMER\" 	#= 53
F5 	VibriophageN4_F2-20 	CCA CTT GAC GAT AAC GGT CGA GAG CAC GTT TAG AGC CTA CAC GGA TTA GAT TC 	(DMT ON) 	\"CUSTOMER\" 	#= 53
G5 	VibriophageN4_F2-21 	GAC CGT TAT CGT CAA GTG GAT ATG CCA GAA GTT TAC GAT GCG ATT AAC AC 	(DMT ON) 	\"CUSTOMER\" 	#= 50
H5 	VibriophageN4_F2-22 	TTA ATA CGC CAT GCG GTT TCC TGA ATA GTG TTA ATC GCA TCG TAA ACT T 	(DMT ON) 	\"CUSTOMER\" 	#= 49
I5 	VibriophageN4_F2-23 	AAA CCG CAT GGC GTA TTA ACA AAG ATG TTC TTG CTG TAG TTA ACA ACG T 	(DMT ON) 	\"CUSTOMER\" 	#= 49
J5 	VibriophageN4_F2-24 	TCT ACT GGA CAA TTA GCC CAA GTA ACC ACG TTG TTA ACT ACA GCA AGA 	(DMT ON) 	\"CUSTOMER\" 	#= 48
K5 	VibriophageN4_F2-25 	TGG GCT AAT TGT CCA GTA GAA GAC GTT CCG TCA ATC GAC AAG CTT GCT CTA CCT G 	(DMT ON) 	\"CUSTOMER\" 	#= 55
L5 	VibriophageN4_F2-26 	CGT TGC TGT CGA TAT CTT CAG GCT TCT CAG GTA GAG CAA GCT TGT C 	(DMT ON) 	\"CUSTOMER\" 	#= 46
M5 	VibriophageN4_F2-27 	TGA AGA TAT CGA CAG CAA CGA GGA GTC ACT GAA GAA ATG GAA 	(DMT ON) 	\"CUSTOMER\" 	#= 42
N5 	VibriophageN4_F2-28 	CGA GCC TTC TCT TTA CGA TAG ATT GCA GCA GCA GCC TTC TTC CAT TTC TTC AGT GAC TCC 	(DMT ON) 	\"CUSTOMER\" 	#= 60
O5 	VibriophageN4_F2-29 	CTA TCG TAA AGA GAA GGC TCG CCA ATC TCG TCG AAT CAG CTT AG 	(DMT ON) 	\"CUSTOMER\" 	#= 44
P5 	VibriophageN4_F2-30 	CTT GCT GAA CTT GTT AGC TTG GCT CAA AGC AAA CTC TAA GCT GAT TCG ACG AGA TT 	(DMT ON) 	\"CUSTOMER\" 	#= 56
A6 	VibriophageN4_F2-31 	CAA GCT AAC AAG TTC AGC AAG TAC AAC GAG ATT TAC TTC CCA TAT AAC ATG GAC T 	(DMT ON) 	\"CUSTOMER\" 	#= 55
B6 	VibriophageN4_F2-32 	GAT TGC ATA TAC GCG ACC ACG CCA GTC CAT GTT ATA TGG GAA GTA AA 	(DMT ON) 	\"CUSTOMER\" 	#= 47
C6 	VibriophageN4_F2-33 	TGG TCG CGT ATA TGC AAT CCC GAT GTT CAA TCC ACA AGG TAA CGA TAT GGT GAA A 	(DMT ON) 	\"CUSTOMER\" 	#= 55
D6 	VibriophageN4_F2-34 	ATA CCT ACA GGA ACT TTC TTA GCG AAG GTC AGC AAG CCT TTC ACC ATA TCG TTA CCT TGT 	(DMT ON) 	\"CUSTOMER\" 	#= 60
E6 	VibriophageN4_F2-35 	GCT AAG AAA GTT CCT GTA GGT ATC GAC GGT GGT TAC TGG CTG GCT GTT CAT 	(DMT ON) 	\"CUSTOMER\" 	#= 51
F6 	VibriophageN4_F2-36 	CGA TAC TTT GTC AAC GCC TGC ACA GTT CGC ACC ATG AAC AGC CAG CCA GTA A 	(DMT ON) 	\"CUSTOMER\" 	#= 52
G6 	VibriophageN4_F2-37 	AGG CGT TGA CAA AGT ATC GCT TGA AGA CCG TGT TAA ATG GG 	(DMT ON) 	\"CUSTOMER\" 	#= 41
H6 	VibriophageN4_F2-38 	GGA TAT TAG CCT CGT TAT CGT TCA CCC ATT TAA CAC GGT CTT CA 	(DMT ON) 	\"CUSTOMER\" 	#= 44
I6 	VibriophageN4_F2-39 	AAC GAT AAC GAG GCT AAT ATC CTT GCA AGT GCT GAG GCT CCT TTA GAC TTC A 	(DMT ON) 	\"CUSTOMER\" 	#= 52
J6 	VibriophageN4_F2-40 	AAG CAG AAC GGA GAG TCT TGC TCA GCC CAC CAA GTG AAG TCT AAA GGA GCC TCA 	(DMT ON) 	\"CUSTOMER\" 	#= 54
K6 	VibriophageN4_F2-41 	AAG ACT CTC CGT TCT GCT TCC TTG CAT TCT GCT TCG AGT GGG CTG CTT ATG TGA AA 	(DMT ON) 	\"CUSTOMER\" 	#= 56
L6 	VibriophageN4_F2-42 	AGC GGT AAG CTT GAT TCA AAG CTT GGT TTC TTA CCT GCT TTC ACA TAA GCA GCC CAC 	(DMT ON) 	\"CUSTOMER\" 	#= 57
M6 	VibriophageN4_F2-43 	TTT GAA TCA AGC TTA CCG CTG GCC TTC GAT GGT ACT TGC TCT GGT CTA CAA CAC T 	(DMT ON) 	\"CUSTOMER\" 	#= 55
N6 	VibriophageN4_F2-44 	GAT TTC ATC ACG TAA CAT CGC TGA GAA GTG TTG TAG ACC AGA GCA 	(DMT ON) 	\"CUSTOMER\" 	#= 45
O6 	VibriophageN4_F2-45 	GCG ATG TTA CGT GAT GAA ATC GGT GGA GCT GCT GTT AAC CTG CTA CCT GCT GA 	(DMT ON) 	\"CUSTOMER\" 	#= 53
P6 	VibriophageN4_F2-46 	ACC ATA GAT ATC TTG TGG TTT ATC AGC AGG TAG CAG GTT AA 	(DMT ON) 	\"CUSTOMER\" 	#= 41
A7 	VibriophageN4_F3-1 	CTG ATA AAC CAC AAG ATA TCT ATG GTA TCG TTG CTG TGA AAG TGA ATG AG 	(DMT ON) 	\"CUSTOMER\" 	#= 50
B7 	VibriophageN4_F3-2 	CGT CTT CTG TAC CGC TAA TCA CAA GGT CAC GTA GTA CCT CAT TCA CTT TCA CAG CAA C 	(DMT ON) 	\"CUSTOMER\" 	#= 58
C7 	VibriophageN4_F3-3 	GAT TAG CGG TAC AGA AGA CGA GAT GCA AAC TCT CGA AGA CAA GA 	(DMT ON) 	\"CUSTOMER\" 	#= 44
D7 	VibriophageN4_F3-4 	AGA CGT TCA GTG ATT TCA CCA GTC TTC TTG TCT TCG AGA GTT TGC 	(DMT ON) 	\"CUSTOMER\" 	#= 45
E7 	VibriophageN4_F3-5 	GGT GAA ATC ACT GAA CGT CTT GTG CTT GGT ACT CGC ACT CTG GCT GCT CAA TGG TTA G 	(DMT ON) 	\"CUSTOMER\" 	#= 58
F7 	VibriophageN4_F3-6 	AGT TAC TGA GCG AGT CAC ACC ATA TTC TAA CCA TTG AGC AGC CAG 	(DMT ON) 	\"CUSTOMER\" 	#= 45
G7 	VibriophageN4_F3-7 	TGT GAC TCG CTC AGT AAC TAA ACG CTC AGT TAT GAC TCT GGC TTA TGG CTC TAA 	(DMT ON) 	\"CUSTOMER\" 	#= 54
H7 	VibriophageN4_F3-8 	CAA ACA CTT GGT CAG CAA AGC CAT ACT CTT TAG AGC CAT AAG CCA GAG T 	(DMT ON) 	\"CUSTOMER\" 	#= 49
I7 	VibriophageN4_F3-9 	CTT TGC TGA CCA AGT GTT TGA AGA TAC TGT GAT GCC AGC TAT CGA CAA TGG CAA 	(DMT ON) 	\"CUSTOMER\" 	#= 54
J7 	VibriophageN4_F3-10 	CTC AGT GAA CAT TGC ACC TTT GCC ATT GTC GAT AGC TG 	(DMT ON) 	\"CUSTOMER\" 	#= 38
K7 	VibriophageN4_F3-11 	AGG TGC AAT GTT CAC TGA GCC TTC ACA AGC TTG TCG TTT CAT GGC GAA ACT CAT TT 	(DMT ON) 	\"CUSTOMER\" 	#= 56
L7 	VibriophageN4_F3-12 	CAG CAG CTA CCA CAG TTT TAC TTA CAG CAT CCC AAA TGA GTT TCG CCA TGA AAC 	(DMT ON) 	\"CUSTOMER\" 	#= 54
M7 	VibriophageN4_F3-13 	AAA ACT GTG GTA GCT GCT GTA GAA GCT ATG CAA TGG TTA CAA TCA GCC GCT AAA CTG 	(DMT ON) 	\"CUSTOMER\" 	#= 57
N7 	VibriophageN4_F3-14 	GCC TGA CTT CTT GTC TTT CAC CTC AGA AGA CAC CAG TTT AGC GGC TGA TTG T 	(DMT ON) 	\"CUSTOMER\" 	#= 52
O7 	VibriophageN4_F3-15 	TGA AAG ACA AGA AGT CAG GCG AGA TTC TGA AAC ACG CAA TG 	(DMT ON) 	\"CUSTOMER\" 	#= 41
P7 	VibriophageN4_F3-16 	CAT ACA GGG AAA CCG TTA GGG GTT GTC CAG TGC ACA GGC ATT GCG TGT TTC AGA ATC TC 	(DMT ON) 	\"CUSTOMER\" 	#= 59
A8 	VibriophageN4_F3-17 	CCT AAC GGT TTC CCT GTA TGG TCA GAG TAT TGC AAG CAA GAA 	(DMT ON) 	\"CUSTOMER\" 	#= 42
B8 	VibriophageN4_F3-18 	CCA AGG ATA ACG CAA TCA ATA CGC TTC TGT TCT TGC TTG CAA TAC TCT GA 	(DMT ON) 	\"CUSTOMER\" 	#= 50
C8 	VibriophageN4_F3-19 	GTA TTG ATT GCG TTA TCC TTG GCA CTC ATC GCA TGG CGT TAA CCA TTA AC 	(DMT ON) 	\"CUSTOMER\" 	#= 50
D8 	VibriophageN4_F3-20 	GTT TGT TTT GCA GCG TCA ATC TCT TTC TTA TCG CGG ATG TTA ATG GTT AAC GCC ATG C 	(DMT ON) 	\"CUSTOMER\" 	#= 58
E8 	VibriophageN4_F3-21 	TTG ACG CTG CAA AAC AAA CTT CAG GTA TCG CTC CTA ACT TCG TTC ACA GTA TG 	(DMT ON) 	\"CUSTOMER\" 	#= 53
F8 	VibriophageN4_F3-22 	TGA CTG TCA TTT GTA GGT GAC TCG CGT CCA TAC TGT GAA CGA AGT TAG GA 	(DMT ON) 	\"CUSTOMER\" 	#= 50
G8 	VibriophageN4_F3-23 	GTC ACC TAC AAA TGA CAG TCA ACA AGT GCT TCA AAG TGT ACG GTA TT 	(DMT ON) 	\"CUSTOMER\" 	#= 47
H8 	VibriophageN4_F3-24 	AAC CAA AGC TAT CGT GAA TCA TAG CGA AGG AGT GAA TAC CGT ACA CTT TGA AGC A 	(DMT ON) 	\"CUSTOMER\" 	#= 55
I8 	VibriophageN4_F3-25 	TGA TTC ACG ATA GCT TTG GTT GCC ATG CTG GTT TTG CTT CTA AGA TGT TCC GT 	(DMT ON) 	\"CUSTOMER\" 	#= 53
J8 	VibriophageN4_F3-26 	GTT TCC ACC ATT GTT TCA CGT ACT GCA CGG AAC ATC TTA GAA GCA AA 	(DMT ON) 	\"CUSTOMER\" 	#= 47
K8 	VibriophageN4_F3-27 	CGT GAA ACA ATG GTG GAA ACT TAT GAA GAA CAT GAT GTA ATC CAA GAG T 	(DMT ON) 	\"CUSTOMER\" 	#= 49
L8 	VibriophageN4_F3-28 	AGA TTC GTG AAG TTG TTG CTC AAA CTG ATT GTA GAA CTC TTG GAT TAC ATC ATG TTC T 	(DMT ON) 	\"CUSTOMER\" 	#= 58
M8 	VibriophageN4_F3-29 	AGC AAC AAC TTC ACG AAT CTC AAA TTG AAA AGA TGC CAG TTC TAC 	(DMT ON) 	\"CUSTOMER\" 	#= 45
N8 	VibriophageN4_F3-30 	TCC AAG TTA CCT TTG CGT GGT AGA ACT GGC ATC TTT TCA ATT 	(DMT ON) 	\"CUSTOMER\" 	#= 42
O8 	VibriophageN4_F3-31 	CAC GCA AAG GTA ACT TGG AAC TGA GAG AAA TCC TCA AAT CTC TAT ACA CT 	(DMT ON) 	\"CUSTOMER\" 	#= 50
P8 	VibriophageN4_F3-32 	CCT AAA GTC AAG CGT TGT TAT TAA GAG AAA GTG TAT AGA GAT TTG AGG ATT TCT 	(DMT ON) 	\"CUSTOMER\" 	#= 54
A9 	VibriophageN4_F3-33 	TTA ATA ACA ACG CTT GAC TTT AGG CCA CCT TCG GGT GGT CTT TTT T 	(DMT ON) 	\"CUSTOMER\" 	#= 46
B9 	VibriophageN4_F3-34 	AGT GTG GGT TAA TTC AGA GTA TTA CGG AGG ATA AAA AAG ACC ACC CGA AGG 	(DMT ON) 	\"CUSTOMER\" 	#= 51
C9 	VibriophageN4_F3-35 	AAT ACT CTG AAT TAA CCC ACA CTA TAT ATC GTG CGC GTA TTC C 	(DMT ON) 	\"CUSTOMER\" 	#= 43
D9 	VibriophageN4_F3-36 	GTG TGG GTT AAT TCA GGA GGG AGG CGC TCA GAT ATA AAG GAA TAC GCG CAC GAT ATA T 	(DMT ON) 	\"CUSTOMER\" 	#= 58
E9 	VibriophageN4_F3-37 	CCT CCT GAA TTA ACC CAC ACT ATA GGA ACT AAC ATT CAA CCT TTC TC 	(DMT ON) 	\"CUSTOMER\" 	#= 47
F9 	VibriophageN4_F3-38 	CTT AAA GTT TGT CAT ATT GAT AAT CTC CTA TGT GAT TTG AGA AAG GTT GAA TGT TAG TTC C 	(DMT ON) 	\"CUSTOMER\" 	#= 61
G9 	VibriophageN4_F3-39 	GGA GAT TAT CAA TAT GAC AAA CTT TAA GAT TAA TCC ATT CAA AGC AGT TTC ATT C 	(DMT ON) 	\"CUSTOMER\" 	#= 55
H9 	VibriophageN4_F3-40 	CCT TTT GAA TGG CTG ACT CTT TGA ATG AAA CTG CTT TGA ATG GA 	(DMT ON) 	\"CUSTOMER\" 	#= 44
I9 	VibriophageN4_F3-41 	AGA GTC AGC CAT TCA AAA GGT GAT GGA ACT TGG AGG CGT TAT TGC TGC TGT TAA AT 	(DMT ON) 	\"CUSTOMER\" 	#= 56
J9 	VibriophageN4_F3-42 	CGG TCG GTG TAA TCA CTA AGT GAC AGC GTA GAC CAT CAT ATT TAA CAG CAG CAA TAA CGC 	(DMT ON) 	\"CUSTOMER\" 	#= 60
K9 	VibriophageN4_F3-43 	CTT AGT GAT TAC ACC GAC CGC TGA TAT CCA AGG TAA ACC TGC 	(DMT ON) 	\"CUSTOMER\" 	#= 42
L9 	VibriophageN4_F3-44 	GTA CGG GAT ATA GCG ACC ATG CGA GCA GCA GGT TTA CCT TGG ATA TCA 	(DMT ON) 	\"CUSTOMER\" 	#= 48
M9 	VibriophageN4_F3-45 	TGG TCG CTA TAT CCC GTA CAG ACA AGG CTA TTC CAG CTT TAC GTG AAC TAT TCA TTA GTG CT 	(DMT ON) 	\"CUSTOMER\" 	#= 62
N9 	VibriophageN4_F3-46 	AGC ACT AAT GAA TAG TTC ACG TAA AGC TGG AAT 	(DMT ON) 	\"CUSTOMER\" 	#= 33
O9 	VibriophageN4_F4-1 	TTT ACG TGA ACT ATT CAT TAG TGC TGA GCA CAA GAT TCT CTT AGG GCA ACT ACT GGA AGA A 	(DMT ON) 	\"CUSTOMER\" 	#= 61
P9 	VibriophageN4_F4-2 	ACC ATC AAT CAC CAG ACC TTC AGG ATA CAG CGA TTC TTC CAG TAG TTG CCC T 	(DMT ON) 	\"CUSTOMER\" 	#= 52
A10 	VibriophageN4_F4-3 	AGG TCT GGT GAT TGA TGG TGA AGT GAT GGT CAA AGG CG 	(DMT ON) 	\"CUSTOMER\" 	#= 38
B10 	VibriophageN4_F4-4 	TTT ACG ACG AAG CAT ACC GGA GCC AGT GTT GAA GTC CAC GCC TTT GAC CAT CAC TTC 	(DMT ON) 	\"CUSTOMER\" 	#= 57
C10 	VibriophageN4_F4-5 	CGG TAT GCT TCG TCG TAA AGA AGC TAT CCA CGT TAG CAA GTT AGC ATA CAA GGT 	(DMT ON) 	\"CUSTOMER\" 	#= 54
D10 	VibriophageN4_F4-6 	TGA AGC TTT GAG AGC GTT TAA AGG TAA CAC TCC GTA GAC CTT GTA TGC TAA CTT GCT AA 	(DMT ON) 	\"CUSTOMER\" 	#= 59
E10 	VibriophageN4_F4-7 	AAA CGC TCT CAA AGC TTC ACC GGA CGC TGA AAT AGA AG 	(DMT ON) 	\"CUSTOMER\" 	#= 38
F10 	VibriophageN4_F4-8 	AAC TTG CTC ATA CAT AAC ACA ATA AGG AAC TTC TAT TTC AGC GTC CGG 	(DMT ON) 	\"CUSTOMER\" 	#= 48
G10 	VibriophageN4_F4-9 	TTA TTG TGT TAT GTA TGA GCA AGT TAA AGT CCT TAT GCA TCA ACT GTG G 	(DMT ON) 	\"CUSTOMER\" 	#= 49
H10 	VibriophageN4_F4-10 	ATC CAT TTC TGG CAG AAG CTC CCA CAG TTG ATG CAT AAG GA 	(DMT ON) 	\"CUSTOMER\" 	#= 41
I10 	VibriophageN4_F4-11 	GCT TCT GCC AGA AAT GGA TTG GAA GCA GGA AGA GAC CTA CGA GGT GTA CGA T 	(DMT ON) 	\"CUSTOMER\" 	#= 52
J10 	VibriophageN4_F4-12 	CTT CTT AAA GAG TTC TTC AAG GCT TGC CAT ATC GTA CAC CTC GTA GGT C 	(DMT ON) 	\"CUSTOMER\" 	#= 49
K10 	VibriophageN4_F4-13 	GCC TTG AAG AAC TCT TTA AGA AGG TTC GTG CAG AAG GTC ATG AAG GTC TCA 	(DMT ON) 	\"CUSTOMER\" 	#= 51
L10 	VibriophageN4_F4-14 	TCC AGT TAG TCA TTG GGT CTT TGA TAA TGA GAC CTT CAT GAC CTT CT 	(DMT ON) 	\"CUSTOMER\" 	#= 47
M10 	VibriophageN4_F4-15 	AGA CCC AAT GAC TAA CTG GAA GCG AGG CAA GAA GAC TGG CTA CTG GAA GAT 	(DMT ON) 	\"CUSTOMER\" 	#= 51
N10 	VibriophageN4_F4-16 	AGT ACC ATC AAT TTC ACC TTC AGG TTT CAT CTT CCA GTA GCC AGT CTT 	(DMT ON) 	\"CUSTOMER\" 	#= 48
O10 	VibriophageN4_F4-17 	TGA AGG TGA AAT TGA TGG TAC TGT GGT CGG TGT CAA TTG GGG AAC TGT AGG 	(DMT ON) 	\"CUSTOMER\" 	#= 51
P10 	VibriophageN4_F4-18 	CCT TAC CTT CAT TGG CCA GAC CTA CAG TTC CCC AAT TGA C 	(DMT ON) 	\"CUSTOMER\" 	#= 40
A11 	VibriophageN4_F4-19 	CTG GCC AAT GAA GGT AAG GTA ATC GGC TTC CAA GTT CTC TTA GAG AA 	(DMT ON) 	\"CUSTOMER\" 	#= 47
B11 	VibriophageN4_F4-20 	ATA CCG TTA GCA TCA ACA ACA ACG CCA TTC TCT AAG AGA ACT TGG AAG C 	(DMT ON) 	\"CUSTOMER\" 	#= 49
C11 	VibriophageN4_F4-21 	TGT TGT TGA TGC TAA CGG TAT TAC CCA AGA GCA AAT GGA AGA GT 	(DMT ON) 	\"CUSTOMER\" 	#= 44
D11 	VibriophageN4_F4-22 	AGT GAT ACT GTC CAT ATC CTT TAA TAG AAT TGG TGT ACT CTT CCA TTT GCT CTT GG 	(DMT ON) 	\"CUSTOMER\" 	#= 56
E11 	VibriophageN4_F4-23 	ATT AAA GGA TAT GGA CAG TAT CAC TAC TGT GAC CAA TAT ACT GCT GAA GAA GCC GTT TTC CA 	(DMT ON) 	\"CUSTOMER\" 	#= 62
F11 	VibriophageN4_F4-24 	TTT CCA TGT ACT TAA CTT GAA CTG GAC GAC CGT GGA AAA CGG CTT CTT CAG 	(DMT ON) 	\"CUSTOMER\" 	#= 51
G11 	VibriophageN4_F4-25 	CAG TTC AAG TTA AGT ACA TGG AAA AGA CTC CTA AAG GTT CAT TAC GT 	(DMT ON) 	\"CUSTOMER\" 	#= 47
H11 	VibriophageN4_F4-26 	CGC CAA CGT TGA AAT GAT GGA TGA CGT AAT GAA CCT TTA GGA GTC 	(DMT ON) 	\"CUSTOMER\" 	#= 45
I11 	VibriophageN4_F4-27 	CAT CAT TTC AAC GTT GGC GTG ACC TTG AAG GAG CTG AAG GAG T 	(DMT ON) 	\"CUSTOMER\" 	#= 43
J11 	VibriophageN4_F4-28 	AGA ATA CTA ATA CTG GAA TCA TGC TTT CAC TCC TTC AGC TCC TTC AA 	(DMT ON) 	\"CUSTOMER\" 	#= 47
K11 	VibriophageN4_F4-29 	AGC ATG ATT CCA GTA TTA GTA TTC TTT ATA TTC CTA TCA TAT TGT GTC TTC G 	(DMT ON) 	\"CUSTOMER\" 	#= 52
L11 	VibriophageN4_F4-30 	ATT ACC ACA GAA CGG ACA ACG GCG TTC ACC AGT CAT AAC GAA GAC ACA ATA TGA TAG GAA TAT AA 	(DMT ON) 	\"CUSTOMER\" 	#= 65
M11 	VibriophageN4_F4-31 	GTT GTC CGT TCT GTG GTA ATC CAG TAT CTA AGT GTG ATT GCC CTT ATG GGG AAC 	(DMT ON) 	\"CUSTOMER\" 	#= 54
N11 	VibriophageN4_F4-32 	TGG TTC CTA TAG TGT GGG TTA ATT AAG TTC CCC ATA AGG GCA ATC 	(DMT ON) 	\"CUSTOMER\" 	#= 45
O11 	VibriophageN4_F4-33 	AAC CCA CAC TAT AGG AAC CAC TGT TCG TTC TAA CTT AAT TAA CCC ACA CTA TTG GGA A 	(DMT ON) 	\"CUSTOMER\" 	#= 58
P11 	VibriophageN4_F4-34 	AGA TAT CTT ATA GTC TTC CCT TAT CGT CTC TTT CTT CCC AAT AGT GTG GGT TAA TT 	(DMT ON) 	\"CUSTOMER\" 	#= 56
A12 	VibriophageN4_F4-35 	CGA TAA GGG AAG ACT ATA AGA TAT CTT TAA GAT TTA TCT TTA AGT CTT CTC TTT AAG TCT CCT 	(DMT ON) 	\"CUSTOMER\" 	#= 63
B12 	VibriophageN4_F4-36 	ATC TCC AAT GAT AAA TCT TAA AGA TGA GAC TTA AAG AGG AGA CTT AAA GAG AAG ACT TAA A 	(DMT ON) 	\"CUSTOMER\" 	#= 61
C12 	VibriophageN4_F4-37 	TCA TCT TTA AGA TTT ATC ATT GGA GAT TAT TAT CAT GAA TCC TTG TTG TGA AGC TAA GGT 	(DMT ON) 	\"CUSTOMER\" 	#= 60
D12 	VibriophageN4_F4-38 	CGT CAA TTG TCT TAT ACA GTT GAA GTA CCT TAG CTT CAC AAC AAG G 	(DMT ON) 	\"CUSTOMER\" 	#= 46
E12 	VibriophageN4_F4-39 	TTC AAC TGT ATA AGA CAA TTG ACG AGA AGA ATA AAC ACT TAG AGG AGC TGC AAG ACT TAA AC 	(DMT ON) 	\"CUSTOMER\" 	#= 62
F12 	VibriophageN4_F4-40 	CTG TTG CTG AAA GTC AAT CTT AAA GCG CAA CTG ATT GTT TAA GTC TTG CAG CTC CT 	(DMT ON) 	\"CUSTOMER\" 	#= 56
G12 	VibriophageN4_F4-41 	TTA AGA TTG ACT TTC AGC AAC AGC GTA TTA ACC ATC TTA ATG ACA ATC TAC GCG GTA GA 	(DMT ON) 	\"CUSTOMER\" 	#= 59
H12 	VibriophageN4_F4-42 	AAC GGT CAT GAC CAC AAA GAG TCT CAG TTC TAC CGC GTA GAT TGT CA 	(DMT ON) 	\"CUSTOMER\" 	#= 47
I12 	VibriophageN4_F4-43 	CTT TGT GGT CAT GAC CGT TAT TCA ATC AGG GAG ATG GAA TCA GAT TTA AAG C 	(DMT ON) 	\"CUSTOMER\" 	#= 52
J12 	VibriophageN4_F4-44 	ATT CTT GTC TAC TTT GAT TTG TTC ACG AAG ACG CTT TAA ATC TGA TTC CAT CTC C 	(DMT ON) 	\"CUSTOMER\" 	#= 55
K12 	VibriophageN4_F4-45 	TGA ACA AAT CAA AGT AGA CAA GAA TCC ACC TAT TTC ACC GTG GCC TAT C 	(DMT ON) 	\"CUSTOMER\" 	#= 49
L12 	VibriophageN4_F4-46 	TTA GAC AGA GTA AGA CAC AAG CGA CGA TAG GCC ACG GTG AAA TAG 	(DMT ON) 	\"CUSTOMER\" 	#= 45
M12 	VibriophageN4_F4-47 	GCT TGT GTC TTA CTC TGT CTA AAC GTT ATT CAA TTC TTT TCA TAG GAG AAA CTA ACA TGC AAG 	(DMT ON) 	\"CUSTOMER\" 	#= 63
N12 	VibriophageN4_F4-48 	ATA GAC TGA TTA CTT GCA TGT TAG TTT CTC CTA TGA AAA 	(DMT ON) 	\"CUSTOMER\" 	#= 39
O12 	VibriophageN4_F5-1 	AAC TAA CAT GCA AGT AAT CAG TCT ATC AGC TCT TTG CCC TCA GTC CGG TAA AGA TAC CCT CG 	(DMT ON) 	\"CUSTOMER\" 	#= 62
P12 	VibriophageN4_F5-2 	CGA ACA TTG ATA CCT TCG ATT GTC TCG ATG AAA TCT GCG AGG GTA TCT TTA CCG GA 	(DMT ON) 	\"CUSTOMER\" 	#= 56
A13 	VibriophageN4_F5-3 	CAA TCG AAG GTA TCA ATG TTC GTC GTA TTG CCT TCG GTG ATG CAT TAC GT 	(DMT ON) 	\"CUSTOMER\" 	#= 50
B13 	VibriophageN4_F5-4 	TTG TAT TGA AAT GGC TAA TAA TCT CAT CAC GTA ATG CAT CAC CGA AG 	(DMT ON) 	\"CUSTOMER\" 	#= 47
C13 	VibriophageN4_F5-5 	TGA GAT TAT TAG CCA TTT CAA TAC AAC TGG TGC TAC ATT CTA TCC TTC AGA CGT CAA GC 	(DMT ON) 	\"CUSTOMER\" 	#= 59
D13 	VibriophageN4_F5-6 	TTT AGC TGG ACG TAA TAA CAT CTG CTT GAC GTC TGA AGG ATA G 	(DMT ON) 	\"CUSTOMER\" 	#= 43
E13 	VibriophageN4_F5-7 	AGA TGT TAT TAC GTC CAG CTA AAG ACG TGG AAC ATG AAG CTT TCT CAA TTA ACA AAC T 	(DMT ON) 	\"CUSTOMER\" 	#= 58
F13 	VibriophageN4_F5-8 	AAG TCA CGA TAA GGA CTA ATA CGA AGT TTG TTA ATT GAG AAA GCT TCA 	(DMT ON) 	\"CUSTOMER\" 	#= 48
G13 	VibriophageN4_F5-9 	CGT ATT AGT CCT TAT CGT GAC TTT ATG AAG GCT TAC GTT AAG TGG AGT CCA G 	(DMT ON) 	\"CUSTOMER\" 	#= 52
H13 	VibriophageN4_F5-10 	ACG TGG TTT GGT GAT TTC TTC TGG ACT CCA CTT AAC GTA AG 	(DMT ON) 	\"CUSTOMER\" 	#= 41
I13 	VibriophageN4_F5-11 	AAG AAA TCA CCA AAC CAC GTT CCC TTC GTT ACC ACT TAC AGC GTT ACG GTA ATG ACT TC 	(DMT ON) 	\"CUSTOMER\" 	#= 59
J13 	VibriophageN4_F5-12 	ACT TGT ACT TCA TGT GGT CTT TGG TGA AGT CAT TAC CGT AAC GCT 	(DMT ON) 	\"CUSTOMER\" 	#= 45
K13 	VibriophageN4_F5-13 	AAA GAC CAC ATG AAG TAC AAG TTA CGA TGG GTC GAT GAA GTT CAA CTA A 	(DMT ON) 	\"CUSTOMER\" 	#= 49
L13 	VibriophageN4_F5-14 	GTC AAC TTG ACC ACG ACT CTT CCA GTC ATC CAG TTT TAG TTG AAC TTC ATC GAC CC 	(DMT ON) 	\"CUSTOMER\" 	#= 56
M13 	VibriophageN4_F5-15 	GAG TCG TGG TCA AGT TGA CTT GGT AGT GGT AAC AGA TAC TCG TGC TCC T 	(DMT ON) 	\"CUSTOMER\" 	#= 49
N13 	VibriophageN4_F5-16 	CTC TTT CTT CAG CAT CTC GAA CTC TTC AGG AGC ACG AGT ATC TGT T 	(DMT ON) 	\"CUSTOMER\" 	#= 46
O13 	VibriophageN4_F5-17 	TTC GAG ATG CTG AAG AAA GAG TTC GAT GCG TCT ACC TTC CTG AT 	(DMT ON) 	\"CUSTOMER\" 	#= 44
P13 	VibriophageN4_F5-18 	TCA TGT TCA GAC ACA GGG AAG CCT TCA CGA CGA ATC AGG AAG GTA GAC GCA T 	(DMT ON) 	\"CUSTOMER\" 	#= 52
A14 	VibriophageN4_F5-19 	TCC CTG TGT CTG AAC ATG AAG TGA AAC GTG TGC CTC ATC CTA TTG AG 	(DMT ON) 	\"CUSTOMER\" 	#= 47
B14 	VibriophageN4_F5-20 	ATC ATA CTT AAA GTT CTT CGC ATA TTC CTC AAT AGG ATG AGG CAC AC 	(DMT ON) 	\"CUSTOMER\" 	#= 47
C14 	VibriophageN4_F5-21 	AAT ATG CGA AGA ACT TTA AGT ATG ATT GGG AGC TAA CTA ATG TGT ATG GCG ATA AGT CCC A 	(DMT ON) 	\"CUSTOMER\" 	#= 61
D14 	VibriophageN4_F5-22 	TGA TGT TCA TGA AGT CAG CTT GCA TAT GGG ACT TAT CGC CAT ACA 	(DMT ON) 	\"CUSTOMER\" 	#= 45
E14 	VibriophageN4_F5-23 	AAG CTG ACT TCA TGA ACA TCA TGA ACA ACT ACA TGT AAT TAA CCC ACA CTA TAG GAA AC 	(DMT ON) 	\"CUSTOMER\" 	#= 59
F14 	VibriophageN4_F5-24 	ACG CAA TAG AGC CTC CTA ATC TTG TTG TTT CCT ATA GTG TGG GTT AAT TAC 	(DMT ON) 	\"CUSTOMER\" 	#= 51
G14 	VibriophageN4_F5-25 	TTA GGA GGC TCT ATT GCG TAA CAA GAA GTA TAT CGT CCA CAT TCA ATT GG 	(DMT ON) 	\"CUSTOMER\" 	#= 50
H14 	VibriophageN4_F5-26 	GAA CTT CCA TCT CAG TGC CCA CCA ATT GAA TGT GGA CGA TAT AC 	(DMT ON) 	\"CUSTOMER\" 	#= 44
I14 	VibriophageN4_F5-27 	GGC ACT GAG ATG GAA GTT CCG GTA TTC GCT GAG GAT ATT GGA CA 	(DMT ON) 	\"CUSTOMER\" 	#= 44
J14 	VibriophageN4_F5-28 	CCT TGA CTC TCA TAA GCT TCT TCA GCC CAT TCA GCA GCT TGT CCA ATA TCC TCA GCG A 	(DMT ON) 	\"CUSTOMER\" 	#= 58
K14 	VibriophageN4_F5-29 	AAG AAG CTT ATG AGA GTC AAG GTT ACA AAG TGA ACC GTA TCC GTG AAG 	(DMT ON) 	\"CUSTOMER\" 	#= 48
L14 	VibriophageN4_F5-30 	TAC TGG TTC CCA ATC ACG AGC TTC ACG GAT ACG GTT CAC 	(DMT ON) 	\"CUSTOMER\" 	#= 39
M14 	VibriophageN4_F5-31 	TCG TGA TTG GGA ACC AGT AGA ATG AGA GAG GCT CGA CTA TGG GTT A 	(DMT ON) 	\"CUSTOMER\" 	#= 46
N14 	VibriophageN4_F5-32 	GTG ATT AAA CCG ATA GCC GTT AAG ATA ACC CAT AGT CGA GCC TC 	(DMT ON) 	\"CUSTOMER\" 	#= 44
O14 	VibriophageN4_F5-33 	ACG GCT ATC GGT TTA ATC ACG TTC GTG ACT TCT ACA GCC T 	(DMT ON) 	\"CUSTOMER\" 	#= 40
P14 	VibriophageN4_F5-34 	AGT ATT CCT ATA GTG TGG GTT AAT TAG AAT ACA TAT AGG CTG TAG AAG TCA CGA A 	(DMT ON) 	\"CUSTOMER\" 	#= 55
A15 	VibriophageN4_F5-35 	AAT TAA CCC ACA CTA TAG GAA TAC TCA AGG TCA TTC GAT AAG AGT GGC CTT TAT GAA TTT CT 	(DMT ON) 	\"CUSTOMER\" 	#= 62
B15 	VibriophageN4_F5-36 	GAA TGA CAT AAG TTT CTC CAA TAG ATT TGA TTG TTA CAT AGA AAT TCA TAA AGG CCA CTC T 	(DMT ON) 	\"CUSTOMER\" 	#= 61
C15 	VibriophageN4_F5-37 	ATC TAT TGG AGA AAC TTA TGT CAT TCG TTA AAA TCA AAT CAA GCA AAC CTC GTC 	(DMT ON) 	\"CUSTOMER\" 	#= 54
D15 	VibriophageN4_F5-38 	GCG TAG TTC TGC AAG TTC TTC ATG GTT ACG ACG AGG TTT GCT TGA TTT G 	(DMT ON) 	\"CUSTOMER\" 	#= 49
E15 	VibriophageN4_F5-39 	AGA ACT TGC AGA ACT ACG CAA AGC AAA ACG TAA AGG CGA AGA CCG TAA GAA GCT G 	(DMT ON) 	\"CUSTOMER\" 	#= 55
F15 	VibriophageN4_F5-40 	TCA TCA CAA ATC ATG TAC TCG TAG TCA CGA CCA CGT TGC AGC TTC TTA CGG TCT TCG 	(DMT ON) 	\"CUSTOMER\" 	#= 57
G15 	VibriophageN4_F5-41 	ACG AGT ACA TGA TTT GTG ATG ACC TTT CCA ACT AAT CAA CAA CCA ATT TAA CC 	(DMT ON) 	\"CUSTOMER\" 	#= 53
H15 	VibriophageN4_F5-42 	TAG GAT TGT GGA AAG ATT TCA TAG GGA ATA TCT CCT TGT ATT GGT TAA ATT GGT TGT TGA TTA GTT GG 	(DMT ON) 	\"CUSTOMER\" 	#= 68
I15 	VibriophageN4_F6-1 	CCT ATG AAA TCT TTC CAC AAT CCT AAA CCA CTT CGT CAA CGT AA 	(DMT ON) 	\"CUSTOMER\" 	#= 44
J15 	VibriophageN4_F6-2 	AGA AGA ATG GTC TTC CCT TTG CGA TTC AAT AGA CGT TTA CGT TGA CGA AGT GGT TT 	(DMT ON) 	\"CUSTOMER\" 	#= 56
K15 	VibriophageN4_F6-3 	CAA AGG GAA GAC CAT TCT TCT AAC CGA ACA AGC AGA AGG TTT ACT GAT GC 	(DMT ON) 	\"CUSTOMER\" 	#= 50
L15 	VibriophageN4_F6-4 	TGA TAG TCC GAG CTT CTT ATT TTC GAG ACG CAT CAG TAA ACC TTC TGC T 	(DMT ON) 	\"CUSTOMER\" 	#= 49
M15 	VibriophageN4_F6-5 	AAA ATA AGA AGC TCG GAC TAT CAA GCG ATA AGT GGC TGT TCA CAG TTC 	(DMT ON) 	\"CUSTOMER\" 	#= 48
N15 	VibriophageN4_F6-6 	AGT GAC CAT CTG CAA AGT TAA TCA GGA CGT TAC CGT CTT GAA CTG TGA ACA GCC ACT T 	(DMT ON) 	\"CUSTOMER\" 	#= 58
O15 	VibriophageN4_F6-7 	TTA ACT TTG CAG ATG GTC ACT GGT GTT CAT CCT ATC ACA ACC ATT 	(DMT ON) 	\"CUSTOMER\" 	#= 45
P15 	VibriophageN4_F6-8 	CGA TAA CCA TAC GTG AAG GTT TAA CTG AGT CAA GCC AAT GGT TGT GAT AGG ATG AAC A 	(DMT ON) 	\"CUSTOMER\" 	#= 58
A16 	VibriophageN4_F6-9 	AAC CTT CAC GTA TGG TTA TCG TTG ATA CTC ACT TTA AGT GCT AAC AGG AGG AAA TC 	(DMT ON) 	\"CUSTOMER\" 	#= 56
B16 	VibriophageN4_F6-10 	TGT TTG ATG TTA GGC ATA GTC ATA ATG ATT TCC TCC TGT TAG CAC TT 	(DMT ON) 	\"CUSTOMER\" 	#= 47
C16 	VibriophageN4_F6-11 	TGA CTA TGC CTA ACA TCA AAC AAG GTG GAT ACC GTA GCA AAC 	(DMT ON) 	\"CUSTOMER\" 	#= 42
D16 	VibriophageN4_F6-12 	GTT CAA GTG GAG GAA ACC ATC AGG TTT GCT ACG GTA TCC ACC 	(DMT ON) 	\"CUSTOMER\" 	#= 42
E16 	VibriophageN4_F6-13 	ATG GTT TCC TCC ACT TGA ACA ACT TTG CAC ACT CTA TGA AGT CTG GTA TGG CTG 	(DMT ON) 	\"CUSTOMER\" 	#= 54
F16 	VibriophageN4_F6-14 	TTG CGA GTT AAG ATA CGC TCA TAG ATT GCA CCA GCC ATA CCA GAC TTC ATA G 	(DMT ON) 	\"CUSTOMER\" 	#= 52
G16 	VibriophageN4_F6-15 	GAG CGT ATC TTA ACT CGC AAA CAA CAA GAC ACG TTC TGT GAA CTT ATG GTT 	(DMT ON) 	\"CUSTOMER\" 	#= 51
H16 	VibriophageN4_F6-16 	GAG TAG CCA TTT CGC TTG TTG CAA GTT CAA CCA TAA GTT CAC AGA ACG T 	(DMT ON) 	\"CUSTOMER\" 	#= 49
I16 	VibriophageN4_F6-17 	ACA AGC GAA ATG GCT ACT CAA GCA GAG TTC AAG CAG CTT TAT CAC T 	(DMT ON) 	\"CUSTOMER\" 	#= 46
J16 	VibriophageN4_F6-18 	GAA ACG GTA GAC ACC ATG TTT GAA GTG ATA AAG CTG CTT GAA CT 	(DMT ON) 	\"CUSTOMER\" 	#= 44
K16 	VibriophageN4_F6-19 	AAC ATG GTG TCT ACC GTT TCG ACA AAG ACT TCC TGA TTC AAA ACT TCA AGC 	(DMT ON) 	\"CUSTOMER\" 	#= 51
L16 	VibriophageN4_F6-20 	TGA TTA ACT TCA TAT AAC CAT AGA ACA TGC GCT TGA AGT TTT GAA TCA GGA A 	(DMT ON) 	\"CUSTOMER\" 	#= 52
M16 	VibriophageN4_F6-21 	ATG TTC TAT GGT TAT ATG AAG TTA ATC AAC CGG AGT CCT TCT GCT GTG GTC GCT ATG GCT ACT A 	(DMT ON) 	\"CUSTOMER\" 	#= 64
N16 	VibriophageN4_F6-22 	ATA CCA CCA TTC TGA GCC ACA TCA ATC AGC TCA CCT GTA GTA GCC ATA GCG ACC AC 	(DMT ON) 	\"CUSTOMER\" 	#= 56
O16 	VibriophageN4_F6-23 	TGG CTC AGA ATG GTG GTA TCG CTA ACG TTA AGT TCA AAT AAC CCA 	(DMT ON) 	\"CUSTOMER\" 	#= 45
P16 	VibriophageN4_F6-24 	CCA TCG TGT AGA TGA CCT TGA GTT TGT CCC TAT AGT GTG GGT TAT TTG AAC TTA ACG TTA G 	(DMT ON) 	\"CUSTOMER\" 	#= 61
A17 	VibriophageN4_F6-25 	CAA GGT CAT CTA CAC GAT GGC CTT TAT GAT TGT TCT TTT TAA ATC AAC ATT CAC 	(DMT ON) 	\"CUSTOMER\" 	#= 54
B17 	VibriophageN4_F6-26 	GAA ATC TCC AAG TTA ATG TTG AGT AAG TGA ATG TTG ATT TAA AAA GAA CAA TC 	(DMT ON) 	\"CUSTOMER\" 	#= 53
C17 	VibriophageN4_F6-27 	ACT CAA CAT TAA CTT GGA GAT TTC TCT ATG AGA GAT ATT ATT CAT TCA CTT GAA GCT GAG GT 	(DMT ON) 	\"CUSTOMER\" 	#= 62
D17 	VibriophageN4_F6-28 	CTC GAT AGG TGA TAT CGA AAT GAT TGT ACC ATA CCT CAG CTT CAA GTG AAT G 	(DMT ON) 	\"CUSTOMER\" 	#= 52
E17 	VibriophageN4_F6-29 	TCA TTT CGA TAT CAC CTA TCG AGT TCG GCT TTT TGA TAA CCG GAC AGG AGA AGA AT 	(DMT ON) 	\"CUSTOMER\" 	#= 56
F17 	VibriophageN4_F6-30 	TTT TCA GAG AAA ACA CAG GGT ATT TAA AGA AGT ATT CTT CTC CTG TCC GGT T 	(DMT ON) 	\"CUSTOMER\" 	#= 52
G17 	VibriophageN4_F6-31 	ACC CTG TGT TTT CTC TGA AAA CTT CGG AAG ATG CTA TGG ATA A 	(DMT ON) 	\"CUSTOMER\" 	#= 43
H17 	VibriophageN4_F6-32 	TTC CCC ATT GTG AAG CAA GGT CTT GAT ATG CTT TAT CCA TAG CAT CTT CCG AAG 	(DMT ON) 	\"CUSTOMER\" 	#= 54
I17 	VibriophageN4_F6-33 	CTT GCT TCA CAA TGG GGA ACA ATC CTA TGA GTT ATG AAT ATG AAG ACC GTG AGG AG 	(DMT ON) 	\"CUSTOMER\" 	#= 56
J17 	VibriophageN4_F6-34 	GTT CTC ACA GGG TAG GTG ATA GAG GAA GAT AGA CTC CTC ACG GTC TTC ATA TTC 	(DMT ON) 	\"CUSTOMER\" 	#= 54
K17 	VibriophageN4_F6-35 	TCA CCT ACC CTG TGA GAA CTG TGG GTC TTC TGA TGC AAA CTC TAT GTT C 	(DMT ON) 	\"CUSTOMER\" 	#= 49
L17 	VibriophageN4_F6-36 	AGA CAT AGC AGA AAG TGT GTC CAT CAG AGA ACA TAG AGT TTG CAT CAG AAG 	(DMT ON) 	\"CUSTOMER\" 	#= 51
M17 	VibriophageN4_F6-37 	GAC ACA CTT TCT GCT ATG TCT GTG AGA AGT ATG TTC CTC CAA GTG GAG T 	(DMT ON) 	\"CUSTOMER\" 	#= 49
N17 	VibriophageN4_F6-38 	GTT GTA AGA GTT TGT CTG TTC GAC TCC ACT TGG AGG AAC AT 	(DMT ON) 	\"CUSTOMER\" 	#= 41
O17 	VibriophageN4_F6-39 	CGA ACA GAC AAA CTC TTA CAA CAC AAC AGG AGG TAA AAA GAA AAT GTC CAA 	(DMT ON) 	\"CUSTOMER\" 	#= 51
P17 	VibriophageN4_F6-40 	ATA TCC TCC ATT AAG TTC CTG CAT AGA GTA AAC GTT GGA CAT TTT CTT TTT ACC TCC 	(DMT ON) 	\"CUSTOMER\" 	#= 57
A18 	VibriophageN4_F6-41 	GCA GGA ACT TAA TGG AGG ATA TCA AGC GTT AAA CGC TCG TGG TAT 	(DMT ON) 	\"CUSTOMER\" 	#= 45
B18 	VibriophageN4_F6-42 	CCC AAT ACC CAT ACT TTC GGC AGG TAT CTT CGG TGA TAC CAC GAG CGT TTA ACG 	(DMT ON) 	\"CUSTOMER\" 	#= 54
C18 	VibriophageN4_F6-43 	CCG AAA GTA TGG GTA TTG GGT CGG TAA AGA CCA GAA GGT TAC TTA TCA G 	(DMT ON) 	\"CUSTOMER\" 	#= 49
D18 	VibriophageN4_F6-44 	AGC GTA CCT GTT TCA TCA TAA TAG TTC GCA ATC TGA TAA GTA ACC TTC TGG TCT T 	(DMT ON) 	\"CUSTOMER\" 	#= 55
E18 	VibriophageN4_F6-45 	ATT ATG ATG AAA CAG GTA CGC TTG TCT TCC AGA AAC TTC GTG 	(DMT ON) 	\"CUSTOMER\" 	#= 42
F18 	VibriophageN4_F6-46 	CTT ACC GCG AGT CTT GAA GTT CTT ATC CTT ATC ACG AAG TTT CTG GAA GAC A 	(DMT ON) 	\"CUSTOMER\" 	#= 52
G18 	VibriophageN4_F6-47 	CTT CAA GAC TCG CGG TAA GTC CAG TGA CTC TTT GAT GTT CGG TAA GAA TCT TTG 	(DMT ON) 	\"CUSTOMER\" 	#= 54
H18 	VibriophageN4_F6-48 	CAA AGA TTC TTA CCG AAC ATC AAA GAG TCA CTG GA 	(DMT ON) 	\"CUSTOMER\" 	#= 35
I18 	VibriophageN4_F7-1 	CTT TGA TGT TCG GTA AGA ATC TTT GGA ATG GTG GTC GCA AGT TGA TTA 	(DMT ON) 	\"CUSTOMER\" 	#= 48
J18 	VibriophageN4_F7-2 	CAA CGG TTA GAC AGT CAA TTT CAC CCT CAG TGA TAA TCA ACT TGC GAC CAC C 	(DMT ON) 	\"CUSTOMER\" 	#= 52
K18 	VibriophageN4_F7-3 	GAA ATT GAC TGT CTA ACC GTT GCA CAG ATT CAA GGG TGT AAG T 	(DMT ON) 	\"CUSTOMER\" 	#= 43
L18 	VibriophageN4_F7-4 	AAC GGA ATG GAA ACT ACT GGA TAC TTA CAC CCT TGA ATC TGT G 	(DMT ON) 	\"CUSTOMER\" 	#= 43
M18 	VibriophageN4_F7-5 	CCA GTA GTT TCC ATT CCG TTG GGA GCT AAA GCC GCA AAG AAA 	(DMT ON) 	\"CUSTOMER\" 	#= 42
N18 	VibriophageN4_F7-6 	CGA ATT GCT CAA AGT AGT CAA GAT TCG CAG CAA TGC ATT TCT TTG CGG CTT TAG CT 	(DMT ON) 	\"CUSTOMER\" 	#= 56
O18 	VibriophageN4_F7-7 	CTT GAC TAC TTT GAG CAA TTC GAG GAG ATT ATC CTC ATG TTC GAC CAA GAT GAT GCT GGT C 	(DMT ON) 	\"CUSTOMER\" 	#= 61
P18 	VibriophageN4_F7-8 	ATA ATC TCA GCG CAC TCT TGA GCA GCA GCA CGA CCA GCA TCA TCT TGG TC 	(DMT ON) 	\"CUSTOMER\" 	#= 50
A19 	VibriophageN4_F7-9 	CAA GAG TGC GCT GAG ATT ATG CCT ATG GGT AAG ACC AAG ATT GCT GTG CTT CCT 	(DMT ON) 	\"CUSTOMER\" 	#= 54
B19 	VibriophageN4_F7-10 	AAA CAC TCA TTG GCA TCC TTG AGA GGA AGC ACA GCA ATC TTG 	(DMT ON) 	\"CUSTOMER\" 	#= 42
C19 	VibriophageN4_F7-11 	AAG GAT GCC AAT GAG TGT TTA CTT GCT GGT AAG ACT AAG GAA GTC ATT 	(DMT ON) 	\"CUSTOMER\" 	#= 48
D19 	VibriophageN4_F7-12 	CCA TCA GGA ACG AAT GGA GCA GCA TTC CAG ATT GCA TCA ATG ACT TCC TTA GTC TTA CCA G 	(DMT ON) 	\"CUSTOMER\" 	#= 61
E19 	VibriophageN4_F7-13 	CTC CAT TCG TTC CTG ATG GTG TCG TTA ATG CTG CTT CTA TGA AG 	(DMT ON) 	\"CUSTOMER\" 	#= 44
F19 	VibriophageN4_F7-14 	CAT GTT CTT CAG GAA CTC CTT AAC GCG AGT CTT CAT AGA AGC AGC ATT AAC G 	(DMT ON) 	\"CUSTOMER\" 	#= 52
G19 	VibriophageN4_F7-15 	AAG GAG TTC CTG AAG AAC ATG GAG ACA GAT GGG TTC CTA TTT GGT AA 	(DMT ON) 	\"CUSTOMER\" 	#= 47
H19 	VibriophageN4_F7-16 	AGC ACC TAA AGT CAT ATC GTT TAG ACG CTT GAA GTT ACC AAA TAG GAA CCC ATC TG 	(DMT ON) 	\"CUSTOMER\" 	#= 56
I19 	VibriophageN4_F7-17 	AAA CGA TAT GAC TTT AGG TGC TCG CGG AGG TGA AGT CGT TAT GAT TAC TT 	(DMT ON) 	\"CUSTOMER\" 	#= 50
J19 	VibriophageN4_F7-18 	GAT TTA CCC ATA CCG GAA CCT GAA GTA ATC ATA ACG ACT TCA CCT 	(DMT ON) 	\"CUSTOMER\" 	#= 45
K19 	VibriophageN4_F7-19 	GGT TCC GGT ATG GGT AAA TCA ACC TTT GCT CGA CAA CTG 	(DMT ON) 	\"CUSTOMER\" 	#= 39
L19 	VibriophageN4_F7-20 	ACA AAT ACC AAC AGG CAT GTT AGC TTG CCA CTG AAG GAA CAG TTG TCG AGC AAA GGT T 	(DMT ON) 	\"CUSTOMER\" 	#= 58
M19 	VibriophageN4_F7-21 	ACA TGC CTG TTG GTA TTT GTG CTC TCG AAG AAG CAG TAG AAG 	(DMT ON) 	\"CUSTOMER\" 	#= 42
N19 	VibriophageN4_F7-22 	CAG TCC GAG CAT ATC AAG CAC AGT CTC TTC TAC TGC TTC TTC GAG AG 	(DMT ON) 	\"CUSTOMER\" 	#= 47
O19 	VibriophageN4_F7-23 	GCT TGA TAT GCT CGG ACT GGC CAA CTC TGT ACG ATT ACG CCA AA 	(DMT ON) 	\"CUSTOMER\" 	#= 44
P19 	VibriophageN4_F7-24 	ACG TAC CAT CCT CAA TCC ATT GGG CTT GAA GCT CCT TGC TTT GGC GTA ATC GTA CAG AG 	(DMT ON) 	\"CUSTOMER\" 	#= 59
A20 	VibriophageN4_F7-25 	TGG ATT GAG GAT GGT ACG TTC GAT AAG AAC TAT GAT GCT CTG TTC G 	(DMT ON) 	\"CUSTOMER\" 	#= 46
B20 	VibriophageN4_F7-26 	AGG AGT CAT AGA GAT TCA AGT TAC CGC TAT CGA ACA GAG CAT CAT AGT TCT 	(DMT ON) 	\"CUSTOMER\" 	#= 51
C20 	VibriophageN4_F7-27 	GTA ACT TGA ATC TCT ATG ACT CCT TTG CGG AAT CTG AGT CAG ACC GTT TGT TAT 	(DMT ON) 	\"CUSTOMER\" 	#= 54
D20 	VibriophageN4_F7-28 	ATC AAC CAT GTA AGC CAT TTT GGA TAA CAA ACG GTC TGA CTC AG 	(DMT ON) 	\"CUSTOMER\" 	#= 44
E20 	VibriophageN4_F7-29 	CAA AAT GGC TTA CAT GGT TGA TGG TCT TGG TTG TCG AGC TAT CTT GCT TGA CC 	(DMT ON) 	\"CUSTOMER\" 	#= 53
F20 	VibriophageN4_F7-30 	GCT GAC ACT ACG ATT GAG ATA TGG TCA AGC AAG ATA GCT CG 	(DMT ON) 	\"CUSTOMER\" 	#= 41
G20 	VibriophageN4_F7-31 	ATA TCT CAA TCG TAG TGT CAG CTA TGG ATG ATA ACT CAG ATG AAC GTA AAA TCA TTG A 	(DMT ON) 	\"CUSTOMER\" 	#= 58
H20 	VibriophageN4_F7-32 	AGC GAA TGC CTT GAG TTT TGT CAT TAA GCG GTC AAT GAT TTT ACG TTC ATC TGA G 	(DMT ON) 	\"CUSTOMER\" 	#= 55
I20 	VibriophageN4_F7-33 	AAA ACT CAA GGC ATT CGC TAA GTC TAA AGG CGT AGT GGT AGC T 	(DMT ON) 	\"CUSTOMER\" 	#= 43
J20 	VibriophageN4_F7-34 	CTC AGG GTT CTT CAA GTG ACA AAT TAC AGC TAC CAC TAC GCC TTT A 	(DMT ON) 	\"CUSTOMER\" 	#= 46
K20 	VibriophageN4_F7-35 	GTC ACT TGA AGA ACC CTG AGA AGG GTA AGC CTC ATG AAG AGG GAC GAC CAG TAA 	(DMT ON) 	\"CUSTOMER\" 	#= 54
L20 	VibriophageN4_F7-36 	ACC ACG AAG GTC TGT GAT AGT TAC TGG TCG TCC CTC TTC 	(DMT ON) 	\"CUSTOMER\" 	#= 39
M20 	VibriophageN4_F7-37 	TAT CAC AGA CCT TCG TGG TTC TGG TGC GTT ACG TCA ACT ATC AGA TAC CAT T 	(DMT ON) 	\"CUSTOMER\" 	#= 52
N20 	VibriophageN4_F7-38 	TGG TTT CGT TCA AGT GCA ATA ATG GTA TCT GAT AGT TGA CGT AA 	(DMT ON) 	\"CUSTOMER\" 	#= 44
O20 	VibriophageN4_F7-39 	TTG CAC TTG AAC GAA ACC AAC AAG GTG AAG ACC CGA ATA TGG TTC GAG TTC GT 	(DMT ON) 	\"CUSTOMER\" 	#= 53
P20 	VibriophageN4_F7-40 	ACC AGT CTC ACC AGT GAA TCG ACA TTT CAA GAT ACG AAC TCG AAC CAT ATT CG 	(DMT ON) 	\"CUSTOMER\" 	#= 53
A21 	VibriophageN4_F7-41 	ATT CAC TGG TGA GAC TGG TGT TGC ATG TTA CCT GAA GTT TGA CCG 	(DMT ON) 	\"CUSTOMER\" 	#= 45
B21 	VibriophageN4_F7-42 	TAG TTC AAC CAG CCT GTC TGA CGG TCA AAC TTC AGG TAA CA 	(DMT ON) 	\"CUSTOMER\" 	#= 41
C21 	VibriophageN4_F7-43 	AGA CAG GCT GGT TGA ACT ATC AAG GTG ATT GCT TCG AC 	(DMT ON) 	\"CUSTOMER\" 	#= 38
D21 	VibriophageN4_F7-44 	AAA GTA TCT TCA CCT TCA GTG GGC GAC AAG TCA TCC TCG TCG AAG CAA TCA CCT TGA 	(DMT ON) 	\"CUSTOMER\" 	#= 57
E21 	VibriophageN4_F7-45 	CCA CTG AAG GTG AAG ATA CTT TCG GTA CTG ACG ATT CGT TCT AAC CTA ACT TAA TT 	(DMT ON) 	\"CUSTOMER\" 	#= 56
F21 	VibriophageN4_F7-46 	TTG GAA GTA GCC CTA TAG TGT GGG TTA ATT AAG TTA GGT TAG AAC GAA TCG 	(DMT ON) 	\"CUSTOMER\" 	#= 51
G21 	VibriophageN4_F7-47 	ACA CTA TAG GGC TAC TTC CAA CAA CCA CAT AAG GAG AAA CAT TAT GTC TAT CTT 	(DMT ON) 	\"CUSTOMER\" 	#= 54
H21 	VibriophageN4_F7-48 	TGC TTT TAG AAA GAC TTT AAG AAC ACG AGT TAA GAT AGA CAT AAT GTT TCT CCT TAT G 	(DMT ON) 	\"CUSTOMER\" 	#= 58
I21 	VibriophageN4_F7-49 	TGT TCT TAA AGT CTT TCT AAA AGC AAC CGT GAA GGC TAT CGT TAA AGA TGC AGC TAA AGG TCA T 	(DMT ON) 	\"CUSTOMER\" 	#= 64
J21 	VibriophageN4_F7-50 	TTT CTT ATT GAC TTG AAG CTT CTC TAC TTT ACG ATG ACC TTT AGC TGC ATC TTT 	(DMT ON) 	\"CUSTOMER\" 	#= 54
K21 	VibriophageN4_F8-1 	AGA GAA GCT TCA AGT CAA TAA GAA AGT CAA ACA GAT TGA CAA GAA GTT CGT 	(DMT ON) 	\"CUSTOMER\" 	#= 51
L21 	VibriophageN4_F8-2 	CTT TAG CAC GTA GAC GAG CAC GTT CAG CGA CGA ACT TCT TGT CAA TCT GT 	(DMT ON) 	\"CUSTOMER\" 	#= 50
M21 	VibriophageN4_F8-3 	GCT CGT CTA CGT GCT AAA GCT GAA CAG TAT CAG AAA CGT GCT AT 	(DMT ON) 	\"CUSTOMER\" 	#= 44
N21 	VibriophageN4_F8-4 	TTC TTA GCT GCT TCA GCT TCA GCA TGA GTC TGG ATA GCA CGT TTC TGA TAC TGT T 	(DMT ON) 	\"CUSTOMER\" 	#= 55
O21 	VibriophageN4_F8-5 	GAA GCT GAA GCA GCT AAG AAA GCT CTA CGT GAG AAA GCT AAC GCA CT 	(DMT ON) 	\"CUSTOMER\" 	#= 47
P21 	VibriophageN4_F8-6 	ACG TGA TTG AAC AGC TTC ATT GTG AAG TGC GTT AGC TTT CTC AC 	(DMT ON) 	\"CUSTOMER\" 	#= 44
A22 	VibriophageN4_F8-7 	ATG AAG CTG TTC AAT CAC GTC AAC TGG CAG ACA AAC TTG AAG G 	(DMT ON) 	\"CUSTOMER\" 	#= 43
B22 	VibriophageN4_F8-8 	CCC TTT AGT GTA ACT CTG AGA TTA CTT CAG CAG ACC TTC AAG TTT GTC TGC CA 	(DMT ON) 	\"CUSTOMER\" 	#= 53
C22 	VibriophageN4_F8-9 	AAT CTC AGA GTT ACA CTA AAG GGC ATC CGT TGG GTG CTC TTT GTT A 	(DMT ON) 	\"CUSTOMER\" 	#= 46
D22 	VibriophageN4_F8-10 	CCT ATT GTT TAC ATG TGG TTT ACA AAG TTA ATA ACA AAG AGC ACC CAA CG 	(DMT ON) 	\"CUSTOMER\" 	#= 50
E22 	VibriophageN4_F8-11 	TGT AAA CCA CAT GTA AAC AAT AGG AGA ATA CTC TAT GAC TAT TAC ACC AGA CTT G 	(DMT ON) 	\"CUSTOMER\" 	#= 55
F22 	VibriophageN4_F8-12 	GCA TCA AGT TTA GCT GCA AGT TTA CGA AGC AAG TCT GGT GTA ATA GTC ATA GA 	(DMT ON) 	\"CUSTOMER\" 	#= 53
G22 	VibriophageN4_F8-13 	CTT GCA GCT AAA CTT GAT GCT GCT CAA GCA GAA GTC GCT AAT 	(DMT ON) 	\"CUSTOMER\" 	#= 42
H22 	VibriophageN4_F8-14 	CGA GGG CTT CTT TCA GTT CAT TAG CGA CTT CTG CTT GAG 	(DMT ON) 	\"CUSTOMER\" 	#= 39
I22 	VibriophageN4_F8-15 	GAA CTG AAA GAA GCC CTC GGC ATG TGC GAA CCT AAA GTT ACT CGC GTA TCT ATT CC 	(DMT ON) 	\"CUSTOMER\" 	#= 56
J22 	VibriophageN4_F8-16 	GAG TGT GGA TAT CCG ATA CTT CAC GTT TAC CAA CTA CAG GAA TAG ATA CGC GAG TAA CTT 	(DMT ON) 	\"CUSTOMER\" 	#= 60
K22 	VibriophageN4_F8-17 	GAA GTA TCG GAT ATC CAC ACT CGT CCA CAA CGA ACA GAA CTT GCT ATG A 	(DMT ON) 	\"CUSTOMER\" 	#= 49
L22 	VibriophageN4_F8-18 	CTG TCA TGT TAG CTT CTA CCC AAC GTT TCA TAG CAA GTT CTG TTC GTT 	(DMT ON) 	\"CUSTOMER\" 	#= 48
M22 	VibriophageN4_F8-19 	GGG TAG AAG CTA ACA TGA CAG ACG AAG AAC GTA CAC AGC AA 	(DMT ON) 	\"CUSTOMER\" 	#= 41
N22 	VibriophageN4_F8-20 	TCG GTG AGT CAC ACC TTT AGT TGC CTT CTT GCG ACG AGC TTG CTG TGT ACG TTC TTC G 	(DMT ON) 	\"CUSTOMER\" 	#= 58
O22 	VibriophageN4_F8-21 	TAA AGG TGT GAC TCA CCG AAT CAC CAA AGA AAT TAA TCA TCC TCG CTA TGA ACA CCT 	(DMT ON) 	\"CUSTOMER\" 	#= 57
P22 	VibriophageN4_F8-22 	TTC ATA CCA GCA CAG AAA CCA GCT TTA CGT AGG TGT TCA TAG CGA GGA T 	(DMT ON) 	\"CUSTOMER\" 	#= 49
A23 	VibriophageN4_F8-23 	GGT TTC TGT GCT GGT ATG AAG TTC CGT ATT GTC TCT CCA C 	(DMT ON) 	\"CUSTOMER\" 	#= 40
B23 	VibriophageN4_F8-24 	AAT ATG CTC TAC GAC AAC TCG GTT TAA GCT GTG TGG AGA GAC AAT ACG GAA C 	(DMT ON) 	\"CUSTOMER\" 	#= 52
C23 	VibriophageN4_F8-25 	CGA GTT GTC GTA GAG CAT ATT CGT TCC GGT AAG CGA GCT ATT ATG TCA ACC A 	(DMT ON) 	\"CUSTOMER\" 	#= 52
D23 	VibriophageN4_F8-26 	TTA GAA TTG ACC ATC AGG AAT AGT CTC CAG TAA TGT GGT TGA CAT AAT AGC TCG C 	(DMT ON) 	\"CUSTOMER\" 	#= 55
E23 	VibriophageN4_F8-27 	ACT ATT CCT GAT GGT CAA TTC TAA ATT ACA AAC TCA ACG AGG ACA CGA TTG TGT TCG TAT 	(DMT ON) 	\"CUSTOMER\" 	#= 60
F23 	VibriophageN4_F8-28 	AAT AGG AGT CAT GCC ACC AGA GAT ACG AAC ACA ATC GTG TCC 	(DMT ON) 	\"CUSTOMER\" 	#= 42
G23 	VibriophageN4_F8-29 	TGG TGG CAT GAC TCC TAT TGT TGT GGA GTC TGT CCA TTT 	(DMT ON) 	\"CUSTOMER\" 	#= 39
H23 	VibriophageN4_F8-30 	GGA CAA TCG CTA AGC CAT TAT CTA AAT GGA CAG ACT CCA CAA C 	(DMT ON) 	\"CUSTOMER\" 	#= 43
I23 	VibriophageN4_F8-31 	AAT GGC TTA GCG ATT GTC CGT ACA GAG AAT AAC GTT ACG TGT ATC GCT G 	(DMT ON) 	\"CUSTOMER\" 	#= 49
J23 	VibriophageN4_F8-32 	TTC CAA ATC CAA GGA TGA ATC TCA GCG ATA CAC GTA ACG TT 	(DMT ON) 	\"CUSTOMER\" 	#= 41
K23 	VibriophageN4_F8-33 	AGA TTC ATC CTT GGA TTT GGA AAA CTA AAG AAG AGA CTG AAG TTT ATC ATC GT 	(DMT ON) 	\"CUSTOMER\" 	#= 53
L23 	VibriophageN4_F8-34 	TCG AAT AGC ATC CCA TTC ATC ACG ATG ATA AAC TTC AGT CTC TT 	(DMT ON) 	\"CUSTOMER\" 	#= 44
M23 	VibriophageN4_F8-35 	GAT GAA TGG GAT GCT ATT CGA GCC TTC CAG TAC ATC CAC TTA GTA CAC TCA A 	(DMT ON) 	\"CUSTOMER\" 	#= 52
N23 	VibriophageN4_F8-36 	ACG ATT GAG TTG ACT CAT GTT TTA TTA CTC CTT TGA GTG TAC TAA GTG GAT GTA C 	(DMT ON) 	\"CUSTOMER\" 	#= 55
O23 	VibriophageN4_F8-37 	AAC ATG AGT CAA CTC AAT CGT AAA CAG TAT AAG AAA GAG TGG CAA TTA A 	(DMT ON) 	\"CUSTOMER\" 	#= 49
P23 	VibriophageN4_F8-38 	TTG AGC GTA AGT AAT TCC GTA ACG ATG TTT TAA TTG CCA CTC TTT CTT ATA CTG 	(DMT ON) 	\"CUSTOMER\" 	#= 54
A24 	VibriophageN4_F8-39 	TTA CGG AAT TAC TTA CGC TCA ATA CCT TGA GTT GAT TGC TAA ATC TAA TTC ACG TTG T 	(DMT ON) 	\"CUSTOMER\" 	#= 58
B24 	VibriophageN4_F8-40 	GCA CTA ATA CTT TGT CAC AGA TAT TAC AAC GTG AAT TAG ATT TAG CAA T 	(DMT ON) 	\"CUSTOMER\" 	#= 49
C24 	VibriophageN4_F8-41 	AAT ATC TGT GAC AAA GTA TTA GTG CCT CAA TCG AGA AAC ACT CAA GAG ACA GTA TGC 	(DMT ON) 	\"CUSTOMER\" 	#= 57
D24 	VibriophageN4_F8-42 	CTC CTG TCT CAT GGC AAT GGT CGA TGC ATA CTG TCT CTT GAG TGT T 	(DMT ON) 	\"CUSTOMER\" 	#= 46
E24 	VibriophageN4_F8-43 	CAT TGC CAT GAG ACA GGA GCA ATT CGC GGA ATC TTG TGT AAT CGT TGT AAT 	(DMT ON) 	\"CUSTOMER\" 	#= 51
F24 	VibriophageN4_F8-44 	TTA TCA CCA AGA ATC CCT ATA GCA ATA TTA CAA CGA TTA CAC AAG ATT CC 	(DMT ON) 	\"CUSTOMER\" 	#= 50
G24 	VibriophageN4_F8-45 	GCT ATA GGG ATT CTT GGT GAT AAC CAT GAA CGT TTG AAA CGC GCA TTA GCT TAC TTG GA 	(DMT ON) 	\"CUSTOMER\" 	#= 59
H24 	VibriophageN4_F8-46 	GGT TTC AAT ATC ACT AAT TAA TAA TTT CAT AAG GTT TCT CCA AGT AAG CTA ATG CGC 	(DMT ON) 	\"CUSTOMER\" 	#= 57
I24 	VibriophageN4_F8-47 	TGA AAT TAT TAA TTA GTG ATA TTG AAA CCA ACG GTC TAC TTG ATA CAG TTG ATA AAT TTC ACT GC 	(DMT ON) 	\"CUSTOMER\" 	#= 65
J24 	VibriophageN4_F8-48 	GCA GTG AAA TTT ATC AAC TGT ATC AAG TAG ACC 	(DMT ON) 	\"CUSTOMER\" 	#= 33
K24 	VibriophageN4_F9-1 	TTG ATA CAG TTG ATA AAT TTC ACT GCT CAT GGA CTG TGG ATT ATT TTA CAG GGG AAT GGA AAG C 	(DMT ON) 	\"CUSTOMER\" 	#= 64
L24 	VibriophageN4_F9-2 	TTT GAT GTA CTG TTC AAA ATC CCA AGG GCG ATA GGC TTT CCA TTC CCC TGT AAA 	(DMT ON) 	\"CUSTOMER\" 	#= 54
M24 	VibriophageN4_F9-3 	GGG ATT TTG AAC AGT ACA TCA AAG ACC TTG AAG CTT GTG CAG 	(DMT ON) 	\"CUSTOMER\" 	#= 42
N24 	VibriophageN4_F9-4 	TGG AAC ACA ATC ACA CCA CCC TCG GCT GCA CAA GCT TCA AGG TC 	(DMT ON) 	\"CUSTOMER\" 	#= 44
O24 	VibriophageN4_F9-5 	GTG GTG TGA TTG TGT TCC ATA ACG GAA TCA AGT ATG ACT ATC CTG CAC TGA AGA 	(DMT ON) 	\"CUSTOMER\" 	#= 54
P24 	VibriophageN4_F9-6 	CTT CCC GAA GTA CAA CTT CTT GAG CTT CTT CAG TGC AGG ATA GTC A 	(DMT ON) 	\"CUSTOMER\" 	#= 46
